# Blender 4.5.1 LTS
# www.blender.org
mtllib solar_panel.mtl
o obj
v -0.415564 -0.240000 0.006000
v -0.421564 -0.240000 0.006000
v -0.415564 -0.240000 -0.000000
v -0.421564 -0.240000 0.000000
v -0.415564 0.240000 0.006000
v -0.415564 0.240000 0.000000
v -0.421564 0.240000 0.006000
v -0.421564 0.240000 0.000000
v -0.781564 -0.240000 0.006000
v -0.787564 -0.240000 0.006000
v -0.781564 -0.240000 0.000000
v -0.787564 -0.240000 0.000000
v -0.781564 0.240000 0.006000
v -0.781564 0.240000 0.000000
v -0.787564 0.240000 0.006000
v -0.787564 0.240000 0.000000
v -1.147564 -0.240000 0.006000
v -1.153564 -0.240000 0.006000
v -1.147564 -0.240000 0.000000
v -1.153564 -0.240000 0.000000
v -1.147564 0.240000 0.006000
v -1.147564 0.240000 0.000000
v -1.153564 0.240000 0.006000
v -1.153564 0.240000 0.000000
v -1.513564 -0.240000 0.006000
v -1.519564 -0.240000 0.006000
v -1.513564 -0.240000 0.000000
v -1.519564 -0.240000 0.000000
v -1.513564 0.240000 0.006000
v -1.513564 0.240000 0.000000
v -1.519564 0.240000 0.006000
v -1.519564 0.240000 0.000000
v -1.879564 -0.240000 0.006000
v -1.885564 -0.240000 0.006000
v -1.879564 -0.240000 0.000000
v -1.885564 -0.240000 0.000000
v -1.879564 0.240000 0.006000
v -1.879564 0.240000 0.000000
v -1.885564 0.240000 0.006000
v -1.885564 0.240000 0.000000
v -0.406904 -0.225000 0.006000
v -0.406904 0.225000 0.006000
v -0.415564 0.240000 0.006000
v -0.415564 -0.240000 0.006000
v -0.029112 0.015109 0.006000
v -0.029872 0.014697 0.006000
v -0.029489 0.014898 0.006000
v -0.028374 0.015558 0.006000
v -0.027659 0.016043 0.006000
v -0.029872 0.007321 0.006000
v -0.029872 -0.014697 0.006000
v -0.029872 -0.007321 0.006000
v -0.028520 -0.015465 0.006000
v -0.029187 -0.015066 0.006000
v -0.028085 -0.015748 0.006000
v -0.027659 -0.016043 0.006000
v -0.406904 -0.225000 -0.000000
v -0.415564 -0.240000 -0.000000
v -0.406904 0.225000 0.000000
v -0.415564 0.240000 0.000000
v -0.029872 0.014697 -0.000000
v -0.029112 0.015109 -0.000000
v -0.029489 0.014898 -0.000000
v -0.028374 0.015558 -0.000000
v -0.027659 0.016043 -0.000000
v -0.029872 0.007321 -0.000000
v -0.029872 -0.007321 -0.000000
v -0.029872 -0.014697 -0.000000
v -0.029187 -0.015066 -0.000000
v -0.028520 -0.015465 -0.000000
v -0.028085 -0.015748 -0.000000
v -0.027659 -0.016043 -0.000000
v -0.027744 -0.016092 0.000097
v -0.027827 -0.016140 0.000198
v -0.027906 -0.016185 0.000302
v -0.027998 -0.016239 0.001341
v -0.028047 -0.016267 0.002383
v -0.028054 -0.016271 0.003284
v -0.028031 -0.016258 0.004067
v -0.027984 -0.016231 0.004849
v -0.027949 -0.016210 0.005274
v -0.027906 -0.016185 0.005698
v -0.027744 -0.016092 0.005903
v -0.027827 -0.016140 0.005802
v -0.027744 0.016092 0.000097
v -0.027827 0.016140 0.000198
v -0.027906 0.016185 0.000302
v -0.027949 0.016210 0.000726
v -0.027984 0.016231 0.001151
v -0.028031 0.016258 0.001933
v -0.028054 0.016271 0.002716
v -0.028047 0.016267 0.003617
v -0.027998 0.016239 0.004659
v -0.027906 0.016185 0.005698
v -0.027744 0.016092 0.005903
v -0.027827 0.016140 0.005802
v -0.020908 -0.021142 0.006385
v -0.023254 -0.019497 0.005992
v -0.023279 -0.019605 0.002187
v -0.024899 -0.018479 0.002649
v -0.024852 -0.018490 0.001859
v -0.023325 -0.019582 0.002813
v -0.026442 -0.017386 0.003823
v -0.026465 -0.017381 0.003405
v -0.022113 -0.020339 0.005630
v -0.023268 -0.019509 0.005751
v -0.023289 -0.019514 0.005495
v -0.024121 -0.019021 0.003526
v -0.025663 -0.017889 0.004685
v -0.023353 -0.019548 0.003983
v -0.023342 -0.019539 0.004455
v -0.023350 -0.019562 0.003441
v -0.026425 -0.017368 0.001577
v -0.022125 -0.020347 0.005385
v -0.023318 -0.019531 0.004925
v -0.026379 -0.017360 0.001021
v -0.025346 -0.018117 0.001374
v -0.025593 -0.017927 0.001139
v -0.021758 -0.020672 0.003800
v -0.019780 -0.021992 0.005674
v -0.018629 -0.022808 0.005634
v -0.018602 -0.022798 0.006200
v -0.018652 -0.022821 0.004899
v -0.021763 -0.020672 0.003550
v -0.020174 -0.021789 0.003064
v -0.020934 -0.021249 0.002211
v -0.024040 -0.019043 0.001446
v -0.020541 -0.021498 0.004749
v -0.024420 -0.018753 0.001093
v -0.022142 -0.020411 0.002851
v -0.017398 -0.023617 0.006858
v 0.000128 -0.036000 0.009000
v -0.006891 -0.031042 0.007970
v -0.013910 -0.026092 0.007006
v -0.020918 -0.021221 0.000993
v -0.010414 -0.028569 0.007041
v -0.003392 -0.033516 0.008164
v -0.026785 -0.017048 0.005221
v -0.024458 -0.018696 0.005314
v -0.026749 -0.017065 0.000693
v -0.026163 -0.017480 0.000656
v -0.024408 -0.018698 0.000290
v -0.015675 -0.024862 0.006475
v -0.013928 -0.026093 0.006663
v -0.016841 -0.024093 0.004983
v -0.015681 -0.024870 0.006175
v -0.013952 -0.026097 0.006033
v -0.013963 -0.026107 0.005402
v -0.017468 -0.023675 0.004003
v -0.016283 -0.024512 0.003037
v -0.017848 -0.023415 0.003522
v -0.017044 -0.023973 0.002074
v -0.018799 -0.022748 0.002366
v -0.017424 -0.023699 0.001609
v -0.019167 -0.022454 0.000957
v -0.020910 -0.021195 0.000386
v -0.015123 -0.025316 0.004183
v -0.013938 -0.026154 0.003153
v -0.017412 -0.023677 0.000589
v -0.015098 -0.025336 0.002002
v -0.013914 -0.026148 0.000901
v -0.012201 -0.027358 0.004633
v -0.010440 -0.028600 0.003783
v -0.010440 -0.028570 0.006162
v -0.012177 -0.027384 0.002276
v -0.010415 -0.028611 0.001318
v -0.008679 -0.029822 0.005336
v -0.006900 -0.031040 0.007766
v -0.006912 -0.031037 0.007391
v -0.006917 -0.031039 0.007015
v -0.008679 -0.029835 0.002853
v -0.005156 -0.032289 0.006132
v -0.003395 -0.033515 0.007961
v -0.003395 -0.033530 0.005169
v -0.008654 -0.029834 0.000281
v -0.010403 -0.028601 0.000086
v -0.006917 -0.031066 0.001843
v -0.006893 -0.031059 -0.000836
v -0.005156 -0.032301 0.003443
v -0.003395 -0.033525 -0.000418
v -0.001633 -0.034761 0.007021
v -0.005156 -0.032295 0.000753
v -0.001633 -0.034766 0.001228
v 0.000128 -0.036000 -0.003000
v -0.003382 -0.033525 -0.001864
v -0.001633 -0.034759 -0.001669
v -0.026182 -0.017446 0.005533
v -0.022653 -0.019918 -0.000103
v -0.013056 -0.026734 0.005849
v -0.016255 -0.024512 0.001270
v -0.016249 -0.024502 0.000743
v -0.015656 -0.024901 0.000196
v -0.013901 -0.026127 -0.000225
v -0.012146 -0.027354 -0.000672
v -0.007798 -0.030451 0.003626
v -0.006037 -0.031677 0.005265
v -0.008636 -0.029813 -0.001647
v -0.018271 -0.023004 -0.000709
v -0.017399 -0.023640 -0.000428
v -0.016086 -0.024569 -0.000497
v -0.015208 -0.025182 -0.000720
v -0.025010 -0.017586 -0.000291
v -0.024628 -0.018045 -0.000248
v -0.024684 -0.018157 -0.000188
v -0.024723 -0.017828 -0.000295
v -0.023154 -0.019251 -0.000336
v -0.023113 -0.019135 -0.000379
v -0.024148 -0.017966 -0.000423
v -0.023806 -0.018253 -0.000432
v -0.023472 -0.018546 -0.000439
v -0.023255 -0.018744 -0.000444
v -0.023070 -0.019023 -0.000420
v -0.023042 -0.018945 -0.000448
v -0.021522 -0.020032 -0.000585
v -0.021819 -0.019312 -0.000664
v -0.020687 -0.020185 -0.000744
v -0.020878 -0.021056 -0.000543
v -0.028296 -0.015530 -0.000089
v -0.026241 -0.017142 -0.000011
v -0.025377 -0.017290 -0.000285
v -0.025550 -0.017803 0.000003
v -0.026282 -0.017195 0.000037
v -0.024738 -0.018273 -0.000127
v -0.027850 -0.015762 -0.000134
v -0.027508 -0.015981 -0.000137
v -0.026561 -0.016725 -0.000097
v -0.025828 -0.016947 -0.000278
v -0.027174 -0.016205 -0.000139
v -0.026957 -0.016358 -0.000140
v -0.026743 -0.016512 -0.000140
v -0.026786 -0.016557 -0.000093
v -0.024392 -0.018639 -0.000122
v -0.023823 -0.018111 -0.000470
v -0.019584 -0.021234 -0.000804
v -0.018425 -0.022091 -0.000917
v -0.018481 -0.022365 -0.000870
v -0.018757 -0.021447 -0.000937
v -0.018402 -0.021901 -0.000945
v -0.017792 -0.022093 -0.001035
v -0.017226 -0.022593 -0.001080
v -0.016117 -0.023755 -0.001158
v -0.016137 -0.023883 -0.001143
v -0.010375 -0.028474 -0.001767
v -0.009148 -0.028735 -0.001933
v -0.006861 -0.030819 -0.002183
v -0.010292 -0.026650 -0.001857
v -0.011457 -0.026932 -0.001680
v -0.010845 -0.024784 -0.001867
v -0.007984 -0.028347 -0.002102
v -0.006819 -0.030387 -0.002199
v -0.006840 -0.030599 -0.002191
v -0.006819 -0.027837 -0.002261
v -0.003356 -0.033264 -0.002593
v -0.026728 -0.017000 0.000152
v -0.026322 -0.017251 0.000086
v -0.027054 -0.016665 0.000118
v -0.027074 -0.016685 0.000143
v -0.027034 -0.016646 0.000093
v -0.028741 -0.015298 -0.000045
v -0.026149 -0.017417 0.000090
v -0.028861 -0.015215 -0.000066
v -0.029084 -0.015102 -0.000044
v -0.026993 -0.016607 0.000044
v -0.027153 -0.016417 -0.000000
v -0.027859 -0.015732 -0.000156
v -0.026848 -0.016300 -0.000226
v -0.026676 -0.016416 -0.000228
v -0.025840 -0.016880 -0.000305
v -0.023832 -0.018040 -0.000488
v -0.024302 -0.017558 -0.000513
v -0.019140 -0.022352 -0.000734
v -0.021516 -0.019080 -0.000778
v -0.017383 -0.023556 -0.000945
v -0.013849 -0.025781 -0.001377
v -0.019503 -0.020345 -0.000953
v -0.018937 -0.020787 -0.000993
v -0.017972 -0.021385 -0.001087
v -0.017187 -0.021256 -0.001231
v -0.015218 -0.023703 -0.001313
v -0.014319 -0.023575 -0.001462
v -0.013765 -0.025190 -0.001432
v -0.013808 -0.025480 -0.001405
v -0.012305 -0.025073 -0.001657
v -0.012582 -0.024213 -0.001668
v -0.009414 -0.026500 -0.001979
v -0.008832 -0.026271 -0.002061
v -0.008530 -0.025438 -0.002125
v -0.005082 -0.031067 -0.002408
v -0.003345 -0.033141 -0.002595
v -0.003345 -0.031678 -0.002611
v -0.005359 -0.027196 -0.002443
v -0.005082 -0.028329 -0.002454
v -0.001609 -0.033779 -0.002800
v -0.027317 -0.016594 0.000227
v -0.027114 -0.016724 0.000194
v -0.027027 -0.016802 0.000196
v -0.029478 -0.014897 -0.000022
v -0.029366 -0.014952 -0.000033
v -0.028865 -0.015205 -0.000077
v -0.028360 -0.015472 -0.000111
v -0.026701 -0.016274 -0.000303
v -0.023523 -0.019275 -0.000216
v -0.023193 -0.019371 -0.000292
v -0.026080 -0.016643 -0.000335
v -0.025845 -0.016847 -0.000319
v -0.025575 -0.016937 -0.000371
v -0.025694 -0.016820 -0.000383
v -0.022645 -0.019884 -0.000322
v -0.021766 -0.020492 -0.000428
v -0.020644 -0.019303 -0.000908
v -0.019201 -0.019998 -0.001057
v -0.016490 -0.022514 -0.001214
v -0.015753 -0.022378 -0.001344
v -0.016030 -0.021666 -0.001367
v -0.014885 -0.022697 -0.001446
v -0.013057 -0.025306 -0.001533
v -0.013174 -0.024731 -0.001552
v -0.012859 -0.023375 -0.001680
v -0.005950 -0.030075 -0.002317
v -0.005082 -0.029698 -0.002431
v -0.004214 -0.029257 -0.002539
v -0.003345 -0.028752 -0.002642
v -0.004201 -0.027444 -0.002565
v -0.002477 -0.031204 -0.002716
v -0.001609 -0.030664 -0.002816
v -0.002615 -0.028322 -0.002723
v 0.000128 -0.029394 -0.003000
v -0.001609 -0.029107 -0.002824
v -0.000740 -0.030061 -0.002911
v -0.029369 -0.014948 -0.000039
v -0.025275 -0.018038 -0.000010
v -0.024836 -0.018345 -0.000063
v -0.027280 -0.016007 -0.000230
v -0.025115 -0.017079 -0.000455
v -0.023672 -0.017785 -0.000605
v -0.023530 -0.017893 -0.000609
v -0.022951 -0.018136 -0.000680
v -0.011698 -0.027630 -0.001608
v -0.009536 -0.024727 -0.002031
v -0.026810 -0.016959 0.000173
v -0.027494 -0.015876 -0.000227
v -0.027783 -0.015741 -0.000190
v -0.027204 -0.016009 -0.000263
v -0.026411 -0.016405 -0.000339
v -0.025619 -0.016804 -0.000415
v -0.019802 -0.021910 -0.000653
v -0.021869 -0.018659 -0.000792
v -0.017610 -0.023450 -0.000912
v -0.019704 -0.019696 -0.001014
v -0.017036 -0.021029 -0.001279
v -0.029475 -0.014892 -0.000038
v -0.028683 -0.015284 -0.000113
v -0.028362 -0.015466 -0.000117
v -0.028827 -0.015215 -0.000095
v -0.028538 -0.015352 -0.000131
v -0.028286 -0.015481 -0.000151
v -0.028142 -0.015548 -0.000169
v -0.027745 -0.015745 -0.000207
v -0.023854 -0.019048 -0.000175
v -0.025870 -0.016668 -0.000395
v -0.022758 -0.019820 -0.000305
v -0.024788 -0.017192 -0.000507
v -0.024536 -0.017330 -0.000527
v -0.023454 -0.017852 -0.000639
v -0.029205 -0.015024 -0.000066
v -0.029079 -0.015087 -0.000075
v -0.029007 -0.015122 -0.000085
v -0.025880 -0.017617 0.000064
v -0.025715 -0.017731 0.000043
v -0.025332 -0.018004 -0.000001
v -0.027871 -0.015680 -0.000197
v -0.027330 -0.015943 -0.000253
v -0.026663 -0.016272 -0.000319
v -0.025996 -0.016601 -0.000385
v -0.022246 -0.018443 -0.000760
v -0.011863 -0.027523 -0.001588
v -0.012330 -0.023298 -0.001754
v -0.026893 -0.016901 0.000183
v -0.029538 -0.014860 -0.000033
v -0.028601 -0.015320 -0.000127
v -0.028267 -0.015484 -0.000160
v -0.027934 -0.015648 -0.000192
v -0.026059 -0.016568 -0.000380
v -0.019884 -0.021855 -0.000643
v -0.018871 -0.022570 -0.000762
v -0.018706 -0.022681 -0.000782
v -0.021101 -0.018996 -0.000877
v -0.017858 -0.023286 -0.000881
v -0.019830 -0.019621 -0.001004
v -0.018559 -0.020246 -0.001130
v -0.029236 -0.015008 -0.000063
v -0.029070 -0.015090 -0.000080
v -0.027965 -0.015632 -0.000190
v -0.023895 -0.019020 -0.000170
v -0.023389 -0.019378 -0.000230
v -0.023306 -0.019434 -0.000240
v -0.022882 -0.019736 -0.000290
v -0.025486 -0.016846 -0.000438
v -0.024851 -0.017158 -0.000502
v -0.024215 -0.017470 -0.000565
v -0.023580 -0.017782 -0.000628
v -0.010486 -0.024196 -0.001938
v -0.024490 0.017426 -0.000506
v -0.024682 0.017285 -0.000503
v -0.025175 0.017304 -0.000347
v -0.024965 0.017548 -0.000320
v -0.024302 0.017570 -0.000509
v -0.025021 0.017655 -0.000260
v -0.023933 0.017864 -0.000515
v -0.023618 0.018271 -0.000478
v -0.023575 0.018165 -0.000520
v -0.023659 0.018381 -0.000435
v -0.023699 0.018495 -0.000390
v -0.023513 0.018662 -0.000395
v -0.023270 0.018888 -0.000401
v -0.022172 0.019191 -0.000609
v -0.020102 0.020573 -0.000801
v -0.018635 0.020832 -0.001041
v -0.019119 0.020324 -0.001025
v -0.019491 0.019955 -0.001013
v -0.027766 0.015777 -0.000168
v -0.028340 0.015483 -0.000112
v -0.027574 0.015897 -0.000170
v -0.027386 0.016018 -0.000171
v -0.027277 0.015981 -0.000251
v -0.027017 0.016265 -0.000173
v -0.026659 0.016520 -0.000174
v -0.025659 0.016936 -0.000343
v -0.026074 0.016566 -0.000376
v -0.026367 0.016878 -0.000097
v -0.025075 0.017764 -0.000199
v -0.026490 0.017032 0.000047
v -0.026451 0.016979 -0.000002
v -0.026936 0.016735 0.000098
v -0.025417 0.017680 -0.000104
v -0.026409 0.016928 -0.000051
v -0.025588 0.017632 -0.000057
v -0.024004 0.018596 -0.000267
v -0.024371 0.018435 -0.000199
v -0.021189 0.019456 -0.000772
v -0.022276 0.018450 -0.000752
v -0.021887 0.019462 -0.000617
v -0.020836 0.020386 -0.000676
v -0.018234 0.021560 -0.001019
v -0.018333 0.021199 -0.001047
v -0.017301 0.022038 -0.001128
v -0.016934 0.022075 -0.001186
v -0.016658 0.021593 -0.001279
v -0.016900 0.021320 -0.001269
v -0.016564 0.021697 -0.001283
v -0.014776 0.022154 -0.001505
v -0.010292 0.026107 -0.001881
v -0.010521 0.024698 -0.001912
v -0.010700 0.024443 -0.001901
v -0.003435 0.027864 -0.002641
v 0.000128 0.029394 -0.003000
v -0.007276 0.025858 -0.002257
v -0.007182 0.025997 -0.002264
v -0.003345 0.029484 -0.002634
v -0.003345 0.028020 -0.002649
v -0.029106 0.015083 -0.000055
v -0.028915 0.015190 -0.000056
v -0.028726 0.015299 -0.000056
v -0.028574 0.015336 -0.000125
v -0.027808 0.015736 -0.000182
v -0.027973 0.015630 -0.000188
v -0.027077 0.016510 0.000023
v -0.027198 0.016623 0.000174
v -0.024175 0.017506 -0.000564
v -0.026747 0.016932 0.000121
v -0.026138 0.017347 0.000049
v -0.022603 0.019447 -0.000440
v -0.020473 0.019311 -0.000938
v -0.022055 0.020205 -0.000412
v -0.020288 0.021219 -0.000654
v -0.018520 0.022158 -0.000889
v -0.018153 0.022237 -0.000951
v -0.017219 0.022763 -0.001063
v -0.016204 0.024061 -0.001114
v -0.015443 0.023231 -0.001317
v -0.014681 0.022263 -0.001510
v -0.015348 0.023347 -0.001323
v -0.014492 0.022483 -0.001519
v -0.015164 0.023579 -0.001332
v -0.014123 0.022933 -0.001537
v -0.014985 0.023813 -0.001342
v -0.013765 0.023393 -0.001555
v -0.012029 0.024714 -0.001715
v -0.011074 0.023944 -0.001878
v -0.012420 0.023700 -0.001719
v -0.012060 0.025465 -0.001670
v -0.010354 0.027752 -0.001802
v -0.008784 0.026048 -0.002074
v -0.008555 0.027573 -0.002052
v -0.008586 0.028469 -0.002019
v -0.006819 0.029112 -0.002230
v -0.008038 0.029916 -0.002047
v -0.005082 0.027987 -0.002460
v -0.006997 0.026278 -0.002278
v -0.006819 0.026562 -0.002292
v -0.005082 0.029356 -0.002437
v -0.003345 0.032410 -0.002603
v -0.005082 0.030725 -0.002413
v -0.005113 0.031765 -0.002392
v -0.001609 0.029496 -0.002822
v -0.001609 0.032611 -0.002806
v -0.001609 0.034168 -0.002798
v 0.000128 0.036000 -0.003000
v -0.029223 0.015016 -0.000063
v -0.028922 0.015163 -0.000094
v -0.027024 0.016097 -0.000282
v -0.025172 0.017002 -0.000469
v -0.027326 0.016565 0.000211
v -0.024223 0.017470 -0.000563
v -0.027022 0.016776 0.000175
v -0.024981 0.018216 -0.000057
v -0.024097 0.018769 -0.000181
v -0.019333 0.022142 -0.000722
v -0.017972 0.023120 -0.000878
v -0.015047 0.025060 -0.001230
v -0.014132 0.024843 -0.001398
v -0.012121 0.026959 -0.001578
v -0.007869 0.026821 -0.002161
v -0.007776 0.026963 -0.002168
v -0.003955 0.032929 -0.002521
v -0.000740 0.031064 -0.002908
v -0.029397 0.014930 -0.000047
v -0.029489 0.014888 -0.000028
v -0.029547 0.014856 -0.000031
v -0.028448 0.015396 -0.000141
v -0.027522 0.015849 -0.000234
v -0.026573 0.016316 -0.000328
v -0.026443 0.017206 0.000122
v -0.026001 0.017494 0.000059
v -0.022823 0.018156 -0.000704
v -0.022939 0.019670 -0.000289
v -0.022157 0.020182 -0.000390
v -0.021476 0.020668 -0.000467
v -0.012522 0.023201 -0.001735
v -0.008922 0.029528 -0.001937
v -0.028697 0.015273 -0.000117
v -0.026347 0.016425 -0.000352
v -0.026098 0.016550 -0.000375
v -0.026110 0.016542 -0.000375
v -0.027175 0.016697 0.000212
v -0.025422 0.017932 0.000006
v -0.024691 0.018438 -0.000083
v -0.021197 0.018948 -0.000867
v -0.020022 0.019525 -0.000985
v -0.018847 0.020102 -0.001102
v -0.018574 0.020255 -0.001127
v -0.017672 0.020680 -0.001219
v -0.018414 0.022874 -0.000818
v -0.015930 0.024599 -0.001113
v -0.029284 0.014985 -0.000059
v -0.029047 0.015101 -0.000082
v -0.028110 0.015561 -0.000176
v -0.027985 0.015623 -0.000188
v -0.027991 0.015619 -0.000188
v -0.025534 0.016822 -0.000434
v -0.024947 0.017110 -0.000492
v -0.024360 0.017399 -0.000551
v -0.026664 0.017060 0.000154
v -0.026299 0.017315 0.000109
v -0.023185 0.017975 -0.000668
v -0.023274 0.017940 -0.000657
v -0.023160 0.019534 -0.000258
v -0.021918 0.020403 -0.000406
v -0.010534 0.024172 -0.001934
v -0.029578 0.014841 -0.000029
v -0.027703 0.015759 -0.000217
v -0.027409 0.015903 -0.000246
v -0.027116 0.016047 -0.000275
v -0.027047 0.016082 -0.000281
v -0.027285 0.016623 0.000228
v -0.023366 0.017885 -0.000650
v -0.023772 0.017687 -0.000610
v -0.025533 0.017861 0.000022
v -0.024912 0.018297 -0.000052
v -0.020203 0.019434 -0.000967
v -0.018034 0.020497 -0.001184
v -0.011516 0.027762 -0.001629
v -0.028788 0.015228 -0.000108
v -0.028641 0.015300 -0.000123
v -0.028494 0.015372 -0.000138
v -0.028460 0.015389 -0.000141
v -0.026619 0.016291 -0.000325
v -0.026822 0.016191 -0.000305
v -0.026528 0.016336 -0.000334
v -0.026472 0.016363 -0.000340
v -0.025038 0.017065 -0.000483
v -0.023953 0.017597 -0.000592
v -0.026719 0.017023 0.000162
v -0.026409 0.017242 0.000125
v -0.022869 0.018128 -0.000700
v -0.019711 0.021975 -0.000663
v -0.018524 0.022811 -0.000803
v -0.017338 0.023646 -0.000943
v -0.029330 0.014963 -0.000054
v -0.029183 0.015035 -0.000069
v -0.028245 0.015494 -0.000163
v -0.028222 0.015506 -0.000164
v -0.028200 0.015516 -0.000167
v -0.028172 0.015530 -0.000170
v -0.027455 0.015881 -0.000242
v -0.026913 0.016147 -0.000296
v -0.026370 0.016412 -0.000350
v -0.027313 0.016604 0.000232
v -0.022620 0.018250 -0.000725
v -0.023808 0.019081 -0.000180
v -0.023215 0.019499 -0.000251
v -0.022622 0.019918 -0.000321
v -0.012455 0.023230 -0.001742
v -0.020908 0.021142 -0.000385
v -0.023254 0.019497 0.000008
v -0.023279 0.019605 0.003813
v -0.024899 0.018479 0.003351
v -0.024852 0.018490 0.004141
v -0.023325 0.019582 0.003187
v -0.026442 0.017386 0.002177
v -0.026465 0.017381 0.002595
v -0.022113 0.020339 0.000370
v -0.023268 0.019509 0.000249
v -0.023289 0.019514 0.000505
v -0.024121 0.019021 0.002473
v -0.025663 0.017889 0.001315
v -0.023353 0.019548 0.002017
v -0.023342 0.019539 0.001545
v -0.023350 0.019562 0.002559
v -0.026425 0.017368 0.004423
v -0.022125 0.020347 0.000615
v -0.023318 0.019531 0.001075
v -0.026379 0.017360 0.004979
v -0.025346 0.018117 0.004626
v -0.025593 0.017927 0.004861
v -0.021758 0.020672 0.002200
v -0.019780 0.021992 0.000326
v -0.018629 0.022808 0.000366
v -0.018602 0.022798 -0.000200
v -0.018652 0.022821 0.001100
v -0.021763 0.020672 0.002450
v -0.020174 0.021789 0.002936
v -0.020934 0.021249 0.003789
v -0.024040 0.019043 0.004554
v -0.020541 0.021498 0.001251
v -0.024420 0.018753 0.004907
v -0.022142 0.020411 0.003149
v -0.017398 0.023617 -0.000859
v -0.006891 0.031042 -0.001970
v -0.013910 0.026092 -0.001006
v -0.020918 0.021221 0.005007
v -0.010414 0.028569 -0.001041
v -0.003392 0.033516 -0.002164
v -0.026785 0.017048 0.000778
v -0.024458 0.018696 0.000686
v -0.026749 0.017065 0.005306
v -0.026163 0.017480 0.005344
v -0.024408 0.018698 0.005710
v -0.015675 0.024862 -0.000475
v -0.013928 0.026093 -0.000663
v -0.016841 0.024093 0.001017
v -0.015681 0.024870 -0.000175
v -0.013952 0.026097 -0.000033
v -0.013963 0.026107 0.000598
v -0.017468 0.023675 0.001997
v -0.016283 0.024512 0.002963
v -0.017848 0.023415 0.002478
v -0.017044 0.023973 0.003926
v -0.018799 0.022748 0.003634
v -0.017424 0.023699 0.004391
v -0.019167 0.022454 0.005043
v -0.020910 0.021195 0.005614
v -0.015123 0.025316 0.001817
v -0.013938 0.026154 0.002847
v -0.017412 0.023677 0.005411
v -0.015098 0.025336 0.003998
v -0.013914 0.026148 0.005099
v -0.012201 0.027358 0.001367
v -0.010440 0.028600 0.002217
v -0.010440 0.028570 -0.000162
v -0.012177 0.027384 0.003724
v -0.010415 0.028611 0.004682
v -0.008679 0.029822 0.000664
v -0.006900 0.031040 -0.001766
v -0.006912 0.031037 -0.001391
v -0.006917 0.031039 -0.001015
v -0.008679 0.029835 0.003147
v -0.005156 0.032289 -0.000132
v -0.003395 0.033515 -0.001961
v -0.003395 0.033530 0.000831
v -0.008654 0.029834 0.005719
v -0.010403 0.028601 0.005914
v -0.006917 0.031066 0.004157
v -0.006893 0.031059 0.006836
v -0.005156 0.032301 0.002557
v -0.003395 0.033525 0.006418
v -0.001633 0.034761 -0.001021
v -0.005156 0.032295 0.005247
v -0.001633 0.034766 0.004772
v 0.000128 0.036000 0.009000
v -0.003382 0.033525 0.007864
v -0.001633 0.034759 0.007668
v -0.026182 0.017446 0.000467
v -0.022653 0.019918 0.006103
v -0.013056 0.026734 0.000151
v -0.016255 0.024512 0.004730
v -0.016249 0.024502 0.005257
v -0.015656 0.024901 0.005804
v -0.013901 0.026127 0.006225
v -0.012146 0.027354 0.006672
v -0.007798 0.030451 0.002374
v -0.006037 0.031677 0.000735
v -0.008636 0.029813 0.007647
v -0.018271 0.023004 0.006709
v -0.017399 0.023640 0.006428
v -0.016086 0.024569 0.006497
v -0.015208 0.025182 0.006720
v 0.000128 -0.024764 -0.013933
v 0.000128 -0.023891 -0.015145
v 0.000128 -0.022958 -0.016311
v 0.000128 -0.025577 -0.012679
v 0.000128 -0.021968 -0.017430
v 0.000128 -0.020924 -0.018498
v 0.000128 -0.019828 -0.019513
v 0.000128 -0.013669 -0.023705
v 0.000128 -0.018683 -0.020472
v 0.000128 -0.017491 -0.021373
v 0.000128 -0.016256 -0.022214
v 0.000128 -0.014981 -0.022992
v 0.000128 -0.010946 -0.024932
v 0.000128 -0.012323 -0.024352
v 0.000128 -0.028652 -0.005893
v 0.000128 -0.028173 -0.007308
v 0.000128 -0.027625 -0.008698
v 0.000128 -0.027009 -0.010058
v 0.000128 -0.026325 -0.011387
v 0.000128 -0.009542 -0.025442
v 0.000128 -0.006667 -0.026250
v 0.000128 -0.008114 -0.025882
v 0.000128 -0.000747 -0.026991
v 0.000128 -0.005202 -0.026546
v 0.000128 -0.003725 -0.026768
v 0.000128 -0.002239 -0.026916
v 0.000128 0.002239 -0.026916
v 0.000128 0.000747 -0.026991
v 0.000128 0.003725 -0.026768
v 0.000128 -0.029394 0.009000
v 0.000128 -0.029059 0.010456
v 0.000128 -0.029059 -0.004456
v 0.000128 0.008114 -0.025882
v 0.000128 0.005202 -0.026546
v 0.000128 0.006667 -0.026250
v 0.000128 0.010946 -0.024932
v 0.000128 0.009542 -0.025442
v 0.000128 0.012323 -0.024352
v 0.000128 -0.027009 0.016058
v 0.000128 -0.027625 0.014698
v 0.000128 -0.028173 0.013308
v 0.000128 -0.028652 0.011893
v 0.000128 0.016256 -0.022214
v 0.000128 0.013669 -0.023705
v 0.000128 0.014981 -0.022992
v 0.000128 0.017491 -0.021373
v 0.000128 0.019828 -0.019513
v 0.000128 -0.026325 0.017387
v 0.000128 0.018683 -0.020472
v 0.000128 -0.021968 0.023430
v 0.000128 -0.022958 0.022311
v 0.000128 -0.023891 0.021145
v 0.000128 0.020924 -0.018498
v 0.000128 0.022958 -0.016311
v 0.000128 0.021968 -0.017430
v 0.000128 -0.018683 0.026472
v 0.000128 -0.019828 0.025513
v 0.000128 -0.020924 0.024498
v 0.000128 -0.017491 0.027373
v 0.000128 0.024764 -0.013933
v 0.000128 0.023891 -0.015145
v 0.000128 -0.012323 0.030352
v 0.000128 -0.013669 0.029705
v 0.000128 -0.014981 0.028992
v 0.000128 -0.016256 0.028214
v 0.000128 0.027625 -0.008698
v 0.000128 0.025577 -0.012679
v 0.000128 0.026325 -0.011387
v 0.000128 0.027009 -0.010058
v 0.000128 -0.008114 0.031882
v 0.000128 -0.009542 0.031442
v 0.000128 -0.010946 0.030932
v 0.000128 0.029059 -0.004456
v 0.000128 0.028173 -0.007308
v 0.000128 0.028652 -0.005893
v 0.000128 -0.005202 0.032545
v 0.000128 -0.006667 0.032250
v 0.000128 -0.003725 0.032768
v 0.000128 0.000747 0.032991
v 0.000128 -0.000747 0.032991
v 0.000128 -0.002239 0.032916
v 0.000128 0.002239 0.032916
v 0.000128 0.003725 0.032768
v 0.000128 0.029394 0.009000
v 0.000128 -0.024764 0.019933
v 0.000128 -0.025577 0.018679
v 0.000128 0.006667 0.032250
v 0.000128 0.005202 0.032545
v 0.000128 0.028652 0.011893
v 0.000128 0.029059 0.010456
v 0.000128 0.028173 0.013308
v 0.000128 0.027625 0.014698
v 0.000128 0.012323 0.030352
v 0.000128 0.010946 0.030932
v 0.000128 0.009542 0.031442
v 0.000128 0.008114 0.031882
v 0.000128 0.013669 0.029705
v 0.000128 0.026325 0.017387
v 0.000128 0.027009 0.016058
v 0.000128 0.014981 0.028992
v 0.000128 0.025577 0.018679
v 0.000128 0.024764 0.019933
v 0.000128 0.017491 0.027373
v 0.000128 0.016256 0.028214
v 0.000128 0.018683 0.026472
v 0.000128 0.021968 0.023430
v 0.000128 0.023891 0.021145
v 0.000128 0.022958 0.022311
v 0.000128 0.020924 0.024498
v 0.000128 0.019828 0.025513
v -0.029872 -0.014529 -0.000728
v -0.029872 -0.014326 -0.001446
v -0.029872 -0.014087 -0.002154
v -0.029872 -0.013813 -0.002849
v -0.029872 -0.013504 -0.003529
v -0.029872 -0.013163 -0.004193
v -0.029872 -0.012788 -0.004840
v -0.029872 -0.012382 -0.005466
v -0.029872 -0.011945 -0.006072
v -0.029872 -0.011479 -0.006656
v -0.029872 -0.010984 -0.007215
v -0.029872 -0.010462 -0.007749
v -0.029872 -0.009914 -0.008257
v -0.029872 -0.009341 -0.008736
v -0.029872 -0.008746 -0.009187
v -0.029872 -0.008128 -0.009607
v -0.029872 -0.007491 -0.009996
v -0.029872 -0.006834 -0.010353
v -0.029872 -0.006161 -0.010676
v -0.029872 -0.005473 -0.010966
v -0.029872 -0.004771 -0.011221
v -0.029872 -0.004057 -0.011441
v -0.029872 -0.003333 -0.011625
v -0.029872 -0.002601 -0.011773
v -0.029872 -0.001863 -0.011884
v -0.029872 -0.001119 -0.011958
v -0.029872 -0.000373 -0.011995
v -0.029872 -0.012788 0.010840
v -0.029872 -0.013163 0.010193
v -0.029872 -0.013504 0.009529
v -0.029872 -0.013813 0.008849
v -0.029872 -0.014087 0.008154
v -0.029872 -0.014326 0.007446
v -0.029872 -0.014529 0.006728
v -0.029872 -0.012382 0.011466
v -0.029872 -0.011945 0.012072
v -0.029872 -0.011479 0.012656
v -0.029872 -0.010984 0.013215
v -0.029872 -0.010462 0.013749
v -0.029872 -0.009914 0.014257
v -0.029872 -0.009341 0.014736
v -0.029872 -0.008746 0.015187
v -0.029872 0.000373 -0.011995
v -0.029872 0.001119 -0.011958
v -0.029872 0.001863 -0.011884
v -0.029872 0.002601 -0.011773
v -0.029872 0.003333 -0.011625
v -0.029872 0.004057 -0.011441
v -0.029872 0.004771 -0.011221
v -0.029872 0.005473 -0.010966
v -0.029872 0.006161 -0.010676
v -0.029872 0.006834 -0.010353
v -0.029872 0.007491 -0.009996
v -0.029872 0.008128 -0.009607
v -0.029872 0.008746 -0.009187
v -0.029872 0.009341 -0.008736
v -0.029872 0.009914 -0.008257
v -0.029872 0.010462 -0.007749
v -0.029872 0.010984 -0.007215
v -0.029872 0.011479 -0.006656
v -0.029872 0.011945 -0.006072
v -0.029872 0.012382 -0.005466
v -0.029872 -0.008128 0.015607
v -0.029872 0.012788 -0.004840
v -0.029872 -0.007491 0.015996
v -0.029872 0.013163 -0.004193
v -0.029872 -0.006834 0.016353
v -0.029872 0.013504 -0.003529
v -0.029872 -0.006161 0.016676
v -0.029872 0.013813 -0.002849
v -0.029872 -0.005473 0.016966
v -0.029872 0.014087 -0.002154
v -0.029872 -0.004771 0.017221
v -0.029872 0.014326 -0.001446
v -0.029872 -0.004057 0.017441
v -0.029872 0.014529 -0.000728
v -0.029872 -0.003333 0.017625
v -0.029872 -0.002601 0.017773
v -0.029872 -0.001863 0.017884
v -0.029872 -0.001119 0.017958
v -0.029872 -0.000373 0.017995
v -0.029872 0.000373 0.017995
v -0.029872 0.001119 0.017958
v -0.029872 0.001863 0.017884
v -0.029872 0.002601 0.017773
v -0.029872 0.003333 0.017625
v -0.029872 0.014529 0.006728
v -0.029872 0.004057 0.017441
v -0.029872 0.014326 0.007446
v -0.029872 0.004771 0.017221
v -0.029872 0.014087 0.008154
v -0.029872 0.005473 0.016966
v -0.029872 0.013813 0.008849
v -0.029872 0.006161 0.016676
v -0.029872 0.013504 0.009529
v -0.029872 0.006834 0.016353
v -0.029872 0.013163 0.010193
v -0.029872 0.007491 0.015996
v -0.029872 0.012788 0.010840
v -0.029872 0.008128 0.015607
v -0.029872 0.012382 0.011466
v -0.029872 0.008746 0.015187
v -0.029872 0.011945 0.012072
v -0.029872 0.009341 0.014736
v -0.029872 0.011479 0.012656
v -0.029872 0.009914 0.014257
v -0.029872 0.010984 0.013215
v -0.029872 0.010462 0.013749
v -0.017015 -0.001629 0.024367
v -0.017015 -0.000000 0.024429
v -0.021300 -0.000000 0.022286
v -0.021300 -0.005779 0.021400
v -0.021300 -0.004364 0.021786
v -0.025586 -0.005137 0.019355
v -0.025586 -0.008704 0.017769
v -0.025586 -0.007556 0.018388
v -0.004158 0.014144 0.026999
v -0.004158 0.015927 0.025855
v -0.008443 0.014702 0.024097
v -0.008443 0.013056 0.025153
v -0.008443 0.007705 0.027533
v -0.008443 0.009547 0.026876
v -0.012729 0.008752 0.024886
v -0.012729 0.007063 0.025488
v -0.012729 0.005333 0.025960
v -0.012729 0.001792 0.026503
v -0.017015 0.003248 0.024181
v -0.017015 0.001629 0.024367
v -0.012729 0.003573 0.026299
v -0.017015 -0.003248 0.024181
v -0.021300 -0.001466 0.022230
v -0.021300 -0.002923 0.022063
v -0.021300 -0.007161 0.020907
v -0.025586 -0.006365 0.018917
v -0.025586 -0.009801 0.017064
v -0.004158 0.012279 0.028005
v -0.008443 0.011335 0.026081
v -0.008443 0.005818 0.028047
v -0.012729 -0.000000 0.026571
v -0.017015 -0.004848 0.023873
v -0.021300 -0.008501 0.020311
v -0.025586 -0.010842 0.016279
v -0.004158 0.010343 0.028866
v -0.008443 0.003898 0.028417
v -0.012729 -0.001792 0.026503
v -0.017015 -0.006421 0.023444
v -0.021300 -0.009792 0.019615
v -0.025586 -0.011820 0.015416
v -0.004158 0.008347 0.029577
v -0.008443 0.001954 0.028640
v -0.012729 -0.003573 0.026299
v -0.017015 -0.007956 0.022897
v -0.021300 -0.011027 0.018822
v -0.025586 -0.012730 0.014482
v -0.004158 0.006303 0.030135
v -0.008443 -0.000000 0.028714
v -0.012729 -0.005333 0.025960
v -0.017015 -0.009446 0.022234
v -0.021300 -0.012197 0.017939
v -0.025586 -0.013565 0.013481
v -0.004158 0.004222 0.030535
v -0.008443 -0.001954 0.028640
v -0.012729 -0.007063 0.025488
v -0.017015 -0.010880 0.021461
v -0.021300 -0.013298 0.016968
v -0.025586 -0.014323 0.012420
v -0.004158 0.002117 0.030777
v -0.008443 -0.003898 0.028417
v -0.012729 -0.008752 0.024886
v -0.017015 -0.012252 0.020581
v -0.021300 -0.014321 0.015917
v -0.025586 -0.014997 0.011304
v -0.004158 -0.000000 0.030857
v -0.008443 -0.005818 0.028047
v -0.012729 -0.010390 0.024158
v -0.017015 -0.013553 0.019598
v -0.021300 -0.015261 0.014791
v -0.025586 -0.015585 0.010140
v -0.004158 -0.002117 0.030777
v -0.008443 -0.007705 0.027533
v -0.012729 -0.011968 0.023307
v -0.017015 -0.014775 0.018520
v -0.021300 -0.016113 0.013597
v -0.025586 -0.016083 0.008935
v -0.004158 -0.004222 0.030535
v -0.008443 -0.009547 0.026876
v -0.012729 -0.013477 0.022339
v -0.017015 -0.015912 0.017352
v -0.021300 -0.016872 0.012342
v -0.025586 -0.016487 0.007695
v -0.004158 -0.006303 0.030135
v -0.008443 -0.011335 0.026081
v -0.012729 -0.014908 0.021258
v -0.017015 -0.016957 0.016102
v -0.021300 -0.017533 0.011033
v -0.004158 -0.008347 0.029577
v -0.008443 -0.013056 0.025153
v -0.012729 -0.016253 0.020072
v -0.017015 -0.017904 0.014775
v -0.021300 -0.018093 0.009677
v -0.004158 -0.010343 0.028866
v -0.008443 -0.014702 0.024097
v -0.012729 -0.017503 0.018788
v -0.017015 -0.018747 0.013380
v -0.021300 -0.018548 0.008282
v -0.004158 -0.012279 0.028005
v -0.008443 -0.016263 0.022918
v -0.012729 -0.018652 0.017412
v -0.017015 -0.019481 0.011925
v -0.004158 -0.014144 0.026999
v -0.008443 -0.017730 0.021624
v -0.012729 -0.019694 0.015952
v -0.017015 -0.020103 0.010419
v -0.004158 -0.015927 0.025855
v -0.008443 -0.019094 0.020223
v -0.012729 -0.020621 0.014418
v -0.017015 -0.020609 0.008869
v -0.004158 -0.017618 0.024578
v -0.008443 -0.020348 0.018722
v -0.012729 -0.021430 0.012818
v -0.004158 -0.019208 0.023176
v -0.008443 -0.021484 0.017130
v -0.012729 -0.022114 0.011160
v -0.004158 -0.020685 0.021658
v -0.008443 -0.022496 0.015456
v -0.012729 -0.022670 0.009456
v -0.004158 -0.022044 0.020032
v -0.008443 -0.023378 0.013710
v -0.004158 -0.023275 0.018307
v -0.008443 -0.024124 0.011902
v -0.004158 -0.024371 0.016494
v -0.008443 -0.024731 0.010043
v -0.004158 -0.025326 0.014603
v -0.004158 -0.026134 0.012644
v -0.004158 -0.026792 0.010630
v -0.025586 0.016487 0.007695
v -0.025586 0.016083 0.008935
v -0.025586 0.015585 0.010140
v -0.021300 0.018548 0.008282
v -0.025586 0.014997 0.011304
v -0.021300 0.018093 0.009677
v -0.025586 0.014323 0.012420
v -0.021300 0.017533 0.011033
v -0.025586 0.013565 0.013481
v -0.017015 0.020609 0.008869
v -0.021300 0.016872 0.012342
v -0.025586 0.012730 0.014482
v -0.017015 0.020103 0.010419
v -0.021300 0.016113 0.013597
v -0.025586 0.011820 0.015416
v -0.017015 0.019481 0.011925
v -0.021300 0.015261 0.014791
v -0.025586 0.010842 0.016279
v -0.012729 0.022670 0.009456
v -0.017015 0.018747 0.013380
v -0.021300 0.014321 0.015917
v -0.025586 0.009801 0.017064
v -0.012729 0.022114 0.011160
v -0.017015 0.017904 0.014775
v -0.021300 0.013298 0.016968
v -0.025586 0.008704 0.017769
v -0.012729 0.021430 0.012818
v -0.017015 0.016957 0.016102
v -0.021300 0.012197 0.017939
v -0.025586 0.007556 0.018388
v -0.008443 0.024731 0.010043
v -0.012729 0.020621 0.014418
v -0.017015 0.015912 0.017352
v -0.021300 0.011027 0.018822
v -0.025586 0.006365 0.018917
v -0.008443 0.024124 0.011902
v -0.012729 0.019694 0.015952
v -0.017015 0.014775 0.018520
v -0.021300 0.009792 0.019615
v -0.025586 0.005137 0.019355
v -0.008443 0.023378 0.013710
v -0.012729 0.018652 0.017412
v -0.017015 0.013553 0.019598
v -0.021300 0.008501 0.020311
v -0.025586 0.003879 0.019698
v -0.004158 0.026792 0.010630
v -0.008443 0.022496 0.015456
v -0.012729 0.017503 0.018788
v -0.017015 0.012252 0.020581
v -0.021300 0.007161 0.020907
v -0.025586 0.002598 0.019945
v -0.004158 0.026134 0.012644
v -0.008443 0.021484 0.017130
v -0.012729 0.016253 0.020072
v -0.017015 0.010880 0.021461
v -0.021300 0.005779 0.021400
v -0.025586 0.001303 0.020093
v -0.004158 0.025326 0.014603
v -0.008443 0.020348 0.018722
v -0.012729 0.014908 0.021258
v -0.017015 0.009446 0.022234
v -0.021300 0.004364 0.021786
v -0.025586 -0.000000 0.020143
v -0.004158 0.024371 0.016494
v -0.008443 0.019094 0.020223
v -0.012729 0.013477 0.022339
v -0.017015 0.007956 0.022897
v -0.021300 0.002923 0.022063
v -0.025586 -0.001303 0.020093
v -0.004158 0.023275 0.018307
v -0.008443 0.017730 0.021624
v -0.012729 0.011968 0.023307
v -0.017015 0.006421 0.023444
v -0.021300 0.001466 0.022230
v -0.025586 -0.002598 0.019945
v -0.004158 0.022044 0.020032
v -0.008443 0.016263 0.022918
v -0.012729 0.010390 0.024158
v -0.017015 0.004848 0.023873
v -0.025586 -0.003879 0.019698
v -0.004158 0.020685 0.021658
v -0.004158 0.019208 0.023176
v -0.004158 0.017618 0.024578
v -0.024819 0.017746 0.006293
v -0.024628 0.018045 0.006248
v -0.024684 0.018157 0.006188
v -0.023154 0.019251 0.006336
v -0.023113 0.019135 0.006379
v -0.024148 0.017966 0.006423
v -0.025304 0.017349 0.006286
v -0.023957 0.018124 0.006428
v -0.023769 0.018285 0.006432
v -0.023400 0.018612 0.006441
v -0.023070 0.019023 0.006420
v -0.023042 0.018945 0.006448
v -0.021522 0.020032 0.006585
v -0.021819 0.019312 0.006664
v -0.020687 0.020185 0.006744
v -0.020878 0.021056 0.006543
v -0.028430 0.015449 0.006089
v -0.026241 0.017142 0.006011
v -0.025550 0.017803 0.005997
v -0.026282 0.017195 0.005963
v -0.024738 0.018273 0.006127
v -0.027900 0.015731 0.006134
v -0.027709 0.015851 0.006135
v -0.027520 0.015972 0.006137
v -0.026524 0.016753 0.006097
v -0.025929 0.016873 0.006276
v -0.025676 0.017061 0.006281
v -0.027151 0.016221 0.006139
v -0.026837 0.016520 0.006093
v -0.026794 0.016476 0.006140
v -0.026710 0.016613 0.006095
v -0.024392 0.018639 0.006122
v -0.025873 0.016856 0.006305
v -0.025845 0.016847 0.006319
v -0.023874 0.018069 0.006468
v -0.019584 0.021234 0.006804
v -0.018425 0.022091 0.006917
v -0.018481 0.022365 0.006870
v -0.018757 0.021447 0.006937
v -0.018402 0.021901 0.006945
v -0.017792 0.022093 0.007035
v -0.017226 0.022593 0.007080
v -0.016117 0.023755 0.007158
v -0.016137 0.023883 0.007143
v -0.010375 0.028474 0.007767
v -0.009148 0.028735 0.007933
v -0.006861 0.030819 0.008183
v -0.010292 0.026650 0.007857
v -0.011457 0.026932 0.007680
v -0.010845 0.024784 0.007867
v -0.007984 0.028347 0.008102
v -0.006819 0.030387 0.008199
v -0.006840 0.030599 0.008191
v -0.006819 0.027837 0.008261
v -0.003356 0.033264 0.008592
v -0.026728 0.017000 0.005848
v -0.026322 0.017251 0.005914
v -0.027054 0.016665 0.005882
v -0.027074 0.016685 0.005857
v -0.027034 0.016646 0.005907
v -0.029151 0.015065 0.006044
v -0.028960 0.015172 0.006044
v -0.026149 0.017417 0.005910
v -0.028886 0.015200 0.006066
v -0.026993 0.016607 0.005956
v -0.027134 0.016431 0.006000
v -0.027859 0.015732 0.006156
v -0.026777 0.016347 0.006227
v -0.026873 0.016283 0.006226
v -0.026683 0.016411 0.006228
v -0.024302 0.017558 0.006513
v -0.023530 0.017893 0.006609
v -0.019140 0.022352 0.006734
v -0.021516 0.019080 0.006778
v -0.020531 0.019730 0.006855
v -0.017383 0.023556 0.006945
v -0.013849 0.025781 0.007377
v -0.019503 0.020345 0.006953
v -0.018937 0.020787 0.006993
v -0.017972 0.021385 0.007087
v -0.017187 0.021256 0.007231
v -0.015218 0.023703 0.007313
v -0.013808 0.025480 0.007405
v -0.014319 0.023575 0.007462
v -0.013765 0.025190 0.007432
v -0.012305 0.025073 0.007657
v -0.012582 0.024213 0.007668
v -0.009414 0.026500 0.007979
v -0.008832 0.026271 0.008061
v -0.008530 0.025438 0.008125
v -0.005082 0.031067 0.008407
v -0.003345 0.033141 0.008595
v -0.003345 0.031678 0.008611
v -0.005359 0.027196 0.008442
v -0.005082 0.028329 0.008454
v -0.001609 0.033779 0.008800
v -0.027317 0.016594 0.005773
v -0.027114 0.016724 0.005806
v -0.027027 0.016802 0.005804
v -0.029511 0.014879 0.006022
v -0.029379 0.014945 0.006033
v -0.028372 0.015465 0.006111
v -0.026701 0.016274 0.006303
v -0.023523 0.019275 0.006216
v -0.023193 0.019371 0.006292
v -0.026080 0.016643 0.006335
v -0.025587 0.016928 0.006370
v -0.025694 0.016820 0.006383
v -0.022645 0.019884 0.006322
v -0.021766 0.020492 0.006428
v -0.019201 0.019998 0.007057
v -0.016490 0.022514 0.007214
v -0.015753 0.022378 0.007344
v -0.016030 0.021666 0.007367
v -0.014885 0.022697 0.007446
v -0.013057 0.025306 0.007533
v -0.013174 0.024731 0.007552
v -0.012859 0.023375 0.007680
v -0.005950 0.030075 0.008317
v -0.005082 0.029698 0.008431
v -0.004214 0.029257 0.008539
v -0.003345 0.028752 0.008641
v -0.004201 0.027444 0.008565
v -0.002477 0.031204 0.008716
v -0.001609 0.030664 0.008816
v -0.002615 0.028322 0.008723
v -0.001609 0.029107 0.008824
v -0.000740 0.030061 0.008911
v -0.029369 0.014948 0.006038
v -0.025275 0.018038 0.006010
v -0.024836 0.018345 0.006063
v -0.027537 0.015874 0.006207
v -0.027783 0.015741 0.006190
v -0.027280 0.016007 0.006230
v -0.025115 0.017079 0.006455
v -0.023672 0.017785 0.006605
v -0.022951 0.018136 0.006680
v -0.011698 0.027630 0.007608
v -0.009536 0.024727 0.008031
v -0.026810 0.016959 0.005827
v -0.027494 0.015876 0.006227
v -0.027204 0.016009 0.006263
v -0.026411 0.016405 0.006339
v -0.025619 0.016804 0.006415
v -0.019802 0.021910 0.006653
v -0.021869 0.018659 0.006791
v -0.017610 0.023450 0.006912
v -0.019704 0.019696 0.007014
v -0.017036 0.021029 0.007279
v -0.029475 0.014892 0.006038
v -0.028683 0.015284 0.006113
v -0.028865 0.015205 0.006077
v -0.028827 0.015215 0.006095
v -0.028538 0.015352 0.006131
v -0.028286 0.015481 0.006151
v -0.028142 0.015548 0.006169
v -0.027745 0.015745 0.006207
v -0.023854 0.019048 0.006175
v -0.025870 0.016668 0.006395
v -0.022758 0.019820 0.006305
v -0.024788 0.017192 0.006507
v -0.024536 0.017330 0.006527
v -0.023454 0.017852 0.006639
v -0.029205 0.015024 0.006066
v -0.029079 0.015087 0.006075
v -0.029007 0.015122 0.006085
v -0.025880 0.017617 0.005936
v -0.025715 0.017731 0.005957
v -0.025332 0.018004 0.006001
v -0.027871 0.015680 0.006197
v -0.027330 0.015943 0.006253
v -0.026663 0.016272 0.006319
v -0.025996 0.016601 0.006385
v -0.022246 0.018443 0.006760
v -0.011863 0.027523 0.007588
v -0.012330 0.023298 0.007754
v -0.026893 0.016901 0.005817
v -0.029538 0.014860 0.006033
v -0.028601 0.015320 0.006127
v -0.028267 0.015484 0.006159
v -0.027934 0.015648 0.006192
v -0.026059 0.016568 0.006380
v -0.019884 0.021855 0.006643
v -0.018871 0.022570 0.006762
v -0.018706 0.022681 0.006782
v -0.021101 0.018996 0.006877
v -0.020644 0.019303 0.006908
v -0.017858 0.023286 0.006881
v -0.019830 0.019621 0.007004
v -0.018559 0.020246 0.007130
v -0.029236 0.015008 0.006063
v -0.029070 0.015090 0.006080
v -0.027965 0.015632 0.006190
v -0.023895 0.019020 0.006170
v -0.023389 0.019378 0.006230
v -0.023306 0.019434 0.006240
v -0.022882 0.019736 0.006289
v -0.025486 0.016846 0.006438
v -0.024851 0.017158 0.006502
v -0.024215 0.017470 0.006565
v -0.023580 0.017782 0.006628
v -0.010486 0.024196 0.007938
v -0.024979 -0.017458 0.006350
v -0.024532 -0.017397 0.006505
v -0.025266 -0.017231 0.006347
v -0.024190 -0.017657 0.006511
v -0.024865 -0.017628 0.006322
v -0.024921 -0.017737 0.006262
v -0.023856 -0.017925 0.006517
v -0.023469 -0.018400 0.006481
v -0.023639 -0.018107 0.006520
v -0.023426 -0.018291 0.006523
v -0.023510 -0.018512 0.006438
v -0.023549 -0.018629 0.006394
v -0.023366 -0.018798 0.006398
v -0.023222 -0.018934 0.006402
v -0.021975 -0.019377 0.006614
v -0.020070 -0.020607 0.006802
v -0.018539 -0.020936 0.007044
v -0.018826 -0.020627 0.007035
v -0.019193 -0.020249 0.007022
v -0.027978 -0.015648 0.006167
v -0.027636 -0.015858 0.006169
v -0.027302 -0.016073 0.006171
v -0.027202 -0.016028 0.006251
v -0.027085 -0.016220 0.006171
v -0.026462 -0.016663 0.006176
v -0.026084 -0.016634 0.006338
v -0.026871 -0.016370 0.006171
v -0.026317 -0.016917 0.006098
v -0.026441 -0.017074 0.005954
v -0.026401 -0.017020 0.006003
v -0.026903 -0.016762 0.005903
v -0.025564 -0.017653 0.006057
v -0.026360 -0.016968 0.006051
v -0.025368 -0.017723 0.006105
v -0.024975 -0.017849 0.006201
v -0.024371 -0.018435 0.006199
v -0.023988 -0.018611 0.006267
v -0.021135 -0.019507 0.006774
v -0.022201 -0.018513 0.006754
v -0.021757 -0.019589 0.006620
v -0.020836 -0.020386 0.006675
v -0.018224 -0.021572 0.007020
v -0.018219 -0.021324 0.007052
v -0.017301 -0.022038 0.007128
v -0.016918 -0.022094 0.007186
v -0.016534 -0.021732 0.007284
v -0.016678 -0.021566 0.007279
v -0.016367 -0.021921 0.007292
v -0.014701 -0.022241 0.007508
v -0.010292 -0.026107 0.007881
v -0.010483 -0.024749 0.007915
v -0.010590 -0.024596 0.007908
v -0.010698 -0.024443 0.007901
v -0.003345 -0.029484 0.008634
v -0.003399 -0.027927 0.008645
v -0.003453 -0.027833 0.008640
v -0.003345 -0.028020 0.008649
v -0.028583 -0.015363 0.006084
v -0.028925 -0.015168 0.006083
v -0.026988 -0.016473 0.006048
v -0.027052 -0.016529 0.005977
v -0.027173 -0.016644 0.005827
v -0.026735 -0.016942 0.005879
v -0.026138 -0.017347 0.005951
v -0.022603 -0.019447 0.006440
v -0.020454 -0.019328 0.006939
v -0.022055 -0.020205 0.006412
v -0.018536 -0.020292 0.007128
v -0.020288 -0.021219 0.006654
v -0.018520 -0.022158 0.006889
v -0.018137 -0.022256 0.006951
v -0.017214 -0.022770 0.007063
v -0.016204 -0.024061 0.007114
v -0.015367 -0.023324 0.007322
v -0.014529 -0.022439 0.007517
v -0.015200 -0.023532 0.007330
v -0.015092 -0.023672 0.007336
v -0.014196 -0.022842 0.007534
v -0.014985 -0.023813 0.007342
v -0.013979 -0.023116 0.007545
v -0.013765 -0.023393 0.007555
v -0.012401 -0.023724 0.007720
v -0.012507 -0.023580 0.007715
v -0.012029 -0.024714 0.007715
v -0.011036 -0.023993 0.007880
v -0.012060 -0.025465 0.007670
v -0.010354 -0.027752 0.007801
v -0.008746 -0.026102 0.008077
v -0.008555 -0.027573 0.008052
v -0.008586 -0.028469 0.008019
v -0.006819 -0.029112 0.008230
v -0.008038 -0.029916 0.008047
v -0.005082 -0.027987 0.008460
v -0.007201 -0.025969 0.008263
v -0.007034 -0.026221 0.008275
v -0.006925 -0.026391 0.008283
v -0.006819 -0.026562 0.008291
v -0.005082 -0.029356 0.008436
v -0.003345 -0.032410 0.008603
v -0.005082 -0.030725 0.008413
v -0.005113 -0.031765 0.008392
v -0.001609 -0.029496 0.008822
v -0.001609 -0.032611 0.008806
v -0.001609 -0.034168 0.008798
v -0.029204 -0.015026 0.006062
v -0.029398 -0.014931 0.006042
v -0.026995 -0.016115 0.006282
v -0.027320 -0.016570 0.005789
v -0.024204 -0.017485 0.006563
v -0.024118 -0.017549 0.006565
v -0.027022 -0.016776 0.005825
v -0.023245 -0.017962 0.006658
v -0.024981 -0.018216 0.006057
v -0.024097 -0.018769 0.006181
v -0.019333 -0.022142 0.006722
v -0.017972 -0.023120 0.006878
v -0.015047 -0.025060 0.007230
v -0.014132 -0.024843 0.007398
v -0.012121 -0.026959 0.007578
v -0.007878 -0.026806 0.008160
v -0.007795 -0.026934 0.008167
v -0.003955 -0.032929 0.008521
v -0.000740 -0.031064 0.008908
v -0.029538 -0.014861 0.006031
v -0.029392 -0.014932 0.006047
v -0.028434 -0.015404 0.006141
v -0.028537 -0.015357 0.006125
v -0.027038 -0.016088 0.006281
v -0.026559 -0.016325 0.006328
v -0.026079 -0.016563 0.006375
v -0.026036 -0.016591 0.006376
v -0.026443 -0.017206 0.005878
v -0.026001 -0.017494 0.005941
v -0.022939 -0.019670 0.006289
v -0.022157 -0.020182 0.006390
v -0.021476 -0.020668 0.006467
v -0.012517 -0.023207 0.007735
v -0.008922 -0.029528 0.007936
v -0.028455 -0.015392 0.006141
v -0.028215 -0.015510 0.006164
v -0.026100 -0.016548 0.006375
v -0.026340 -0.016430 0.006352
v -0.027175 -0.016697 0.005788
v -0.025422 -0.017932 0.005994
v -0.024691 -0.018438 0.006083
v -0.021195 -0.018950 0.006867
v -0.020017 -0.019529 0.006985
v -0.018840 -0.020109 0.007102
v -0.017663 -0.020689 0.007220
v -0.018414 -0.022874 0.006818
v -0.015930 -0.024599 0.007113
v -0.029283 -0.014985 0.006059
v -0.029044 -0.015103 0.006082
v -0.028913 -0.015168 0.006094
v -0.027986 -0.015622 0.006188
v -0.027954 -0.015641 0.006188
v -0.028106 -0.015563 0.006176
v -0.025533 -0.016823 0.006434
v -0.025163 -0.017008 0.006469
v -0.024945 -0.017112 0.006492
v -0.024356 -0.017401 0.006551
v -0.026664 -0.017060 0.005846
v -0.026299 -0.017315 0.005891
v -0.023160 -0.019534 0.006258
v -0.021918 -0.020403 0.006406
v -0.010533 -0.024173 0.007934
v -0.029578 -0.014841 0.006029
v -0.027703 -0.015760 0.006217
v -0.027517 -0.015852 0.006234
v -0.027408 -0.015904 0.006246
v -0.027114 -0.016049 0.006275
v -0.026820 -0.016193 0.006305
v -0.027285 -0.016623 0.005772
v -0.023364 -0.017886 0.006650
v -0.023767 -0.017690 0.006610
v -0.023179 -0.017980 0.006668
v -0.025533 -0.017861 0.005978
v -0.024912 -0.018297 0.006052
v -0.020203 -0.019434 0.006967
v -0.018033 -0.020498 0.007184
v -0.011516 -0.027762 0.007629
v -0.028787 -0.015228 0.006108
v -0.028695 -0.015274 0.006117
v -0.028640 -0.015300 0.006123
v -0.028493 -0.015373 0.006138
v -0.026618 -0.016291 0.006325
v -0.026525 -0.016337 0.006334
v -0.026471 -0.016364 0.006340
v -0.025037 -0.017066 0.006483
v -0.023953 -0.017597 0.006592
v -0.026719 -0.017023 0.005838
v -0.026409 -0.017242 0.005875
v -0.022868 -0.018129 0.006700
v -0.022809 -0.018167 0.006704
v -0.019711 -0.021975 0.006663
v -0.018524 -0.022811 0.006803
v -0.017338 -0.023646 0.006943
v -0.029330 -0.014963 0.006054
v -0.029182 -0.015035 0.006069
v -0.028245 -0.015494 0.006163
v -0.028199 -0.015517 0.006167
v -0.028171 -0.015530 0.006170
v -0.027455 -0.015881 0.006242
v -0.026912 -0.016147 0.006296
v -0.026370 -0.016413 0.006350
v -0.027313 -0.016604 0.005768
v -0.022620 -0.018250 0.006725
v -0.023808 -0.019081 0.006180
v -0.023215 -0.019499 0.006251
v -0.022622 -0.019918 0.006321
v -0.012455 -0.023230 0.007742
v -0.017015 0.001629 -0.018367
v -0.021300 0.000000 -0.016286
v -0.021300 0.001466 -0.016230
v -0.017015 0.000000 -0.018429
v -0.021300 0.005779 -0.015400
v -0.021300 0.004364 -0.015786
v -0.025586 0.005137 -0.013355
v -0.025586 0.008704 -0.011769
v -0.025586 0.007556 -0.012388
v -0.004158 -0.014144 -0.020999
v -0.004158 -0.015927 -0.019855
v -0.008443 -0.014702 -0.018097
v -0.008443 -0.013056 -0.019153
v -0.008443 -0.011335 -0.020081
v -0.008443 -0.007705 -0.021533
v -0.008443 -0.009547 -0.020876
v -0.012729 -0.008752 -0.018886
v -0.012729 -0.007063 -0.019488
v -0.012729 -0.005333 -0.019960
v -0.012729 -0.001792 -0.020503
v -0.012729 -0.003573 -0.020299
v -0.017015 -0.003248 -0.018181
v -0.017015 -0.001629 -0.018367
v -0.017015 0.003248 -0.018181
v -0.021300 0.002923 -0.016063
v -0.021300 0.007161 -0.014907
v -0.025586 0.006365 -0.012917
v -0.025586 0.009801 -0.011064
v -0.004158 -0.012279 -0.022005
v -0.008443 -0.005818 -0.022047
v -0.012729 0.000000 -0.020571
v -0.017015 0.004848 -0.017873
v -0.021300 0.008501 -0.014311
v -0.025586 0.010842 -0.010279
v -0.004158 -0.010343 -0.022866
v -0.008443 -0.003898 -0.022417
v -0.012729 0.001792 -0.020503
v -0.017015 0.006421 -0.017444
v -0.021300 0.009792 -0.013615
v -0.025586 0.011820 -0.009416
v -0.004158 -0.008347 -0.023577
v -0.008443 -0.001954 -0.022640
v -0.012729 0.003573 -0.020299
v -0.017015 0.007956 -0.016897
v -0.021300 0.011027 -0.012823
v -0.025586 0.012730 -0.008482
v -0.004158 -0.006303 -0.024135
v -0.008443 0.000000 -0.022714
v -0.012729 0.005333 -0.019960
v -0.017015 0.009446 -0.016235
v -0.021300 0.012197 -0.011939
v -0.025586 0.013565 -0.007481
v -0.004158 -0.004222 -0.024535
v -0.008443 0.001954 -0.022640
v -0.012729 0.007063 -0.019488
v -0.017015 0.010880 -0.015461
v -0.021300 0.013298 -0.010968
v -0.025586 0.014323 -0.006420
v -0.004158 -0.002117 -0.024777
v -0.008443 0.003898 -0.022417
v -0.012729 0.008752 -0.018886
v -0.017015 0.012252 -0.014581
v -0.021300 0.014321 -0.009917
v -0.025586 0.014997 -0.005304
v -0.004158 0.000000 -0.024857
v -0.008443 0.005818 -0.022047
v -0.012729 0.010390 -0.018158
v -0.017015 0.013553 -0.013599
v -0.021300 0.015261 -0.008791
v -0.025586 0.015585 -0.004140
v -0.004158 0.002117 -0.024777
v -0.008443 0.007705 -0.021533
v -0.012729 0.011968 -0.017307
v -0.017015 0.014775 -0.012520
v -0.021300 0.016113 -0.007597
v -0.025586 0.016083 -0.002935
v -0.004158 0.004222 -0.024535
v -0.008443 0.009547 -0.020876
v -0.012729 0.013477 -0.016339
v -0.017015 0.015912 -0.011353
v -0.021300 0.016872 -0.006342
v -0.025586 0.016487 -0.001695
v -0.004158 0.006303 -0.024135
v -0.008443 0.011335 -0.020081
v -0.012729 0.014908 -0.015258
v -0.017015 0.016957 -0.010102
v -0.021300 0.017533 -0.005033
v -0.004158 0.008347 -0.023577
v -0.008443 0.013056 -0.019153
v -0.012729 0.016253 -0.014072
v -0.017015 0.017904 -0.008775
v -0.021300 0.018093 -0.003677
v -0.004158 0.010343 -0.022866
v -0.008443 0.014702 -0.018097
v -0.012729 0.017503 -0.012788
v -0.017015 0.018747 -0.007380
v -0.021300 0.018548 -0.002282
v -0.004158 0.012279 -0.022005
v -0.008443 0.016263 -0.016918
v -0.012729 0.018652 -0.011412
v -0.017015 0.019481 -0.005925
v -0.004158 0.014144 -0.020999
v -0.008443 0.017730 -0.015624
v -0.012729 0.019694 -0.009952
v -0.017015 0.020103 -0.004419
v -0.004158 0.015927 -0.019855
v -0.008443 0.019094 -0.014223
v -0.012729 0.020621 -0.008418
v -0.017015 0.020609 -0.002869
v -0.004158 0.017618 -0.018578
v -0.008443 0.020348 -0.012722
v -0.012729 0.021430 -0.006818
v -0.004158 0.019208 -0.017177
v -0.008443 0.021484 -0.011130
v -0.012729 0.022114 -0.005160
v -0.004158 0.020685 -0.015658
v -0.008443 0.022496 -0.009456
v -0.012729 0.022670 -0.003456
v -0.004158 0.022044 -0.014032
v -0.008443 0.023378 -0.007710
v -0.004158 0.023275 -0.012307
v -0.008443 0.024124 -0.005902
v -0.004158 0.024371 -0.010494
v -0.008443 0.024731 -0.004043
v -0.004158 0.025326 -0.008603
v -0.004158 0.026134 -0.006644
v -0.004158 0.026792 -0.004630
v -0.025586 -0.016487 -0.001695
v -0.025586 -0.016083 -0.002935
v -0.025586 -0.015585 -0.004140
v -0.021300 -0.018548 -0.002282
v -0.025586 -0.014997 -0.005304
v -0.021300 -0.018093 -0.003677
v -0.025586 -0.014323 -0.006420
v -0.021300 -0.017533 -0.005033
v -0.025586 -0.013565 -0.007481
v -0.017015 -0.020609 -0.002869
v -0.021300 -0.016872 -0.006342
v -0.025586 -0.012730 -0.008482
v -0.017015 -0.020103 -0.004419
v -0.021300 -0.016113 -0.007597
v -0.025586 -0.011820 -0.009416
v -0.017015 -0.019481 -0.005925
v -0.021300 -0.015261 -0.008791
v -0.025586 -0.010842 -0.010279
v -0.012729 -0.022670 -0.003456
v -0.017015 -0.018747 -0.007380
v -0.021300 -0.014321 -0.009917
v -0.025586 -0.009801 -0.011064
v -0.012729 -0.022114 -0.005160
v -0.017015 -0.017904 -0.008775
v -0.021300 -0.013298 -0.010968
v -0.025586 -0.008704 -0.011769
v -0.012729 -0.021430 -0.006818
v -0.017015 -0.016957 -0.010102
v -0.021300 -0.012197 -0.011939
v -0.025586 -0.007556 -0.012388
v -0.008443 -0.024731 -0.004043
v -0.012729 -0.020621 -0.008418
v -0.017015 -0.015912 -0.011353
v -0.021300 -0.011027 -0.012823
v -0.025586 -0.006365 -0.012917
v -0.008443 -0.024124 -0.005902
v -0.012729 -0.019694 -0.009952
v -0.017015 -0.014775 -0.012520
v -0.021300 -0.009792 -0.013615
v -0.025586 -0.005137 -0.013355
v -0.008443 -0.023378 -0.007710
v -0.012729 -0.018652 -0.011412
v -0.017015 -0.013553 -0.013599
v -0.021300 -0.008501 -0.014311
v -0.025586 -0.003879 -0.013698
v -0.004158 -0.026792 -0.004630
v -0.008443 -0.022496 -0.009456
v -0.012729 -0.017503 -0.012788
v -0.017015 -0.012252 -0.014581
v -0.021300 -0.007161 -0.014907
v -0.025586 -0.002598 -0.013945
v -0.004158 -0.026134 -0.006644
v -0.008443 -0.021484 -0.011130
v -0.012729 -0.016253 -0.014072
v -0.017015 -0.010880 -0.015461
v -0.021300 -0.005779 -0.015400
v -0.025586 -0.001303 -0.014093
v -0.004158 -0.025326 -0.008603
v -0.008443 -0.020348 -0.012722
v -0.012729 -0.014908 -0.015258
v -0.017015 -0.009446 -0.016235
v -0.021300 -0.004364 -0.015786
v -0.025586 0.000000 -0.014143
v -0.004158 -0.024371 -0.010494
v -0.008443 -0.019094 -0.014223
v -0.012729 -0.013477 -0.016339
v -0.017015 -0.007956 -0.016897
v -0.021300 -0.002923 -0.016063
v -0.025586 0.001303 -0.014093
v -0.004158 -0.023275 -0.012307
v -0.008443 -0.017730 -0.015624
v -0.012729 -0.011968 -0.017307
v -0.017015 -0.006421 -0.017444
v -0.021300 -0.001466 -0.016230
v -0.025586 0.002598 -0.013945
v -0.004158 -0.022044 -0.014032
v -0.008443 -0.016263 -0.016918
v -0.012729 -0.010390 -0.018158
v -0.017015 -0.004848 -0.017873
v -0.025586 0.003879 -0.013698
v -0.004158 -0.020685 -0.015658
v -0.004158 -0.019208 -0.017177
v -0.004158 -0.017618 -0.018578
v -0.631564 0.042000 0.007500
v -0.571564 0.042000 0.007500
v -0.631564 0.042000 0.004500
v -0.571564 0.042000 0.004500
v -0.631564 -0.042000 0.007500
v -0.631564 -0.042000 0.004500
v -0.571564 -0.042000 0.007500
v -0.571564 -0.042000 0.004500
v -0.631564 0.138000 0.007500
v -0.571564 0.138000 0.007500
v -0.631564 0.138000 0.004500
v -0.571564 0.138000 0.004500
v -0.631564 0.054000 0.007500
v -0.631564 0.054000 0.004500
v -0.571564 0.054000 0.007500
v -0.571564 0.054000 0.004500
v -0.631564 0.234000 0.007500
v -0.571564 0.234000 0.007500
v -0.631564 0.234000 0.004500
v -0.571564 0.234000 0.004500
v -0.631564 0.150000 0.007500
v -0.631564 0.150000 0.004500
v -0.571564 0.150000 0.007500
v -0.571564 0.150000 0.004500
v -0.631564 -0.054000 0.007500
v -0.571564 -0.054000 0.007500
v -0.631564 -0.054000 0.004500
v -0.571564 -0.054000 0.004500
v -0.631564 -0.138000 0.007500
v -0.631564 -0.138000 0.004500
v -0.571564 -0.138000 0.007500
v -0.571564 -0.138000 0.004500
v -0.631564 -0.150000 0.007500
v -0.571564 -0.150000 0.007500
v -0.631564 -0.150000 0.004500
v -0.571564 -0.150000 0.004500
v -0.631564 -0.234000 0.007500
v -0.631564 -0.234000 0.004500
v -0.571564 -0.234000 0.007500
v -0.571564 -0.234000 0.004500
v -0.703564 0.042000 0.007500
v -0.643564 0.042000 0.007500
v -0.703564 0.042000 0.004500
v -0.643564 0.042000 0.004500
v -0.703564 -0.042000 0.007500
v -0.703564 -0.042000 0.004500
v -0.643564 -0.042000 0.007500
v -0.643564 -0.042000 0.004500
v -0.775564 0.042000 0.007500
v -0.715564 0.042000 0.007500
v -0.775564 0.042000 0.004500
v -0.715564 0.042000 0.004500
v -0.775564 -0.042000 0.007500
v -0.775564 -0.042000 0.004500
v -0.715564 -0.042000 0.007500
v -0.715564 -0.042000 0.004500
v -0.559564 0.042000 0.007500
v -0.499564 0.042000 0.007500
v -0.559564 0.042000 0.004500
v -0.499564 0.042000 0.004500
v -0.559564 -0.042000 0.007500
v -0.559564 -0.042000 0.004500
v -0.499564 -0.042000 0.007500
v -0.499564 -0.042000 0.004500
v -0.487564 0.042000 0.007500
v -0.427564 0.042000 0.007500
v -0.487564 0.042000 0.004500
v -0.427564 0.042000 0.004500
v -0.487564 -0.042000 0.007500
v -0.487564 -0.042000 0.004500
v -0.427564 -0.042000 0.007500
v -0.427564 -0.042000 0.004500
v -0.703564 0.138000 0.007500
v -0.643564 0.138000 0.007500
v -0.703564 0.138000 0.004500
v -0.643564 0.138000 0.004500
v -0.703564 0.054000 0.007500
v -0.703564 0.054000 0.004500
v -0.643564 0.054000 0.007500
v -0.643564 0.054000 0.004500
v -0.775564 0.138000 0.007500
v -0.715564 0.138000 0.007500
v -0.775564 0.138000 0.004500
v -0.715564 0.138000 0.004500
v -0.775564 0.054000 0.007500
v -0.775564 0.054000 0.004500
v -0.715564 0.054000 0.007500
v -0.715564 0.054000 0.004500
v -0.559564 0.138000 0.007500
v -0.499564 0.138000 0.007500
v -0.559564 0.138000 0.004500
v -0.499564 0.138000 0.004500
v -0.559564 0.054000 0.007500
v -0.559564 0.054000 0.004500
v -0.499564 0.054000 0.007500
v -0.499564 0.054000 0.004500
v -0.487564 0.138000 0.007500
v -0.427564 0.138000 0.007500
v -0.487564 0.138000 0.004500
v -0.427564 0.138000 0.004500
v -0.487564 0.054000 0.007500
v -0.487564 0.054000 0.004500
v -0.427564 0.054000 0.007500
v -0.427564 0.054000 0.004500
v -0.703564 0.234000 0.007500
v -0.643564 0.234000 0.007500
v -0.703564 0.234000 0.004500
v -0.643564 0.234000 0.004500
v -0.703564 0.150000 0.007500
v -0.703564 0.150000 0.004500
v -0.643564 0.150000 0.007500
v -0.643564 0.150000 0.004500
v -0.775564 0.234000 0.007500
v -0.715564 0.234000 0.007500
v -0.775564 0.234000 0.004500
v -0.715564 0.234000 0.004500
v -0.775564 0.150000 0.007500
v -0.775564 0.150000 0.004500
v -0.715564 0.150000 0.007500
v -0.715564 0.150000 0.004500
v -0.559564 0.234000 0.007500
v -0.499564 0.234000 0.007500
v -0.559564 0.234000 0.004500
v -0.499564 0.234000 0.004500
v -0.559564 0.150000 0.007500
v -0.559564 0.150000 0.004500
v -0.499564 0.150000 0.007500
v -0.499564 0.150000 0.004500
v -0.487564 0.234000 0.007500
v -0.427564 0.234000 0.007500
v -0.487564 0.234000 0.004500
v -0.427564 0.234000 0.004500
v -0.487564 0.150000 0.007500
v -0.487564 0.150000 0.004500
v -0.427564 0.150000 0.007500
v -0.427564 0.150000 0.004500
v -0.703564 -0.054000 0.007500
v -0.643564 -0.054000 0.007500
v -0.703564 -0.054000 0.004500
v -0.643564 -0.054000 0.004500
v -0.703564 -0.138000 0.007500
v -0.703564 -0.138000 0.004500
v -0.643564 -0.138000 0.007500
v -0.643564 -0.138000 0.004500
v -0.775564 -0.054000 0.007500
v -0.715564 -0.054000 0.007500
v -0.775564 -0.054000 0.004500
v -0.715564 -0.054000 0.004500
v -0.775564 -0.138000 0.007500
v -0.775564 -0.138000 0.004500
v -0.715564 -0.138000 0.007500
v -0.715564 -0.138000 0.004500
v -0.559564 -0.054000 0.007500
v -0.499564 -0.054000 0.007500
v -0.559564 -0.054000 0.004500
v -0.499564 -0.054000 0.004500
v -0.559564 -0.138000 0.007500
v -0.559564 -0.138000 0.004500
v -0.499564 -0.138000 0.007500
v -0.499564 -0.138000 0.004500
v -0.487564 -0.054000 0.007500
v -0.427564 -0.054000 0.007500
v -0.487564 -0.054000 0.004500
v -0.427564 -0.054000 0.004500
v -0.487564 -0.138000 0.007500
v -0.487564 -0.138000 0.004500
v -0.427564 -0.138000 0.007500
v -0.427564 -0.138000 0.004500
v -0.703564 -0.150000 0.007500
v -0.643564 -0.150000 0.007500
v -0.703564 -0.150000 0.004500
v -0.643564 -0.150000 0.004500
v -0.703564 -0.234000 0.007500
v -0.703564 -0.234000 0.004500
v -0.643564 -0.234000 0.007500
v -0.643564 -0.234000 0.004500
v -0.775564 -0.150000 0.007500
v -0.715564 -0.150000 0.007500
v -0.775564 -0.150000 0.004500
v -0.715564 -0.150000 0.004500
v -0.775564 -0.234000 0.007500
v -0.775564 -0.234000 0.004500
v -0.715564 -0.234000 0.007500
v -0.715564 -0.234000 0.004500
v -0.559564 -0.150000 0.007500
v -0.499564 -0.150000 0.007500
v -0.559564 -0.150000 0.004500
v -0.499564 -0.150000 0.004500
v -0.559564 -0.234000 0.007500
v -0.559564 -0.234000 0.004500
v -0.499564 -0.234000 0.007500
v -0.499564 -0.234000 0.004500
v -0.487564 -0.150000 0.007500
v -0.427564 -0.150000 0.007500
v -0.487564 -0.150000 0.004500
v -0.427564 -0.150000 0.004500
v -0.487564 -0.234000 0.007500
v -0.487564 -0.234000 0.004500
v -0.427564 -0.234000 0.007500
v -0.427564 -0.234000 0.004500
v -0.631564 -0.042000 -0.001500
v -0.571564 -0.042000 -0.001500
v -0.631564 -0.042000 0.001500
v -0.571564 -0.042000 0.001500
v -0.631564 0.042000 -0.001500
v -0.631564 0.042000 0.001500
v -0.571564 0.042000 -0.001500
v -0.571564 0.042000 0.001500
v -0.631564 -0.138000 -0.001500
v -0.571564 -0.138000 -0.001500
v -0.631564 -0.138000 0.001500
v -0.571564 -0.138000 0.001500
v -0.631564 -0.054000 -0.001500
v -0.631564 -0.054000 0.001500
v -0.571564 -0.054000 -0.001500
v -0.571564 -0.054000 0.001500
v -0.631564 -0.234000 -0.001500
v -0.571564 -0.234000 -0.001500
v -0.631564 -0.234000 0.001500
v -0.571564 -0.234000 0.001500
v -0.631564 -0.150000 -0.001500
v -0.631564 -0.150000 0.001500
v -0.571564 -0.150000 -0.001500
v -0.571564 -0.150000 0.001500
v -0.631564 0.054000 -0.001500
v -0.571564 0.054000 -0.001500
v -0.631564 0.054000 0.001500
v -0.571564 0.054000 0.001500
v -0.631564 0.138000 -0.001500
v -0.631564 0.138000 0.001500
v -0.571564 0.138000 -0.001500
v -0.571564 0.138000 0.001500
v -0.631564 0.150000 -0.001500
v -0.571564 0.150000 -0.001500
v -0.631564 0.150000 0.001500
v -0.571564 0.150000 0.001500
v -0.631564 0.234000 -0.001500
v -0.631564 0.234000 0.001500
v -0.571564 0.234000 -0.001500
v -0.571564 0.234000 0.001500
v -0.703564 -0.042000 -0.001500
v -0.643564 -0.042000 -0.001500
v -0.703564 -0.042000 0.001500
v -0.643564 -0.042000 0.001500
v -0.703564 0.042000 -0.001500
v -0.703564 0.042000 0.001500
v -0.643564 0.042000 -0.001500
v -0.643564 0.042000 0.001500
v -0.775564 -0.042000 -0.001500
v -0.715564 -0.042000 -0.001500
v -0.775564 -0.042000 0.001500
v -0.715564 -0.042000 0.001500
v -0.775564 0.042000 -0.001500
v -0.775564 0.042000 0.001500
v -0.715564 0.042000 -0.001500
v -0.715564 0.042000 0.001500
v -0.559564 -0.042000 -0.001500
v -0.499564 -0.042000 -0.001500
v -0.559564 -0.042000 0.001500
v -0.499564 -0.042000 0.001500
v -0.559564 0.042000 -0.001500
v -0.559564 0.042000 0.001500
v -0.499564 0.042000 -0.001500
v -0.499564 0.042000 0.001500
v -0.487564 -0.042000 -0.001500
v -0.427564 -0.042000 -0.001500
v -0.487564 -0.042000 0.001500
v -0.427564 -0.042000 0.001500
v -0.487564 0.042000 -0.001500
v -0.487564 0.042000 0.001500
v -0.427564 0.042000 -0.001500
v -0.427564 0.042000 0.001500
v -0.703564 -0.138000 -0.001500
v -0.643564 -0.138000 -0.001500
v -0.703564 -0.138000 0.001500
v -0.643564 -0.138000 0.001500
v -0.703564 -0.054000 -0.001500
v -0.703564 -0.054000 0.001500
v -0.643564 -0.054000 -0.001500
v -0.643564 -0.054000 0.001500
v -0.775564 -0.138000 -0.001500
v -0.715564 -0.138000 -0.001500
v -0.775564 -0.138000 0.001500
v -0.715564 -0.138000 0.001500
v -0.775564 -0.054000 -0.001500
v -0.775564 -0.054000 0.001500
v -0.715564 -0.054000 -0.001500
v -0.715564 -0.054000 0.001500
v -0.559564 -0.138000 -0.001500
v -0.499564 -0.138000 -0.001500
v -0.559564 -0.138000 0.001500
v -0.499564 -0.138000 0.001500
v -0.559564 -0.054000 -0.001500
v -0.559564 -0.054000 0.001500
v -0.499564 -0.054000 -0.001500
v -0.499564 -0.054000 0.001500
v -0.487564 -0.138000 -0.001500
v -0.427564 -0.138000 -0.001500
v -0.487564 -0.138000 0.001500
v -0.427564 -0.138000 0.001500
v -0.487564 -0.054000 -0.001500
v -0.487564 -0.054000 0.001500
v -0.427564 -0.054000 -0.001500
v -0.427564 -0.054000 0.001500
v -0.703564 -0.234000 -0.001500
v -0.643564 -0.234000 -0.001500
v -0.703564 -0.234000 0.001500
v -0.643564 -0.234000 0.001500
v -0.703564 -0.150000 -0.001500
v -0.703564 -0.150000 0.001500
v -0.643564 -0.150000 -0.001500
v -0.643564 -0.150000 0.001500
v -0.775564 -0.234000 -0.001500
v -0.715564 -0.234000 -0.001500
v -0.775564 -0.234000 0.001500
v -0.715564 -0.234000 0.001500
v -0.775564 -0.150000 -0.001500
v -0.775564 -0.150000 0.001500
v -0.715564 -0.150000 -0.001500
v -0.715564 -0.150000 0.001500
v -0.559564 -0.234000 -0.001500
v -0.499564 -0.234000 -0.001500
v -0.559564 -0.234000 0.001500
v -0.499564 -0.234000 0.001500
v -0.559564 -0.150000 -0.001500
v -0.559564 -0.150000 0.001500
v -0.499564 -0.150000 -0.001500
v -0.499564 -0.150000 0.001500
v -0.487564 -0.234000 -0.001500
v -0.427564 -0.234000 -0.001500
v -0.487564 -0.234000 0.001500
v -0.427564 -0.234000 0.001500
v -0.487564 -0.150000 -0.001500
v -0.487564 -0.150000 0.001500
v -0.427564 -0.150000 -0.001500
v -0.427564 -0.150000 0.001500
v -0.703564 0.054000 -0.001500
v -0.643564 0.054000 -0.001500
v -0.703564 0.054000 0.001500
v -0.643564 0.054000 0.001500
v -0.703564 0.138000 -0.001500
v -0.703564 0.138000 0.001500
v -0.643564 0.138000 -0.001500
v -0.643564 0.138000 0.001500
v -0.775564 0.054000 -0.001500
v -0.715564 0.054000 -0.001500
v -0.775564 0.054000 0.001500
v -0.715564 0.054000 0.001500
v -0.775564 0.138000 -0.001500
v -0.775564 0.138000 0.001500
v -0.715564 0.138000 -0.001500
v -0.715564 0.138000 0.001500
v -0.559564 0.054000 -0.001500
v -0.499564 0.054000 -0.001500
v -0.559564 0.054000 0.001500
v -0.499564 0.054000 0.001500
v -0.559564 0.138000 -0.001500
v -0.559564 0.138000 0.001500
v -0.499564 0.138000 -0.001500
v -0.499564 0.138000 0.001500
v -0.487564 0.054000 -0.001500
v -0.427564 0.054000 -0.001500
v -0.487564 0.054000 0.001500
v -0.427564 0.054000 0.001500
v -0.487564 0.138000 -0.001500
v -0.487564 0.138000 0.001500
v -0.427564 0.138000 -0.001500
v -0.427564 0.138000 0.001500
v -0.703564 0.150000 -0.001500
v -0.643564 0.150000 -0.001500
v -0.703564 0.150000 0.001500
v -0.643564 0.150000 0.001500
v -0.703564 0.234000 -0.001500
v -0.703564 0.234000 0.001500
v -0.643564 0.234000 -0.001500
v -0.643564 0.234000 0.001500
v -0.775564 0.150000 -0.001500
v -0.715564 0.150000 -0.001500
v -0.775564 0.150000 0.001500
v -0.715564 0.150000 0.001500
v -0.775564 0.234000 -0.001500
v -0.775564 0.234000 0.001500
v -0.715564 0.234000 -0.001500
v -0.715564 0.234000 0.001500
v -0.559564 0.150000 -0.001500
v -0.499564 0.150000 -0.001500
v -0.559564 0.150000 0.001500
v -0.499564 0.150000 0.001500
v -0.559564 0.234000 -0.001500
v -0.559564 0.234000 0.001500
v -0.499564 0.234000 -0.001500
v -0.499564 0.234000 0.001500
v -0.487564 0.150000 -0.001500
v -0.427564 0.150000 -0.001500
v -0.487564 0.150000 0.001500
v -0.427564 0.150000 0.001500
v -0.487564 0.234000 -0.001500
v -0.487564 0.234000 0.001500
v -0.427564 0.234000 -0.001500
v -0.427564 0.234000 0.001500
v -0.997564 0.042000 0.007500
v -0.937564 0.042000 0.007500
v -0.997564 0.042000 0.004500
v -0.937564 0.042000 0.004500
v -0.997564 -0.042000 0.007500
v -0.997564 -0.042000 0.004500
v -0.937564 -0.042000 0.007500
v -0.937564 -0.042000 0.004500
v -0.997564 0.138000 0.007500
v -0.937564 0.138000 0.007500
v -0.997564 0.138000 0.004500
v -0.937564 0.138000 0.004500
v -0.997564 0.054000 0.007500
v -0.997564 0.054000 0.004500
v -0.937564 0.054000 0.007500
v -0.937564 0.054000 0.004500
v -0.997564 0.234000 0.007500
v -0.937564 0.234000 0.007500
v -0.997564 0.234000 0.004500
v -0.937564 0.234000 0.004500
v -0.997564 0.150000 0.007500
v -0.997564 0.150000 0.004500
v -0.937564 0.150000 0.007500
v -0.937564 0.150000 0.004500
v -0.997564 -0.054000 0.007500
v -0.937564 -0.054000 0.007500
v -0.997564 -0.054000 0.004500
v -0.937564 -0.054000 0.004500
v -0.997564 -0.138000 0.007500
v -0.997564 -0.138000 0.004500
v -0.937564 -0.138000 0.007500
v -0.937564 -0.138000 0.004500
v -0.997564 -0.150000 0.007500
v -0.937564 -0.150000 0.007500
v -0.997564 -0.150000 0.004500
v -0.937564 -0.150000 0.004500
v -0.997564 -0.234000 0.007500
v -0.997564 -0.234000 0.004500
v -0.937564 -0.234000 0.007500
v -0.937564 -0.234000 0.004500
v -1.069564 0.042000 0.007500
v -1.009564 0.042000 0.007500
v -1.069564 0.042000 0.004500
v -1.009564 0.042000 0.004500
v -1.069564 -0.042000 0.007500
v -1.069564 -0.042000 0.004500
v -1.009564 -0.042000 0.007500
v -1.009564 -0.042000 0.004500
v -1.141564 0.042000 0.007500
v -1.081564 0.042000 0.007500
v -1.141564 0.042000 0.004500
v -1.081564 0.042000 0.004500
v -1.141564 -0.042000 0.007500
v -1.141564 -0.042000 0.004500
v -1.081564 -0.042000 0.007500
v -1.081564 -0.042000 0.004500
v -0.925564 0.042000 0.007500
v -0.865564 0.042000 0.007500
v -0.925564 0.042000 0.004500
v -0.865564 0.042000 0.004500
v -0.925564 -0.042000 0.007500
v -0.925564 -0.042000 0.004500
v -0.865564 -0.042000 0.007500
v -0.865564 -0.042000 0.004500
v -0.853564 0.042000 0.007500
v -0.793564 0.042000 0.007500
v -0.853564 0.042000 0.004500
v -0.793564 0.042000 0.004500
v -0.853564 -0.042000 0.007500
v -0.853564 -0.042000 0.004500
v -0.793564 -0.042000 0.007500
v -0.793564 -0.042000 0.004500
v -1.069564 0.138000 0.007500
v -1.009564 0.138000 0.007500
v -1.069564 0.138000 0.004500
v -1.009564 0.138000 0.004500
v -1.069564 0.054000 0.007500
v -1.069564 0.054000 0.004500
v -1.009564 0.054000 0.007500
v -1.009564 0.054000 0.004500
v -1.141564 0.138000 0.007500
v -1.081564 0.138000 0.007500
v -1.141564 0.138000 0.004500
v -1.081564 0.138000 0.004500
v -1.141564 0.054000 0.007500
v -1.141564 0.054000 0.004500
v -1.081564 0.054000 0.007500
v -1.081564 0.054000 0.004500
v -0.925564 0.138000 0.007500
v -0.865564 0.138000 0.007500
v -0.925564 0.138000 0.004500
v -0.865564 0.138000 0.004500
v -0.925564 0.054000 0.007500
v -0.925564 0.054000 0.004500
v -0.865564 0.054000 0.007500
v -0.865564 0.054000 0.004500
v -0.853564 0.138000 0.007500
v -0.793564 0.138000 0.007500
v -0.853564 0.138000 0.004500
v -0.793564 0.138000 0.004500
v -0.853564 0.054000 0.007500
v -0.853564 0.054000 0.004500
v -0.793564 0.054000 0.007500
v -0.793564 0.054000 0.004500
v -1.069564 0.234000 0.007500
v -1.009564 0.234000 0.007500
v -1.069564 0.234000 0.004500
v -1.009564 0.234000 0.004500
v -1.069564 0.150000 0.007500
v -1.069564 0.150000 0.004500
v -1.009564 0.150000 0.007500
v -1.009564 0.150000 0.004500
v -1.141564 0.234000 0.007500
v -1.081564 0.234000 0.007500
v -1.141564 0.234000 0.004500
v -1.081564 0.234000 0.004500
v -1.141564 0.150000 0.007500
v -1.141564 0.150000 0.004500
v -1.081564 0.150000 0.007500
v -1.081564 0.150000 0.004500
v -0.925564 0.234000 0.007500
v -0.865564 0.234000 0.007500
v -0.925564 0.234000 0.004500
v -0.865564 0.234000 0.004500
v -0.925564 0.150000 0.007500
v -0.925564 0.150000 0.004500
v -0.865564 0.150000 0.007500
v -0.865564 0.150000 0.004500
v -0.853564 0.234000 0.007500
v -0.793564 0.234000 0.007500
v -0.853564 0.234000 0.004500
v -0.793564 0.234000 0.004500
v -0.853564 0.150000 0.007500
v -0.853564 0.150000 0.004500
v -0.793564 0.150000 0.007500
v -0.793564 0.150000 0.004500
v -1.069564 -0.054000 0.007500
v -1.009564 -0.054000 0.007500
v -1.069564 -0.054000 0.004500
v -1.009564 -0.054000 0.004500
v -1.069564 -0.138000 0.007500
v -1.069564 -0.138000 0.004500
v -1.009564 -0.138000 0.007500
v -1.009564 -0.138000 0.004500
v -1.141564 -0.054000 0.007500
v -1.081564 -0.054000 0.007500
v -1.141564 -0.054000 0.004500
v -1.081564 -0.054000 0.004500
v -1.141564 -0.138000 0.007500
v -1.141564 -0.138000 0.004500
v -1.081564 -0.138000 0.007500
v -1.081564 -0.138000 0.004500
v -0.925564 -0.054000 0.007500
v -0.865564 -0.054000 0.007500
v -0.925564 -0.054000 0.004500
v -0.865564 -0.054000 0.004500
v -0.925564 -0.138000 0.007500
v -0.925564 -0.138000 0.004500
v -0.865564 -0.138000 0.007500
v -0.865564 -0.138000 0.004500
v -0.853564 -0.054000 0.007500
v -0.793564 -0.054000 0.007500
v -0.853564 -0.054000 0.004500
v -0.793564 -0.054000 0.004500
v -0.853564 -0.138000 0.007500
v -0.853564 -0.138000 0.004500
v -0.793564 -0.138000 0.007500
v -0.793564 -0.138000 0.004500
v -1.069564 -0.150000 0.007500
v -1.009564 -0.150000 0.007500
v -1.069564 -0.150000 0.004500
v -1.009564 -0.150000 0.004500
v -1.069564 -0.234000 0.007500
v -1.069564 -0.234000 0.004500
v -1.009564 -0.234000 0.007500
v -1.009564 -0.234000 0.004500
v -1.141564 -0.150000 0.007500
v -1.081564 -0.150000 0.007500
v -1.141564 -0.150000 0.004500
v -1.081564 -0.150000 0.004500
v -1.141564 -0.234000 0.007500
v -1.141564 -0.234000 0.004500
v -1.081564 -0.234000 0.007500
v -1.081564 -0.234000 0.004500
v -0.925564 -0.150000 0.007500
v -0.865564 -0.150000 0.007500
v -0.925564 -0.150000 0.004500
v -0.865564 -0.150000 0.004500
v -0.925564 -0.234000 0.007500
v -0.925564 -0.234000 0.004500
v -0.865564 -0.234000 0.007500
v -0.865564 -0.234000 0.004500
v -0.853564 -0.150000 0.007500
v -0.793564 -0.150000 0.007500
v -0.853564 -0.150000 0.004500
v -0.793564 -0.150000 0.004500
v -0.853564 -0.234000 0.007500
v -0.853564 -0.234000 0.004500
v -0.793564 -0.234000 0.007500
v -0.793564 -0.234000 0.004500
v -0.997564 -0.042000 -0.001500
v -0.937564 -0.042000 -0.001500
v -0.997564 -0.042000 0.001500
v -0.937564 -0.042000 0.001500
v -0.997564 0.042000 -0.001500
v -0.997564 0.042000 0.001500
v -0.937564 0.042000 -0.001500
v -0.937564 0.042000 0.001500
v -0.997564 -0.138000 -0.001500
v -0.937564 -0.138000 -0.001500
v -0.997564 -0.138000 0.001500
v -0.937564 -0.138000 0.001500
v -0.997564 -0.054000 -0.001500
v -0.997564 -0.054000 0.001500
v -0.937564 -0.054000 -0.001500
v -0.937564 -0.054000 0.001500
v -0.997564 -0.234000 -0.001500
v -0.937564 -0.234000 -0.001500
v -0.997564 -0.234000 0.001500
v -0.937564 -0.234000 0.001500
v -0.997564 -0.150000 -0.001500
v -0.997564 -0.150000 0.001500
v -0.937564 -0.150000 -0.001500
v -0.937564 -0.150000 0.001500
v -0.997564 0.054000 -0.001500
v -0.937564 0.054000 -0.001500
v -0.997564 0.054000 0.001500
v -0.937564 0.054000 0.001500
v -0.997564 0.138000 -0.001500
v -0.997564 0.138000 0.001500
v -0.937564 0.138000 -0.001500
v -0.937564 0.138000 0.001500
v -0.997564 0.150000 -0.001500
v -0.937564 0.150000 -0.001500
v -0.997564 0.150000 0.001500
v -0.937564 0.150000 0.001500
v -0.997564 0.234000 -0.001500
v -0.997564 0.234000 0.001500
v -0.937564 0.234000 -0.001500
v -0.937564 0.234000 0.001500
v -1.069564 -0.042000 -0.001500
v -1.009564 -0.042000 -0.001500
v -1.069564 -0.042000 0.001500
v -1.009564 -0.042000 0.001500
v -1.069564 0.042000 -0.001500
v -1.069564 0.042000 0.001500
v -1.009564 0.042000 -0.001500
v -1.009564 0.042000 0.001500
v -1.141564 -0.042000 -0.001500
v -1.081564 -0.042000 -0.001500
v -1.141564 -0.042000 0.001500
v -1.081564 -0.042000 0.001500
v -1.141564 0.042000 -0.001500
v -1.141564 0.042000 0.001500
v -1.081564 0.042000 -0.001500
v -1.081564 0.042000 0.001500
v -0.925564 -0.042000 -0.001500
v -0.865564 -0.042000 -0.001500
v -0.925564 -0.042000 0.001500
v -0.865564 -0.042000 0.001500
v -0.925564 0.042000 -0.001500
v -0.925564 0.042000 0.001500
v -0.865564 0.042000 -0.001500
v -0.865564 0.042000 0.001500
v -0.853564 -0.042000 -0.001500
v -0.793564 -0.042000 -0.001500
v -0.853564 -0.042000 0.001500
v -0.793564 -0.042000 0.001500
v -0.853564 0.042000 -0.001500
v -0.853564 0.042000 0.001500
v -0.793564 0.042000 -0.001500
v -0.793564 0.042000 0.001500
v -1.069564 -0.138000 -0.001500
v -1.009564 -0.138000 -0.001500
v -1.069564 -0.138000 0.001500
v -1.009564 -0.138000 0.001500
v -1.069564 -0.054000 -0.001500
v -1.069564 -0.054000 0.001500
v -1.009564 -0.054000 -0.001500
v -1.009564 -0.054000 0.001500
v -1.141564 -0.138000 -0.001500
v -1.081564 -0.138000 -0.001500
v -1.141564 -0.138000 0.001500
v -1.081564 -0.138000 0.001500
v -1.141564 -0.054000 -0.001500
v -1.141564 -0.054000 0.001500
v -1.081564 -0.054000 -0.001500
v -1.081564 -0.054000 0.001500
v -0.925564 -0.138000 -0.001500
v -0.865564 -0.138000 -0.001500
v -0.925564 -0.138000 0.001500
v -0.865564 -0.138000 0.001500
v -0.925564 -0.054000 -0.001500
v -0.925564 -0.054000 0.001500
v -0.865564 -0.054000 -0.001500
v -0.865564 -0.054000 0.001500
v -0.853564 -0.138000 -0.001500
v -0.793564 -0.138000 -0.001500
v -0.853564 -0.138000 0.001500
v -0.793564 -0.138000 0.001500
v -0.853564 -0.054000 -0.001500
v -0.853564 -0.054000 0.001500
v -0.793564 -0.054000 -0.001500
v -0.793564 -0.054000 0.001500
v -1.069564 -0.234000 -0.001500
v -1.009564 -0.234000 -0.001500
v -1.069564 -0.234000 0.001500
v -1.009564 -0.234000 0.001500
v -1.069564 -0.150000 -0.001500
v -1.069564 -0.150000 0.001500
v -1.009564 -0.150000 -0.001500
v -1.009564 -0.150000 0.001500
v -1.141564 -0.234000 -0.001500
v -1.081564 -0.234000 -0.001500
v -1.141564 -0.234000 0.001500
v -1.081564 -0.234000 0.001500
v -1.141564 -0.150000 -0.001500
v -1.141564 -0.150000 0.001500
v -1.081564 -0.150000 -0.001500
v -1.081564 -0.150000 0.001500
v -0.925564 -0.234000 -0.001500
v -0.865564 -0.234000 -0.001500
v -0.925564 -0.234000 0.001500
v -0.865564 -0.234000 0.001500
v -0.925564 -0.150000 -0.001500
v -0.925564 -0.150000 0.001500
v -0.865564 -0.150000 -0.001500
v -0.865564 -0.150000 0.001500
v -0.853564 -0.234000 -0.001500
v -0.793564 -0.234000 -0.001500
v -0.853564 -0.234000 0.001500
v -0.793564 -0.234000 0.001500
v -0.853564 -0.150000 -0.001500
v -0.853564 -0.150000 0.001500
v -0.793564 -0.150000 -0.001500
v -0.793564 -0.150000 0.001500
v -1.069564 0.054000 -0.001500
v -1.009564 0.054000 -0.001500
v -1.069564 0.054000 0.001500
v -1.009564 0.054000 0.001500
v -1.069564 0.138000 -0.001500
v -1.069564 0.138000 0.001500
v -1.009564 0.138000 -0.001500
v -1.009564 0.138000 0.001500
v -1.141564 0.054000 -0.001500
v -1.081564 0.054000 -0.001500
v -1.141564 0.054000 0.001500
v -1.081564 0.054000 0.001500
v -1.141564 0.138000 -0.001500
v -1.141564 0.138000 0.001500
v -1.081564 0.138000 -0.001500
v -1.081564 0.138000 0.001500
v -0.925564 0.054000 -0.001500
v -0.865564 0.054000 -0.001500
v -0.925564 0.054000 0.001500
v -0.865564 0.054000 0.001500
v -0.925564 0.138000 -0.001500
v -0.925564 0.138000 0.001500
v -0.865564 0.138000 -0.001500
v -0.865564 0.138000 0.001500
v -0.853564 0.054000 -0.001500
v -0.793564 0.054000 -0.001500
v -0.853564 0.054000 0.001500
v -0.793564 0.054000 0.001500
v -0.853564 0.138000 -0.001500
v -0.853564 0.138000 0.001500
v -0.793564 0.138000 -0.001500
v -0.793564 0.138000 0.001500
v -1.069564 0.150000 -0.001500
v -1.009564 0.150000 -0.001500
v -1.069564 0.150000 0.001500
v -1.009564 0.150000 0.001500
v -1.069564 0.234000 -0.001500
v -1.069564 0.234000 0.001500
v -1.009564 0.234000 -0.001500
v -1.009564 0.234000 0.001500
v -1.141564 0.150000 -0.001500
v -1.081564 0.150000 -0.001500
v -1.141564 0.150000 0.001500
v -1.081564 0.150000 0.001500
v -1.141564 0.234000 -0.001500
v -1.141564 0.234000 0.001500
v -1.081564 0.234000 -0.001500
v -1.081564 0.234000 0.001500
v -0.925564 0.150000 -0.001500
v -0.865564 0.150000 -0.001500
v -0.925564 0.150000 0.001500
v -0.865564 0.150000 0.001500
v -0.925564 0.234000 -0.001500
v -0.925564 0.234000 0.001500
v -0.865564 0.234000 -0.001500
v -0.865564 0.234000 0.001500
v -0.853564 0.150000 -0.001500
v -0.793564 0.150000 -0.001500
v -0.853564 0.150000 0.001500
v -0.793564 0.150000 0.001500
v -0.853564 0.234000 -0.001500
v -0.853564 0.234000 0.001500
v -0.793564 0.234000 -0.001500
v -0.793564 0.234000 0.001500
v -1.363564 0.042000 0.007500
v -1.303564 0.042000 0.007500
v -1.363564 0.042000 0.004500
v -1.303564 0.042000 0.004500
v -1.363564 -0.042000 0.007500
v -1.363564 -0.042000 0.004500
v -1.303564 -0.042000 0.007500
v -1.303564 -0.042000 0.004500
v -1.363564 0.138000 0.007500
v -1.303564 0.138000 0.007500
v -1.363564 0.138000 0.004500
v -1.303564 0.138000 0.004500
v -1.363564 0.054000 0.007500
v -1.363564 0.054000 0.004500
v -1.303564 0.054000 0.007500
v -1.303564 0.054000 0.004500
v -1.363564 0.234000 0.007500
v -1.303564 0.234000 0.007500
v -1.363564 0.234000 0.004500
v -1.303564 0.234000 0.004500
v -1.363564 0.150000 0.007500
v -1.363564 0.150000 0.004500
v -1.303564 0.150000 0.007500
v -1.303564 0.150000 0.004500
v -1.363564 -0.054000 0.007500
v -1.303564 -0.054000 0.007500
v -1.363564 -0.054000 0.004500
v -1.303564 -0.054000 0.004500
v -1.363564 -0.138000 0.007500
v -1.363564 -0.138000 0.004500
v -1.303564 -0.138000 0.007500
v -1.303564 -0.138000 0.004500
v -1.363564 -0.150000 0.007500
v -1.303564 -0.150000 0.007500
v -1.363564 -0.150000 0.004500
v -1.303564 -0.150000 0.004500
v -1.363564 -0.234000 0.007500
v -1.363564 -0.234000 0.004500
v -1.303564 -0.234000 0.007500
v -1.303564 -0.234000 0.004500
v -1.435564 0.042000 0.007500
v -1.375564 0.042000 0.007500
v -1.435564 0.042000 0.004500
v -1.375564 0.042000 0.004500
v -1.435564 -0.042000 0.007500
v -1.435564 -0.042000 0.004500
v -1.375564 -0.042000 0.007500
v -1.375564 -0.042000 0.004500
v -1.507564 0.042000 0.007500
v -1.447564 0.042000 0.007500
v -1.507564 0.042000 0.004500
v -1.447564 0.042000 0.004500
v -1.507564 -0.042000 0.007500
v -1.507564 -0.042000 0.004500
v -1.447564 -0.042000 0.007500
v -1.447564 -0.042000 0.004500
v -1.291564 0.042000 0.007500
v -1.231564 0.042000 0.007500
v -1.291564 0.042000 0.004500
v -1.231564 0.042000 0.004500
v -1.291564 -0.042000 0.007500
v -1.291564 -0.042000 0.004500
v -1.231564 -0.042000 0.007500
v -1.231564 -0.042000 0.004500
v -1.219564 0.042000 0.007500
v -1.159564 0.042000 0.007500
v -1.219564 0.042000 0.004500
v -1.159564 0.042000 0.004500
v -1.219564 -0.042000 0.007500
v -1.219564 -0.042000 0.004500
v -1.159564 -0.042000 0.007500
v -1.159564 -0.042000 0.004500
v -1.435564 0.138000 0.007500
v -1.375564 0.138000 0.007500
v -1.435564 0.138000 0.004500
v -1.375564 0.138000 0.004500
v -1.435564 0.054000 0.007500
v -1.435564 0.054000 0.004500
v -1.375564 0.054000 0.007500
v -1.375564 0.054000 0.004500
v -1.507564 0.138000 0.007500
v -1.447564 0.138000 0.007500
v -1.507564 0.138000 0.004500
v -1.447564 0.138000 0.004500
v -1.507564 0.054000 0.007500
v -1.507564 0.054000 0.004500
v -1.447564 0.054000 0.007500
v -1.447564 0.054000 0.004500
v -1.291564 0.138000 0.007500
v -1.231564 0.138000 0.007500
v -1.291564 0.138000 0.004500
v -1.231564 0.138000 0.004500
v -1.291564 0.054000 0.007500
v -1.291564 0.054000 0.004500
v -1.231564 0.054000 0.007500
v -1.231564 0.054000 0.004500
v -1.219564 0.138000 0.007500
v -1.159564 0.138000 0.007500
v -1.219564 0.138000 0.004500
v -1.159564 0.138000 0.004500
v -1.219564 0.054000 0.007500
v -1.219564 0.054000 0.004500
v -1.159564 0.054000 0.007500
v -1.159564 0.054000 0.004500
v -1.435564 0.234000 0.007500
v -1.375564 0.234000 0.007500
v -1.435564 0.234000 0.004500
v -1.375564 0.234000 0.004500
v -1.435564 0.150000 0.007500
v -1.435564 0.150000 0.004500
v -1.375564 0.150000 0.007500
v -1.375564 0.150000 0.004500
v -1.507564 0.234000 0.007500
v -1.447564 0.234000 0.007500
v -1.507564 0.234000 0.004500
v -1.447564 0.234000 0.004500
v -1.507564 0.150000 0.007500
v -1.507564 0.150000 0.004500
v -1.447564 0.150000 0.007500
v -1.447564 0.150000 0.004500
v -1.291564 0.234000 0.007500
v -1.231564 0.234000 0.007500
v -1.291564 0.234000 0.004500
v -1.231564 0.234000 0.004500
v -1.291564 0.150000 0.007500
v -1.291564 0.150000 0.004500
v -1.231564 0.150000 0.007500
v -1.231564 0.150000 0.004500
v -1.219564 0.234000 0.007500
v -1.159564 0.234000 0.007500
v -1.219564 0.234000 0.004500
v -1.159564 0.234000 0.004500
v -1.219564 0.150000 0.007500
v -1.219564 0.150000 0.004500
v -1.159564 0.150000 0.007500
v -1.159564 0.150000 0.004500
v -1.435564 -0.054000 0.007500
v -1.375564 -0.054000 0.007500
v -1.435564 -0.054000 0.004500
v -1.375564 -0.054000 0.004500
v -1.435564 -0.138000 0.007500
v -1.435564 -0.138000 0.004500
v -1.375564 -0.138000 0.007500
v -1.375564 -0.138000 0.004500
v -1.507564 -0.054000 0.007500
v -1.447564 -0.054000 0.007500
v -1.507564 -0.054000 0.004500
v -1.447564 -0.054000 0.004500
v -1.507564 -0.138000 0.007500
v -1.507564 -0.138000 0.004500
v -1.447564 -0.138000 0.007500
v -1.447564 -0.138000 0.004500
v -1.291564 -0.054000 0.007500
v -1.231564 -0.054000 0.007500
v -1.291564 -0.054000 0.004500
v -1.231564 -0.054000 0.004500
v -1.291564 -0.138000 0.007500
v -1.291564 -0.138000 0.004500
v -1.231564 -0.138000 0.007500
v -1.231564 -0.138000 0.004500
v -1.219564 -0.054000 0.007500
v -1.159564 -0.054000 0.007500
v -1.219564 -0.054000 0.004500
v -1.159564 -0.054000 0.004500
v -1.219564 -0.138000 0.007500
v -1.219564 -0.138000 0.004500
v -1.159564 -0.138000 0.007500
v -1.159564 -0.138000 0.004500
v -1.435564 -0.150000 0.007500
v -1.375564 -0.150000 0.007500
v -1.435564 -0.150000 0.004500
v -1.375564 -0.150000 0.004500
v -1.435564 -0.234000 0.007500
v -1.435564 -0.234000 0.004500
v -1.375564 -0.234000 0.007500
v -1.375564 -0.234000 0.004500
v -1.507564 -0.150000 0.007500
v -1.447564 -0.150000 0.007500
v -1.507564 -0.150000 0.004500
v -1.447564 -0.150000 0.004500
v -1.507564 -0.234000 0.007500
v -1.507564 -0.234000 0.004500
v -1.447564 -0.234000 0.007500
v -1.447564 -0.234000 0.004500
v -1.291564 -0.150000 0.007500
v -1.231564 -0.150000 0.007500
v -1.291564 -0.150000 0.004500
v -1.231564 -0.150000 0.004500
v -1.291564 -0.234000 0.007500
v -1.291564 -0.234000 0.004500
v -1.231564 -0.234000 0.007500
v -1.231564 -0.234000 0.004500
v -1.219564 -0.150000 0.007500
v -1.159564 -0.150000 0.007500
v -1.219564 -0.150000 0.004500
v -1.159564 -0.150000 0.004500
v -1.219564 -0.234000 0.007500
v -1.219564 -0.234000 0.004500
v -1.159564 -0.234000 0.007500
v -1.159564 -0.234000 0.004500
v -1.363564 -0.042000 -0.001500
v -1.303564 -0.042000 -0.001500
v -1.363564 -0.042000 0.001500
v -1.303564 -0.042000 0.001500
v -1.363564 0.042000 -0.001500
v -1.363564 0.042000 0.001500
v -1.303564 0.042000 -0.001500
v -1.303564 0.042000 0.001500
v -1.363564 -0.138000 -0.001500
v -1.303564 -0.138000 -0.001500
v -1.363564 -0.138000 0.001500
v -1.303564 -0.138000 0.001500
v -1.363564 -0.054000 -0.001500
v -1.363564 -0.054000 0.001500
v -1.303564 -0.054000 -0.001500
v -1.303564 -0.054000 0.001500
v -1.363564 -0.234000 -0.001500
v -1.303564 -0.234000 -0.001500
v -1.363564 -0.234000 0.001500
v -1.303564 -0.234000 0.001500
v -1.363564 -0.150000 -0.001500
v -1.363564 -0.150000 0.001500
v -1.303564 -0.150000 -0.001500
v -1.303564 -0.150000 0.001500
v -1.363564 0.054000 -0.001500
v -1.303564 0.054000 -0.001500
v -1.363564 0.054000 0.001500
v -1.303564 0.054000 0.001500
v -1.363564 0.138000 -0.001500
v -1.363564 0.138000 0.001500
v -1.303564 0.138000 -0.001500
v -1.303564 0.138000 0.001500
v -1.363564 0.150000 -0.001500
v -1.303564 0.150000 -0.001500
v -1.363564 0.150000 0.001500
v -1.303564 0.150000 0.001500
v -1.363564 0.234000 -0.001500
v -1.363564 0.234000 0.001500
v -1.303564 0.234000 -0.001500
v -1.303564 0.234000 0.001500
v -1.435564 -0.042000 -0.001500
v -1.375564 -0.042000 -0.001500
v -1.435564 -0.042000 0.001500
v -1.375564 -0.042000 0.001500
v -1.435564 0.042000 -0.001500
v -1.435564 0.042000 0.001500
v -1.375564 0.042000 -0.001500
v -1.375564 0.042000 0.001500
v -1.507564 -0.042000 -0.001500
v -1.447564 -0.042000 -0.001500
v -1.507564 -0.042000 0.001500
v -1.447564 -0.042000 0.001500
v -1.507564 0.042000 -0.001500
v -1.507564 0.042000 0.001500
v -1.447564 0.042000 -0.001500
v -1.447564 0.042000 0.001500
v -1.291564 -0.042000 -0.001500
v -1.231564 -0.042000 -0.001500
v -1.291564 -0.042000 0.001500
v -1.231564 -0.042000 0.001500
v -1.291564 0.042000 -0.001500
v -1.291564 0.042000 0.001500
v -1.231564 0.042000 -0.001500
v -1.231564 0.042000 0.001500
v -1.219564 -0.042000 -0.001500
v -1.159564 -0.042000 -0.001500
v -1.219564 -0.042000 0.001500
v -1.159564 -0.042000 0.001500
v -1.219564 0.042000 -0.001500
v -1.219564 0.042000 0.001500
v -1.159564 0.042000 -0.001500
v -1.159564 0.042000 0.001500
v -1.435564 -0.138000 -0.001500
v -1.375564 -0.138000 -0.001500
v -1.435564 -0.138000 0.001500
v -1.375564 -0.138000 0.001500
v -1.435564 -0.054000 -0.001500
v -1.435564 -0.054000 0.001500
v -1.375564 -0.054000 -0.001500
v -1.375564 -0.054000 0.001500
v -1.507564 -0.138000 -0.001500
v -1.447564 -0.138000 -0.001500
v -1.507564 -0.138000 0.001500
v -1.447564 -0.138000 0.001500
v -1.507564 -0.054000 -0.001500
v -1.507564 -0.054000 0.001500
v -1.447564 -0.054000 -0.001500
v -1.447564 -0.054000 0.001500
v -1.291564 -0.138000 -0.001500
v -1.231564 -0.138000 -0.001500
v -1.291564 -0.138000 0.001500
v -1.231564 -0.138000 0.001500
v -1.291564 -0.054000 -0.001500
v -1.291564 -0.054000 0.001500
v -1.231564 -0.054000 -0.001500
v -1.231564 -0.054000 0.001500
v -1.219564 -0.138000 -0.001500
v -1.159564 -0.138000 -0.001500
v -1.219564 -0.138000 0.001500
v -1.159564 -0.138000 0.001500
v -1.219564 -0.054000 -0.001500
v -1.219564 -0.054000 0.001500
v -1.159564 -0.054000 -0.001500
v -1.159564 -0.054000 0.001500
v -1.435564 -0.234000 -0.001500
v -1.375564 -0.234000 -0.001500
v -1.435564 -0.234000 0.001500
v -1.375564 -0.234000 0.001500
v -1.435564 -0.150000 -0.001500
v -1.435564 -0.150000 0.001500
v -1.375564 -0.150000 -0.001500
v -1.375564 -0.150000 0.001500
v -1.507564 -0.234000 -0.001500
v -1.447564 -0.234000 -0.001500
v -1.507564 -0.234000 0.001500
v -1.447564 -0.234000 0.001500
v -1.507564 -0.150000 -0.001500
v -1.507564 -0.150000 0.001500
v -1.447564 -0.150000 -0.001500
v -1.447564 -0.150000 0.001500
v -1.291564 -0.234000 -0.001500
v -1.231564 -0.234000 -0.001500
v -1.291564 -0.234000 0.001500
v -1.231564 -0.234000 0.001500
v -1.291564 -0.150000 -0.001500
v -1.291564 -0.150000 0.001500
v -1.231564 -0.150000 -0.001500
v -1.231564 -0.150000 0.001500
v -1.219564 -0.234000 -0.001500
v -1.159564 -0.234000 -0.001500
v -1.219564 -0.234000 0.001500
v -1.159564 -0.234000 0.001500
v -1.219564 -0.150000 -0.001500
v -1.219564 -0.150000 0.001500
v -1.159564 -0.150000 -0.001500
v -1.159564 -0.150000 0.001500
v -1.435564 0.054000 -0.001500
v -1.375564 0.054000 -0.001500
v -1.435564 0.054000 0.001500
v -1.375564 0.054000 0.001500
v -1.435564 0.138000 -0.001500
v -1.435564 0.138000 0.001500
v -1.375564 0.138000 -0.001500
v -1.375564 0.138000 0.001500
v -1.507564 0.054000 -0.001500
v -1.447564 0.054000 -0.001500
v -1.507564 0.054000 0.001500
v -1.447564 0.054000 0.001500
v -1.507564 0.138000 -0.001500
v -1.507564 0.138000 0.001500
v -1.447564 0.138000 -0.001500
v -1.447564 0.138000 0.001500
v -1.291564 0.054000 -0.001500
v -1.231564 0.054000 -0.001500
v -1.291564 0.054000 0.001500
v -1.231564 0.054000 0.001500
v -1.291564 0.138000 -0.001500
v -1.291564 0.138000 0.001500
v -1.231564 0.138000 -0.001500
v -1.231564 0.138000 0.001500
v -1.219564 0.054000 -0.001500
v -1.159564 0.054000 -0.001500
v -1.219564 0.054000 0.001500
v -1.159564 0.054000 0.001500
v -1.219564 0.138000 -0.001500
v -1.219564 0.138000 0.001500
v -1.159564 0.138000 -0.001500
v -1.159564 0.138000 0.001500
v -1.435564 0.150000 -0.001500
v -1.375564 0.150000 -0.001500
v -1.435564 0.150000 0.001500
v -1.375564 0.150000 0.001500
v -1.435564 0.234000 -0.001500
v -1.435564 0.234000 0.001500
v -1.375564 0.234000 -0.001500
v -1.375564 0.234000 0.001500
v -1.507564 0.150000 -0.001500
v -1.447564 0.150000 -0.001500
v -1.507564 0.150000 0.001500
v -1.447564 0.150000 0.001500
v -1.507564 0.234000 -0.001500
v -1.507564 0.234000 0.001500
v -1.447564 0.234000 -0.001500
v -1.447564 0.234000 0.001500
v -1.291564 0.150000 -0.001500
v -1.231564 0.150000 -0.001500
v -1.291564 0.150000 0.001500
v -1.231564 0.150000 0.001500
v -1.291564 0.234000 -0.001500
v -1.291564 0.234000 0.001500
v -1.231564 0.234000 -0.001500
v -1.231564 0.234000 0.001500
v -1.219564 0.150000 -0.001500
v -1.159564 0.150000 -0.001500
v -1.219564 0.150000 0.001500
v -1.159564 0.150000 0.001500
v -1.219564 0.234000 -0.001500
v -1.219564 0.234000 0.001500
v -1.159564 0.234000 -0.001500
v -1.159564 0.234000 0.001500
v -1.729564 0.042000 0.007500
v -1.669564 0.042000 0.007500
v -1.729564 0.042000 0.004500
v -1.669564 0.042000 0.004500
v -1.729564 -0.042000 0.007500
v -1.729564 -0.042000 0.004500
v -1.669564 -0.042000 0.007500
v -1.669564 -0.042000 0.004500
v -1.729564 0.138000 0.007500
v -1.669564 0.138000 0.007500
v -1.729564 0.138000 0.004500
v -1.669564 0.138000 0.004500
v -1.729564 0.054000 0.007500
v -1.729564 0.054000 0.004500
v -1.669564 0.054000 0.007500
v -1.669564 0.054000 0.004500
v -1.729564 0.234000 0.007500
v -1.669564 0.234000 0.007500
v -1.729564 0.234000 0.004500
v -1.669564 0.234000 0.004500
v -1.729564 0.150000 0.007500
v -1.729564 0.150000 0.004500
v -1.669564 0.150000 0.007500
v -1.669564 0.150000 0.004500
v -1.729564 -0.054000 0.007500
v -1.669564 -0.054000 0.007500
v -1.729564 -0.054000 0.004500
v -1.669564 -0.054000 0.004500
v -1.729564 -0.138000 0.007500
v -1.729564 -0.138000 0.004500
v -1.669564 -0.138000 0.007500
v -1.669564 -0.138000 0.004500
v -1.729564 -0.150000 0.007500
v -1.669564 -0.150000 0.007500
v -1.729564 -0.150000 0.004500
v -1.669564 -0.150000 0.004500
v -1.729564 -0.234000 0.007500
v -1.729564 -0.234000 0.004500
v -1.669564 -0.234000 0.007500
v -1.669564 -0.234000 0.004500
v -1.801564 0.042000 0.007500
v -1.741564 0.042000 0.007500
v -1.801564 0.042000 0.004500
v -1.741564 0.042000 0.004500
v -1.801564 -0.042000 0.007500
v -1.801564 -0.042000 0.004500
v -1.741564 -0.042000 0.007500
v -1.741564 -0.042000 0.004500
v -1.873564 0.042000 0.007500
v -1.813564 0.042000 0.007500
v -1.873564 0.042000 0.004500
v -1.813564 0.042000 0.004500
v -1.873564 -0.042000 0.007500
v -1.873564 -0.042000 0.004500
v -1.813564 -0.042000 0.007500
v -1.813564 -0.042000 0.004500
v -1.657564 0.042000 0.007500
v -1.597564 0.042000 0.007500
v -1.657564 0.042000 0.004500
v -1.597564 0.042000 0.004500
v -1.657564 -0.042000 0.007500
v -1.657564 -0.042000 0.004500
v -1.597564 -0.042000 0.007500
v -1.597564 -0.042000 0.004500
v -1.585564 0.042000 0.007500
v -1.525564 0.042000 0.007500
v -1.585564 0.042000 0.004500
v -1.525564 0.042000 0.004500
v -1.585564 -0.042000 0.007500
v -1.585564 -0.042000 0.004500
v -1.525564 -0.042000 0.007500
v -1.525564 -0.042000 0.004500
v -1.801564 0.138000 0.007500
v -1.741564 0.138000 0.007500
v -1.801564 0.138000 0.004500
v -1.741564 0.138000 0.004500
v -1.801564 0.054000 0.007500
v -1.801564 0.054000 0.004500
v -1.741564 0.054000 0.007500
v -1.741564 0.054000 0.004500
v -1.873564 0.138000 0.007500
v -1.813564 0.138000 0.007500
v -1.873564 0.138000 0.004500
v -1.813564 0.138000 0.004500
v -1.873564 0.054000 0.007500
v -1.873564 0.054000 0.004500
v -1.813564 0.054000 0.007500
v -1.813564 0.054000 0.004500
v -1.657564 0.138000 0.007500
v -1.597564 0.138000 0.007500
v -1.657564 0.138000 0.004500
v -1.597564 0.138000 0.004500
v -1.657564 0.054000 0.007500
v -1.657564 0.054000 0.004500
v -1.597564 0.054000 0.007500
v -1.597564 0.054000 0.004500
v -1.585564 0.138000 0.007500
v -1.525564 0.138000 0.007500
v -1.585564 0.138000 0.004500
v -1.525564 0.138000 0.004500
v -1.585564 0.054000 0.007500
v -1.585564 0.054000 0.004500
v -1.525564 0.054000 0.007500
v -1.525564 0.054000 0.004500
v -1.801564 0.234000 0.007500
v -1.741564 0.234000 0.007500
v -1.801564 0.234000 0.004500
v -1.741564 0.234000 0.004500
v -1.801564 0.150000 0.007500
v -1.801564 0.150000 0.004500
v -1.741564 0.150000 0.007500
v -1.741564 0.150000 0.004500
v -1.873564 0.234000 0.007500
v -1.813564 0.234000 0.007500
v -1.873564 0.234000 0.004500
v -1.813564 0.234000 0.004500
v -1.873564 0.150000 0.007500
v -1.873564 0.150000 0.004500
v -1.813564 0.150000 0.007500
v -1.813564 0.150000 0.004500
v -1.657564 0.234000 0.007500
v -1.597564 0.234000 0.007500
v -1.657564 0.234000 0.004500
v -1.597564 0.234000 0.004500
v -1.657564 0.150000 0.007500
v -1.657564 0.150000 0.004500
v -1.597564 0.150000 0.007500
v -1.597564 0.150000 0.004500
v -1.585564 0.234000 0.007500
v -1.525564 0.234000 0.007500
v -1.585564 0.234000 0.004500
v -1.525564 0.234000 0.004500
v -1.585564 0.150000 0.007500
v -1.585564 0.150000 0.004500
v -1.525564 0.150000 0.007500
v -1.525564 0.150000 0.004500
v -1.801564 -0.054000 0.007500
v -1.741564 -0.054000 0.007500
v -1.801564 -0.054000 0.004500
v -1.741564 -0.054000 0.004500
v -1.801564 -0.138000 0.007500
v -1.801564 -0.138000 0.004500
v -1.741564 -0.138000 0.007500
v -1.741564 -0.138000 0.004500
v -1.873564 -0.054000 0.007500
v -1.813564 -0.054000 0.007500
v -1.873564 -0.054000 0.004500
v -1.813564 -0.054000 0.004500
v -1.873564 -0.138000 0.007500
v -1.873564 -0.138000 0.004500
v -1.813564 -0.138000 0.007500
v -1.813564 -0.138000 0.004500
v -1.657564 -0.054000 0.007500
v -1.597564 -0.054000 0.007500
v -1.657564 -0.054000 0.004500
v -1.597564 -0.054000 0.004500
v -1.657564 -0.138000 0.007500
v -1.657564 -0.138000 0.004500
v -1.597564 -0.138000 0.007500
v -1.597564 -0.138000 0.004500
v -1.585564 -0.054000 0.007500
v -1.525564 -0.054000 0.007500
v -1.585564 -0.054000 0.004500
v -1.525564 -0.054000 0.004500
v -1.585564 -0.138000 0.007500
v -1.585564 -0.138000 0.004500
v -1.525564 -0.138000 0.007500
v -1.525564 -0.138000 0.004500
v -1.801564 -0.150000 0.007500
v -1.741564 -0.150000 0.007500
v -1.801564 -0.150000 0.004500
v -1.741564 -0.150000 0.004500
v -1.801564 -0.234000 0.007500
v -1.801564 -0.234000 0.004500
v -1.741564 -0.234000 0.007500
v -1.741564 -0.234000 0.004500
v -1.873564 -0.150000 0.007500
v -1.813564 -0.150000 0.007500
v -1.873564 -0.150000 0.004500
v -1.813564 -0.150000 0.004500
v -1.873564 -0.234000 0.007500
v -1.873564 -0.234000 0.004500
v -1.813564 -0.234000 0.007500
v -1.813564 -0.234000 0.004500
v -1.657564 -0.150000 0.007500
v -1.597564 -0.150000 0.007500
v -1.657564 -0.150000 0.004500
v -1.597564 -0.150000 0.004500
v -1.657564 -0.234000 0.007500
v -1.657564 -0.234000 0.004500
v -1.597564 -0.234000 0.007500
v -1.597564 -0.234000 0.004500
v -1.585564 -0.150000 0.007500
v -1.525564 -0.150000 0.007500
v -1.585564 -0.150000 0.004500
v -1.525564 -0.150000 0.004500
v -1.585564 -0.234000 0.007500
v -1.585564 -0.234000 0.004500
v -1.525564 -0.234000 0.007500
v -1.525564 -0.234000 0.004500
v -1.729564 -0.042000 -0.001500
v -1.669564 -0.042000 -0.001500
v -1.729564 -0.042000 0.001500
v -1.669564 -0.042000 0.001500
v -1.729564 0.042000 -0.001500
v -1.729564 0.042000 0.001500
v -1.669564 0.042000 -0.001500
v -1.669564 0.042000 0.001500
v -1.729564 -0.138000 -0.001500
v -1.669564 -0.138000 -0.001500
v -1.729564 -0.138000 0.001500
v -1.669564 -0.138000 0.001500
v -1.729564 -0.054000 -0.001500
v -1.729564 -0.054000 0.001500
v -1.669564 -0.054000 -0.001500
v -1.669564 -0.054000 0.001500
v -1.729564 -0.234000 -0.001500
v -1.669564 -0.234000 -0.001500
v -1.729564 -0.234000 0.001500
v -1.669564 -0.234000 0.001500
v -1.729564 -0.150000 -0.001500
v -1.729564 -0.150000 0.001500
v -1.669564 -0.150000 -0.001500
v -1.669564 -0.150000 0.001500
v -1.729564 0.054000 -0.001500
v -1.669564 0.054000 -0.001500
v -1.729564 0.054000 0.001500
v -1.669564 0.054000 0.001500
v -1.729564 0.138000 -0.001500
v -1.729564 0.138000 0.001500
v -1.669564 0.138000 -0.001500
v -1.669564 0.138000 0.001500
v -1.729564 0.150000 -0.001500
v -1.669564 0.150000 -0.001500
v -1.729564 0.150000 0.001500
v -1.669564 0.150000 0.001500
v -1.729564 0.234000 -0.001500
v -1.729564 0.234000 0.001500
v -1.669564 0.234000 -0.001500
v -1.669564 0.234000 0.001500
v -1.801564 -0.042000 -0.001500
v -1.741564 -0.042000 -0.001500
v -1.801564 -0.042000 0.001500
v -1.741564 -0.042000 0.001500
v -1.801564 0.042000 -0.001500
v -1.801564 0.042000 0.001500
v -1.741564 0.042000 -0.001500
v -1.741564 0.042000 0.001500
v -1.873564 -0.042000 -0.001500
v -1.813564 -0.042000 -0.001500
v -1.873564 -0.042000 0.001500
v -1.813564 -0.042000 0.001500
v -1.873564 0.042000 -0.001500
v -1.873564 0.042000 0.001500
v -1.813564 0.042000 -0.001500
v -1.813564 0.042000 0.001500
v -1.657564 -0.042000 -0.001500
v -1.597564 -0.042000 -0.001500
v -1.657564 -0.042000 0.001500
v -1.597564 -0.042000 0.001500
v -1.657564 0.042000 -0.001500
v -1.657564 0.042000 0.001500
v -1.597564 0.042000 -0.001500
v -1.597564 0.042000 0.001500
v -1.585564 -0.042000 -0.001500
v -1.525564 -0.042000 -0.001500
v -1.585564 -0.042000 0.001500
v -1.525564 -0.042000 0.001500
v -1.585564 0.042000 -0.001500
v -1.585564 0.042000 0.001500
v -1.525564 0.042000 -0.001500
v -1.525564 0.042000 0.001500
v -1.801564 -0.138000 -0.001500
v -1.741564 -0.138000 -0.001500
v -1.801564 -0.138000 0.001500
v -1.741564 -0.138000 0.001500
v -1.801564 -0.054000 -0.001500
v -1.801564 -0.054000 0.001500
v -1.741564 -0.054000 -0.001500
v -1.741564 -0.054000 0.001500
v -1.873564 -0.138000 -0.001500
v -1.813564 -0.138000 -0.001500
v -1.873564 -0.138000 0.001500
v -1.813564 -0.138000 0.001500
v -1.873564 -0.054000 -0.001500
v -1.873564 -0.054000 0.001500
v -1.813564 -0.054000 -0.001500
v -1.813564 -0.054000 0.001500
v -1.657564 -0.138000 -0.001500
v -1.597564 -0.138000 -0.001500
v -1.657564 -0.138000 0.001500
v -1.597564 -0.138000 0.001500
v -1.657564 -0.054000 -0.001500
v -1.657564 -0.054000 0.001500
v -1.597564 -0.054000 -0.001500
v -1.597564 -0.054000 0.001500
v -1.585564 -0.138000 -0.001500
v -1.525564 -0.138000 -0.001500
v -1.585564 -0.138000 0.001500
v -1.525564 -0.138000 0.001500
v -1.585564 -0.054000 -0.001500
v -1.585564 -0.054000 0.001500
v -1.525564 -0.054000 -0.001500
v -1.525564 -0.054000 0.001500
v -1.801564 -0.234000 -0.001500
v -1.741564 -0.234000 -0.001500
v -1.801564 -0.234000 0.001500
v -1.741564 -0.234000 0.001500
v -1.801564 -0.150000 -0.001500
v -1.801564 -0.150000 0.001500
v -1.741564 -0.150000 -0.001500
v -1.741564 -0.150000 0.001500
v -1.873564 -0.234000 -0.001500
v -1.813564 -0.234000 -0.001500
v -1.873564 -0.234000 0.001500
v -1.813564 -0.234000 0.001500
v -1.873564 -0.150000 -0.001500
v -1.873564 -0.150000 0.001500
v -1.813564 -0.150000 -0.001500
v -1.813564 -0.150000 0.001500
v -1.657564 -0.234000 -0.001500
v -1.597564 -0.234000 -0.001500
v -1.657564 -0.234000 0.001500
v -1.597564 -0.234000 0.001500
v -1.657564 -0.150000 -0.001500
v -1.657564 -0.150000 0.001500
v -1.597564 -0.150000 -0.001500
v -1.597564 -0.150000 0.001500
v -1.585564 -0.234000 -0.001500
v -1.525564 -0.234000 -0.001500
v -1.585564 -0.234000 0.001500
v -1.525564 -0.234000 0.001500
v -1.585564 -0.150000 -0.001500
v -1.585564 -0.150000 0.001500
v -1.525564 -0.150000 -0.001500
v -1.525564 -0.150000 0.001500
v -1.801564 0.054000 -0.001500
v -1.741564 0.054000 -0.001500
v -1.801564 0.054000 0.001500
v -1.741564 0.054000 0.001500
v -1.801564 0.138000 -0.001500
v -1.801564 0.138000 0.001500
v -1.741564 0.138000 -0.001500
v -1.741564 0.138000 0.001500
v -1.873564 0.054000 -0.001500
v -1.813564 0.054000 -0.001500
v -1.873564 0.054000 0.001500
v -1.813564 0.054000 0.001500
v -1.873564 0.138000 -0.001500
v -1.873564 0.138000 0.001500
v -1.813564 0.138000 -0.001500
v -1.813564 0.138000 0.001500
v -1.657564 0.054000 -0.001500
v -1.597564 0.054000 -0.001500
v -1.657564 0.054000 0.001500
v -1.597564 0.054000 0.001500
v -1.657564 0.138000 -0.001500
v -1.657564 0.138000 0.001500
v -1.597564 0.138000 -0.001500
v -1.597564 0.138000 0.001500
v -1.585564 0.054000 -0.001500
v -1.525564 0.054000 -0.001500
v -1.585564 0.054000 0.001500
v -1.525564 0.054000 0.001500
v -1.585564 0.138000 -0.001500
v -1.585564 0.138000 0.001500
v -1.525564 0.138000 -0.001500
v -1.525564 0.138000 0.001500
v -1.801564 0.150000 -0.001500
v -1.741564 0.150000 -0.001500
v -1.801564 0.150000 0.001500
v -1.741564 0.150000 0.001500
v -1.801564 0.234000 -0.001500
v -1.801564 0.234000 0.001500
v -1.741564 0.234000 -0.001500
v -1.741564 0.234000 0.001500
v -1.873564 0.150000 -0.001500
v -1.813564 0.150000 -0.001500
v -1.873564 0.150000 0.001500
v -1.813564 0.150000 0.001500
v -1.873564 0.234000 -0.001500
v -1.873564 0.234000 0.001500
v -1.813564 0.234000 -0.001500
v -1.813564 0.234000 0.001500
v -1.657564 0.150000 -0.001500
v -1.597564 0.150000 -0.001500
v -1.657564 0.150000 0.001500
v -1.597564 0.150000 0.001500
v -1.657564 0.234000 -0.001500
v -1.657564 0.234000 0.001500
v -1.597564 0.234000 -0.001500
v -1.597564 0.234000 0.001500
v -1.585564 0.150000 -0.001500
v -1.525564 0.150000 -0.001500
v -1.585564 0.150000 0.001500
v -1.525564 0.150000 0.001500
v -1.585564 0.234000 -0.001500
v -1.585564 0.234000 0.001500
v -1.525564 0.234000 -0.001500
v -1.525564 0.234000 0.001500
v -2.095564 0.042000 0.007500
v -2.035564 0.042000 0.007500
v -2.095564 0.042000 0.004500
v -2.035564 0.042000 0.004500
v -2.095564 -0.042000 0.007500
v -2.095564 -0.042000 0.004500
v -2.035564 -0.042000 0.007500
v -2.035564 -0.042000 0.004500
v -2.095564 0.138000 0.007500
v -2.035564 0.138000 0.007500
v -2.095564 0.138000 0.004500
v -2.035564 0.138000 0.004500
v -2.095564 0.054000 0.007500
v -2.095564 0.054000 0.004500
v -2.035564 0.054000 0.007500
v -2.035564 0.054000 0.004500
v -2.095564 0.234000 0.007500
v -2.035564 0.234000 0.007500
v -2.095564 0.234000 0.004500
v -2.035564 0.234000 0.004500
v -2.095564 0.150000 0.007500
v -2.095564 0.150000 0.004500
v -2.035564 0.150000 0.007500
v -2.035564 0.150000 0.004500
v -2.095564 -0.054000 0.007500
v -2.035564 -0.054000 0.007500
v -2.095564 -0.054000 0.004500
v -2.035564 -0.054000 0.004500
v -2.095564 -0.138000 0.007500
v -2.095564 -0.138000 0.004500
v -2.035564 -0.138000 0.007500
v -2.035564 -0.138000 0.004500
v -2.095564 -0.150000 0.007500
v -2.035564 -0.150000 0.007500
v -2.095564 -0.150000 0.004500
v -2.035564 -0.150000 0.004500
v -2.095564 -0.234000 0.007500
v -2.095564 -0.234000 0.004500
v -2.035564 -0.234000 0.007500
v -2.035564 -0.234000 0.004500
v -2.167564 0.042000 0.007500
v -2.107564 0.042000 0.007500
v -2.167564 0.042000 0.004500
v -2.107564 0.042000 0.004500
v -2.167564 -0.042000 0.007500
v -2.167564 -0.042000 0.004500
v -2.107564 -0.042000 0.007500
v -2.107564 -0.042000 0.004500
v -2.239564 0.042000 0.007500
v -2.179564 0.042000 0.007500
v -2.239564 0.042000 0.004500
v -2.179564 0.042000 0.004500
v -2.239564 -0.042000 0.007500
v -2.239564 -0.042000 0.004500
v -2.179564 -0.042000 0.007500
v -2.179564 -0.042000 0.004500
v -2.023564 0.042000 0.007500
v -1.963564 0.042000 0.007500
v -2.023564 0.042000 0.004500
v -1.963564 0.042000 0.004500
v -2.023564 -0.042000 0.007500
v -2.023564 -0.042000 0.004500
v -1.963564 -0.042000 0.007500
v -1.963564 -0.042000 0.004500
v -1.951564 0.042000 0.007500
v -1.891564 0.042000 0.007500
v -1.951564 0.042000 0.004500
v -1.891564 0.042000 0.004500
v -1.951564 -0.042000 0.007500
v -1.951564 -0.042000 0.004500
v -1.891564 -0.042000 0.007500
v -1.891564 -0.042000 0.004500
v -2.167564 0.138000 0.007500
v -2.107564 0.138000 0.007500
v -2.167564 0.138000 0.004500
v -2.107564 0.138000 0.004500
v -2.167564 0.054000 0.007500
v -2.167564 0.054000 0.004500
v -2.107564 0.054000 0.007500
v -2.107564 0.054000 0.004500
v -2.239564 0.138000 0.007500
v -2.179564 0.138000 0.007500
v -2.239564 0.138000 0.004500
v -2.179564 0.138000 0.004500
v -2.239564 0.054000 0.007500
v -2.239564 0.054000 0.004500
v -2.179564 0.054000 0.007500
v -2.179564 0.054000 0.004500
v -2.023564 0.138000 0.007500
v -1.963564 0.138000 0.007500
v -2.023564 0.138000 0.004500
v -1.963564 0.138000 0.004500
v -2.023564 0.054000 0.007500
v -2.023564 0.054000 0.004500
v -1.963564 0.054000 0.007500
v -1.963564 0.054000 0.004500
v -1.951564 0.138000 0.007500
v -1.891564 0.138000 0.007500
v -1.951564 0.138000 0.004500
v -1.891564 0.138000 0.004500
v -1.951564 0.054000 0.007500
v -1.951564 0.054000 0.004500
v -1.891564 0.054000 0.007500
v -1.891564 0.054000 0.004500
v -2.167564 0.234000 0.007500
v -2.107564 0.234000 0.007500
v -2.167564 0.234000 0.004500
v -2.107564 0.234000 0.004500
v -2.167564 0.150000 0.007500
v -2.167564 0.150000 0.004500
v -2.107564 0.150000 0.007500
v -2.107564 0.150000 0.004500
v -2.239564 0.234000 0.007500
v -2.179564 0.234000 0.007500
v -2.239564 0.234000 0.004500
v -2.179564 0.234000 0.004500
v -2.239564 0.150000 0.007500
v -2.239564 0.150000 0.004500
v -2.179564 0.150000 0.007500
v -2.179564 0.150000 0.004500
v -2.023564 0.234000 0.007500
v -1.963564 0.234000 0.007500
v -2.023564 0.234000 0.004500
v -1.963564 0.234000 0.004500
v -2.023564 0.150000 0.007500
v -2.023564 0.150000 0.004500
v -1.963564 0.150000 0.007500
v -1.963564 0.150000 0.004500
v -1.951564 0.234000 0.007500
v -1.891564 0.234000 0.007500
v -1.951564 0.234000 0.004500
v -1.891564 0.234000 0.004500
v -1.951564 0.150000 0.007500
v -1.951564 0.150000 0.004500
v -1.891564 0.150000 0.007500
v -1.891564 0.150000 0.004500
v -2.167564 -0.054000 0.007500
v -2.107564 -0.054000 0.007500
v -2.167564 -0.054000 0.004500
v -2.107564 -0.054000 0.004500
v -2.167564 -0.138000 0.007500
v -2.167564 -0.138000 0.004500
v -2.107564 -0.138000 0.007500
v -2.107564 -0.138000 0.004500
v -2.239564 -0.054000 0.007500
v -2.179564 -0.054000 0.007500
v -2.239564 -0.054000 0.004500
v -2.179564 -0.054000 0.004500
v -2.239564 -0.138000 0.007500
v -2.239564 -0.138000 0.004500
v -2.179564 -0.138000 0.007500
v -2.179564 -0.138000 0.004500
v -2.023564 -0.054000 0.007500
v -1.963564 -0.054000 0.007500
v -2.023564 -0.054000 0.004500
v -1.963564 -0.054000 0.004500
v -2.023564 -0.138000 0.007500
v -2.023564 -0.138000 0.004500
v -1.963564 -0.138000 0.007500
v -1.963564 -0.138000 0.004500
v -1.951564 -0.054000 0.007500
v -1.891564 -0.054000 0.007500
v -1.951564 -0.054000 0.004500
v -1.891564 -0.054000 0.004500
v -1.951564 -0.138000 0.007500
v -1.951564 -0.138000 0.004500
v -1.891564 -0.138000 0.007500
v -1.891564 -0.138000 0.004500
v -2.167564 -0.150000 0.007500
v -2.107564 -0.150000 0.007500
v -2.167564 -0.150000 0.004500
v -2.107564 -0.150000 0.004500
v -2.167564 -0.234000 0.007500
v -2.167564 -0.234000 0.004500
v -2.107564 -0.234000 0.007500
v -2.107564 -0.234000 0.004500
v -2.239564 -0.150000 0.007500
v -2.179564 -0.150000 0.007500
v -2.239564 -0.150000 0.004500
v -2.179564 -0.150000 0.004500
v -2.239564 -0.234000 0.007500
v -2.239564 -0.234000 0.004500
v -2.179564 -0.234000 0.007500
v -2.179564 -0.234000 0.004500
v -2.023564 -0.150000 0.007500
v -1.963564 -0.150000 0.007500
v -2.023564 -0.150000 0.004500
v -1.963564 -0.150000 0.004500
v -2.023564 -0.234000 0.007500
v -2.023564 -0.234000 0.004500
v -1.963564 -0.234000 0.007500
v -1.963564 -0.234000 0.004500
v -1.951564 -0.150000 0.007500
v -1.891564 -0.150000 0.007500
v -1.951564 -0.150000 0.004500
v -1.891564 -0.150000 0.004500
v -1.951564 -0.234000 0.007500
v -1.951564 -0.234000 0.004500
v -1.891564 -0.234000 0.007500
v -1.891564 -0.234000 0.004500
v -2.095564 -0.042000 -0.001500
v -2.035564 -0.042000 -0.001500
v -2.095564 -0.042000 0.001500
v -2.035564 -0.042000 0.001500
v -2.095564 0.042000 -0.001500
v -2.095564 0.042000 0.001500
v -2.035564 0.042000 -0.001500
v -2.035564 0.042000 0.001500
v -2.095564 -0.138000 -0.001500
v -2.035564 -0.138000 -0.001500
v -2.095564 -0.138000 0.001500
v -2.035564 -0.138000 0.001500
v -2.095564 -0.054000 -0.001500
v -2.095564 -0.054000 0.001500
v -2.035564 -0.054000 -0.001500
v -2.035564 -0.054000 0.001500
v -2.095564 -0.234000 -0.001500
v -2.035564 -0.234000 -0.001500
v -2.095564 -0.234000 0.001500
v -2.035564 -0.234000 0.001500
v -2.095564 -0.150000 -0.001500
v -2.095564 -0.150000 0.001500
v -2.035564 -0.150000 -0.001500
v -2.035564 -0.150000 0.001500
v -2.095564 0.054000 -0.001500
v -2.035564 0.054000 -0.001500
v -2.095564 0.054000 0.001500
v -2.035564 0.054000 0.001500
v -2.095564 0.138000 -0.001500
v -2.095564 0.138000 0.001500
v -2.035564 0.138000 -0.001500
v -2.035564 0.138000 0.001500
v -2.095564 0.150000 -0.001500
v -2.035564 0.150000 -0.001500
v -2.095564 0.150000 0.001500
v -2.035564 0.150000 0.001500
v -2.095564 0.234000 -0.001500
v -2.095564 0.234000 0.001500
v -2.035564 0.234000 -0.001500
v -2.035564 0.234000 0.001500
v -2.167564 -0.042000 -0.001500
v -2.107564 -0.042000 -0.001500
v -2.167564 -0.042000 0.001500
v -2.107564 -0.042000 0.001500
v -2.167564 0.042000 -0.001500
v -2.167564 0.042000 0.001500
v -2.107564 0.042000 -0.001500
v -2.107564 0.042000 0.001500
v -2.239564 -0.042000 -0.001500
v -2.179564 -0.042000 -0.001500
v -2.239564 -0.042000 0.001500
v -2.179564 -0.042000 0.001500
v -2.239564 0.042000 -0.001500
v -2.239564 0.042000 0.001500
v -2.179564 0.042000 -0.001500
v -2.179564 0.042000 0.001500
v -2.023564 -0.042000 -0.001500
v -1.963564 -0.042000 -0.001500
v -2.023564 -0.042000 0.001500
v -1.963564 -0.042000 0.001500
v -2.023564 0.042000 -0.001500
v -2.023564 0.042000 0.001500
v -1.963564 0.042000 -0.001500
v -1.963564 0.042000 0.001500
v -1.951564 -0.042000 -0.001500
v -1.891564 -0.042000 -0.001500
v -1.951564 -0.042000 0.001500
v -1.891564 -0.042000 0.001500
v -1.951564 0.042000 -0.001500
v -1.951564 0.042000 0.001500
v -1.891564 0.042000 -0.001500
v -1.891564 0.042000 0.001500
v -2.167564 -0.138000 -0.001500
v -2.107564 -0.138000 -0.001500
v -2.167564 -0.138000 0.001500
v -2.107564 -0.138000 0.001500
v -2.167564 -0.054000 -0.001500
v -2.167564 -0.054000 0.001500
v -2.107564 -0.054000 -0.001500
v -2.107564 -0.054000 0.001500
v -2.239564 -0.138000 -0.001500
v -2.179564 -0.138000 -0.001500
v -2.239564 -0.138000 0.001500
v -2.179564 -0.138000 0.001500
v -2.239564 -0.054000 -0.001500
v -2.239564 -0.054000 0.001500
v -2.179564 -0.054000 -0.001500
v -2.179564 -0.054000 0.001500
v -2.023564 -0.138000 -0.001500
v -1.963564 -0.138000 -0.001500
v -2.023564 -0.138000 0.001500
v -1.963564 -0.138000 0.001500
v -2.023564 -0.054000 -0.001500
v -2.023564 -0.054000 0.001500
v -1.963564 -0.054000 -0.001500
v -1.963564 -0.054000 0.001500
v -1.951564 -0.138000 -0.001500
v -1.891564 -0.138000 -0.001500
v -1.951564 -0.138000 0.001500
v -1.891564 -0.138000 0.001500
v -1.951564 -0.054000 -0.001500
v -1.951564 -0.054000 0.001500
v -1.891564 -0.054000 -0.001500
v -1.891564 -0.054000 0.001500
v -2.167564 -0.234000 -0.001500
v -2.107564 -0.234000 -0.001500
v -2.167564 -0.234000 0.001500
v -2.107564 -0.234000 0.001500
v -2.167564 -0.150000 -0.001500
v -2.167564 -0.150000 0.001500
v -2.107564 -0.150000 -0.001500
v -2.107564 -0.150000 0.001500
v -2.239564 -0.234000 -0.001500
v -2.179564 -0.234000 -0.001500
v -2.239564 -0.234000 0.001500
v -2.179564 -0.234000 0.001500
v -2.239564 -0.150000 -0.001500
v -2.239564 -0.150000 0.001500
v -2.179564 -0.150000 -0.001500
v -2.179564 -0.150000 0.001500
v -2.023564 -0.234000 -0.001500
v -1.963564 -0.234000 -0.001500
v -2.023564 -0.234000 0.001500
v -1.963564 -0.234000 0.001500
v -2.023564 -0.150000 -0.001500
v -2.023564 -0.150000 0.001500
v -1.963564 -0.150000 -0.001500
v -1.963564 -0.150000 0.001500
v -1.951564 -0.234000 -0.001500
v -1.891564 -0.234000 -0.001500
v -1.951564 -0.234000 0.001500
v -1.891564 -0.234000 0.001500
v -1.951564 -0.150000 -0.001500
v -1.951564 -0.150000 0.001500
v -1.891564 -0.150000 -0.001500
v -1.891564 -0.150000 0.001500
v -2.167564 0.054000 -0.001500
v -2.107564 0.054000 -0.001500
v -2.167564 0.054000 0.001500
v -2.107564 0.054000 0.001500
v -2.167564 0.138000 -0.001500
v -2.167564 0.138000 0.001500
v -2.107564 0.138000 -0.001500
v -2.107564 0.138000 0.001500
v -2.239564 0.054000 -0.001500
v -2.179564 0.054000 -0.001500
v -2.239564 0.054000 0.001500
v -2.179564 0.054000 0.001500
v -2.239564 0.138000 -0.001500
v -2.239564 0.138000 0.001500
v -2.179564 0.138000 -0.001500
v -2.179564 0.138000 0.001500
v -2.023564 0.054000 -0.001500
v -1.963564 0.054000 -0.001500
v -2.023564 0.054000 0.001500
v -1.963564 0.054000 0.001500
v -2.023564 0.138000 -0.001500
v -2.023564 0.138000 0.001500
v -1.963564 0.138000 -0.001500
v -1.963564 0.138000 0.001500
v -1.951564 0.054000 -0.001500
v -1.891564 0.054000 -0.001500
v -1.951564 0.054000 0.001500
v -1.891564 0.054000 0.001500
v -1.951564 0.138000 -0.001500
v -1.951564 0.138000 0.001500
v -1.891564 0.138000 -0.001500
v -1.891564 0.138000 0.001500
v -2.167564 0.150000 -0.001500
v -2.107564 0.150000 -0.001500
v -2.167564 0.150000 0.001500
v -2.107564 0.150000 0.001500
v -2.167564 0.234000 -0.001500
v -2.167564 0.234000 0.001500
v -2.107564 0.234000 -0.001500
v -2.107564 0.234000 0.001500
v -2.239564 0.150000 -0.001500
v -2.179564 0.150000 -0.001500
v -2.239564 0.150000 0.001500
v -2.179564 0.150000 0.001500
v -2.239564 0.234000 -0.001500
v -2.239564 0.234000 0.001500
v -2.179564 0.234000 -0.001500
v -2.179564 0.234000 0.001500
v -2.023564 0.150000 -0.001500
v -1.963564 0.150000 -0.001500
v -2.023564 0.150000 0.001500
v -1.963564 0.150000 0.001500
v -2.023564 0.234000 -0.001500
v -2.023564 0.234000 0.001500
v -1.963564 0.234000 -0.001500
v -1.963564 0.234000 0.001500
v -1.951564 0.150000 -0.001500
v -1.891564 0.150000 -0.001500
v -1.951564 0.150000 0.001500
v -1.891564 0.150000 0.001500
v -1.951564 0.234000 -0.001500
v -1.951564 0.234000 0.001500
v -1.891564 0.234000 -0.001500
v -1.891564 0.234000 0.001500
v -0.421564 -0.240000 0.004500
v -0.781564 -0.240000 0.004500
v -0.421564 -0.240000 0.001500
v -0.781564 -0.240000 0.001500
v -0.421564 0.240000 0.004500
v -0.421564 0.240000 0.001500
v -0.781564 0.240000 0.004500
v -0.781564 0.240000 0.001500
v -0.787564 -0.240000 0.004500
v -1.147564 -0.240000 0.004500
v -0.787564 -0.240000 0.001500
v -1.147564 -0.240000 0.001500
v -0.787564 0.240000 0.004500
v -0.787564 0.240000 0.001500
v -1.147564 0.240000 0.004500
v -1.147564 0.240000 0.001500
v -1.153564 -0.240000 0.004500
v -1.513564 -0.240000 0.004500
v -1.153564 -0.240000 0.001500
v -1.513564 -0.240000 0.001500
v -1.153564 0.240000 0.004500
v -1.153564 0.240000 0.001500
v -1.513564 0.240000 0.004500
v -1.513564 0.240000 0.001500
v -1.519564 -0.240000 0.004500
v -1.879564 -0.240000 0.004500
v -1.519564 -0.240000 0.001500
v -1.879564 -0.240000 0.001500
v -1.519564 0.240000 0.004500
v -1.519564 0.240000 0.001500
v -1.879564 0.240000 0.004500
v -1.879564 0.240000 0.001500
v -1.885564 -0.240000 0.004500
v -2.245564 -0.240000 0.004500
v -1.885564 -0.240000 0.001500
v -2.245564 -0.240000 0.001500
v -1.885564 0.240000 0.004500
v -1.885564 0.240000 0.001500
v -2.245564 0.240000 0.004500
v -2.245564 0.240000 0.001500
vn -0.0000 -1.0000 -0.0000
vn 1.0000 -0.0000 -0.0000
vn -0.0000 1.0000 -0.0000
vn -1.0000 -0.0000 -0.0000
vn -0.0000 -0.0000 1.0000
vn -0.0000 -0.0000 -1.0000
vn -0.5000 0.8660 -0.0000
vn -0.5000 -0.8660 -0.0000
vn 0.5000 -0.8660 -0.0000
vn 0.5000 0.8660 -0.0000
vn -0.5815 -0.8093 0.0829
vn -0.5750 -0.8179 -0.0223
vn -0.5732 -0.8194 -0.0124
vn -0.5755 -0.8173 0.0295
vn -0.5726 -0.8198 -0.0073
vn -0.5668 -0.8236 0.0216
vn -0.5740 -0.8186 0.0221
vn -0.5779 -0.8131 0.0704
vn -0.5785 -0.8131 0.0645
vn -0.5800 -0.8123 0.0618
vn -0.5721 -0.8192 0.0386
vn -0.5755 -0.8178 0.0049
vn -0.5781 -0.8154 0.0305
vn -0.5732 -0.8192 0.0178
vn -0.5744 -0.8186 0.0032
vn -0.5743 -0.8186 0.0033
vn -0.5777 -0.8147 -0.0494
vn -0.5798 -0.8146 -0.0183
vn -0.5678 -0.8230 -0.0181
vn -0.5778 -0.8159 -0.0225
vn -0.5780 -0.8142 0.0547
vn -0.5751 -0.8170 0.0420
vn -0.5769 -0.8150 0.0540
vn -0.5781 -0.8142 0.0541
vn -0.5763 -0.8150 -0.0604
vn -0.5750 -0.8171 -0.0428
vn -0.5778 -0.8139 -0.0605
vn -0.5762 -0.8154 -0.0557
vn -0.5717 -0.8197 0.0353
vn -0.5731 -0.8189 0.0304
vn -0.5743 -0.8185 0.0178
vn -0.5771 -0.8156 0.0421
vn -0.5797 -0.8132 0.0516
vn -0.5775 -0.8157 0.0329
vn -0.5738 -0.8189 0.0141
vn -0.5718 -0.8202 0.0141
vn -0.5756 -0.8177 -0.0040
vn -0.5733 -0.8187 -0.0328
vn -0.5787 -0.8149 0.0327
vn -0.5741 -0.8174 0.0487
vn -0.5755 -0.8169 0.0372
vn -0.5823 -0.8117 0.0456
vn -0.5708 -0.8209 0.0173
vn -0.5747 -0.8182 0.0160
vn -0.5747 -0.8172 -0.0432
vn -0.5774 -0.8152 -0.0455
vn -0.5767 -0.8151 -0.0549
vn -0.5733 -0.8193 0.0041
vn -0.5698 -0.8218 0.0013
vn -0.5736 -0.8191 0.0032
vn -0.5733 -0.8193 -0.0124
vn -0.5803 -0.8130 0.0485
vn -0.5775 -0.8153 0.0421
vn -0.5799 -0.8132 0.0491
vn -0.5813 -0.8103 0.0743
vn -0.5777 -0.8162 0.0086
vn -0.5793 -0.8142 0.0369
vn -0.5710 -0.8208 -0.0181
vn -0.5795 -0.8145 -0.0265
vn -0.5781 -0.8157 0.0200
vn -0.5773 -0.8165 0.0042
vn -0.5827 -0.8109 0.0530
vn -0.5752 -0.8156 0.0629
vn -0.5794 -0.8102 0.0882
vn -0.5780 -0.8092 0.1055
vn -0.5719 -0.8183 0.0575
vn -0.5834 -0.8113 0.0372
vn -0.5708 -0.8200 0.0411
vn -0.5795 -0.8119 0.0705
vn -0.5783 -0.8133 0.0645
vn -0.5776 -0.8145 0.0547
vn -0.5808 -0.8130 0.0422
vn -0.5824 -0.8075 -0.0932
vn -0.5779 -0.8123 -0.0783
vn -0.5760 -0.8141 -0.0735
vn -0.5789 -0.8085 -0.1059
vn -0.5792 -0.8116 -0.0762
vn -0.5786 -0.8127 -0.0691
vn -0.5810 -0.8084 -0.0951
vn -0.5766 -0.8144 -0.0649
vn -0.5648 -0.8227 -0.0653
vn -0.5779 -0.8155 0.0315
vn -0.5794 -0.8141 0.0397
vn -0.5753 -0.8173 0.0329
vn -0.5742 -0.8179 0.0371
vn -0.5770 -0.8163 0.0277
vn -0.5803 -0.8137 0.0340
vn -0.5803 -0.8137 0.0342
vn -0.5773 -0.8162 0.0226
vn -0.5780 -0.8153 0.0340
vn -0.5751 -0.8179 0.0188
vn -0.5696 -0.8218 0.0136
vn -0.5725 -0.8199 0.0084
vn -0.5774 -0.8163 0.0143
vn -0.5750 -0.8182 -0.0036
vn -0.5750 -0.8180 0.0164
vn -0.5728 -0.8197 -0.0018
vn -0.5727 -0.8198 -0.0020
vn -0.5742 -0.8186 -0.0143
vn -0.5741 -0.8188 -0.0061
vn -0.5761 -0.8171 -0.0197
vn -0.5758 -0.8171 -0.0265
vn -0.5732 -0.8191 -0.0209
vn -0.5757 -0.8165 -0.0435
vn -0.5726 -0.8195 0.0230
vn -0.5709 -0.8209 0.0108
vn -0.5766 -0.8170 0.0106
vn -0.5779 -0.8158 0.0207
vn -0.5750 -0.8178 -0.0240
vn -0.5767 -0.8169 0.0008
vn -0.5702 -0.8215 0.0010
vn -0.5708 -0.8210 -0.0081
vn -0.5761 -0.8173 0.0106
vn -0.5729 -0.8196 0.0103
vn -0.5753 -0.8180 0.0030
vn -0.5755 -0.8177 -0.0081
vn -0.5718 -0.8204 0.0031
vn -0.5722 -0.8201 -0.0023
vn -0.5733 -0.8191 0.0186
vn -0.5760 -0.8174 0.0103
vn -0.5769 -0.8167 0.0131
vn -0.5780 -0.8159 0.0142
vn -0.5772 -0.8165 0.0133
vn -0.5764 -0.8171 0.0123
vn -0.5725 -0.8199 0.0044
vn -0.5749 -0.8182 -0.0024
vn -0.5775 -0.8164 0.0085
vn -0.5757 -0.8176 0.0063
vn -0.5735 -0.8191 0.0140
vn -0.5745 -0.8185 0.0045
vn -0.5740 -0.8187 0.0132
vn -0.5745 -0.8184 0.0123
vn -0.5729 -0.8196 -0.0057
vn -0.5753 -0.8178 -0.0119
vn -0.5749 -0.8182 -0.0057
vn -0.5740 -0.8188 -0.0073
vn -0.5748 -0.8183 0.0037
vn -0.5719 -0.8203 -0.0008
vn -0.5770 -0.8167 0.0023
vn -0.5753 -0.8179 0.0063
vn -0.5759 -0.8175 0.0045
vn -0.5734 -0.8192 -0.0019
vn -0.5730 -0.8195 -0.0019
vn -0.5753 -0.8179 -0.0073
vn -0.5738 -0.8190 -0.0000
vn -0.5733 -0.8194 0.0007
vn -0.5758 -0.8176 0.0007
vn -0.5754 -0.8179 -0.0008
vn -0.5759 -0.8175 -0.0062
vn -0.5749 -0.8182 -0.0052
vn -0.5768 -0.8169 -0.0019
vn -0.5747 -0.8183 -0.0019
vn -0.5763 -0.8172 -0.0052
vn -0.5766 -0.8170 -0.0014
vn -0.5797 -0.8118 0.0709
vn -0.5813 -0.8076 0.0995
vn -0.5758 -0.8143 0.0730
vn -0.5820 -0.8078 0.0934
vn -0.5799 -0.8117 0.0691
vn -0.5814 -0.8090 -0.0859
vn -0.5784 -0.8136 -0.0582
vn -0.5668 -0.8228 -0.0426
vn -0.5805 -0.8128 -0.0478
vn -0.5825 -0.8117 -0.0434
vn -0.5755 -0.8173 0.0277
vn -0.5732 -0.8188 0.0313
vn -0.5763 -0.8170 0.0226
vn -0.5757 -0.8175 0.0151
vn -0.5780 -0.8156 0.0259
vn -0.5759 -0.8173 0.0186
vn -0.5743 -0.8185 0.0165
vn -0.5755 -0.8174 -0.0240
vn -0.5701 -0.8215 -0.0093
vn -0.5762 -0.8172 -0.0094
vn -0.5738 -0.8189 -0.0147
vn -0.5763 -0.8169 -0.0220
vn -0.5770 -0.8166 -0.0180
vn -0.5714 -0.8204 -0.0206
vn -0.5730 -0.8192 -0.0220
vn -0.5758 -0.8173 -0.0220
vn -0.5721 -0.8201 -0.0145
vn -0.5766 -0.8169 -0.0145
vn -0.5785 -0.8156 -0.0120
vn -0.5765 -0.8168 -0.0220
vn -0.5728 -0.8197 0.0065
vn -0.5755 -0.8178 0.0044
vn -0.5728 -0.8197 -0.0003
vn -0.5717 -0.8205 0.0006
vn -0.5759 -0.8174 0.0080
vn -0.5754 -0.8179 0.0020
vn -0.5762 -0.8173 0.0078
vn -0.5731 -0.8195 0.0037
vn -0.5751 -0.8179 -0.0145
vn -0.5770 -0.8166 -0.0145
vn -0.5769 -0.8166 -0.0173
vn -0.5773 -0.8164 -0.0135
vn -0.5771 -0.8167 -0.0038
vn -0.5805 -0.8126 -0.0522
vn -0.5764 -0.8162 -0.0408
vn -0.5814 -0.8093 -0.0830
vn -0.5818 -0.8125 -0.0366
vn -0.5771 -0.8156 -0.0414
vn -0.5779 -0.8161 -0.0114
vn -0.5800 -0.8128 -0.0550
vn -0.5786 -0.8141 -0.0502
vn -0.5789 -0.8148 -0.0316
vn -0.5785 -0.8149 -0.0367
vn -0.5754 -0.8173 -0.0310
vn -0.5778 -0.8156 -0.0304
vn -0.5793 -0.8141 -0.0408
vn -0.5793 -0.8140 -0.0426
vn -0.5780 -0.8157 -0.0235
vn -0.5778 -0.8155 -0.0326
vn -0.5773 -0.8159 -0.0323
vn -0.2947 -0.3291 -0.8971
vn -0.2810 -0.3184 -0.9054
vn -0.3139 -0.3182 -0.8946
vn -0.2612 -0.2511 -0.9321
vn -0.2791 -0.3162 -0.9067
vn -0.2830 -0.3191 -0.9045
vn -0.2774 -0.3049 -0.9111
vn -0.2655 -0.2574 -0.9291
vn -0.2787 -0.2936 -0.9144
vn -0.2556 -0.2490 -0.9342
vn -0.2448 -0.2456 -0.9380
vn -0.2518 -0.2466 -0.9358
vn -0.2600 -0.2470 -0.9335
vn -0.2582 -0.2439 -0.9348
vn -0.2280 -0.1994 -0.9530
vn -0.2154 -0.1742 -0.9609
vn -0.2184 -0.1958 -0.9560
vn -0.4332 -0.6669 -0.6062
vn -0.3236 -0.3428 -0.8819
vn -0.3386 -0.4050 -0.8493
vn -0.3925 -0.4290 -0.8136
vn -0.3458 -0.3811 -0.8574
vn -0.3277 -0.3200 -0.8889
vn -0.4048 -0.6532 -0.6398
vn -0.4021 -0.5810 -0.7076
vn -0.4113 -0.6360 -0.6530
vn -0.3390 -0.4310 -0.8363
vn -0.3369 -0.4253 -0.8400
vn -0.3983 -0.5860 -0.7057
vn -0.3958 -0.5596 -0.7281
vn -0.3611 -0.4942 -0.7908
vn -0.3733 -0.4835 -0.7918
vn -0.3426 -0.4624 -0.8178
vn -0.3268 -0.3205 -0.8891
vn -0.2556 -0.2784 -0.9258
vn -0.2660 -0.2789 -0.9228
vn -0.1881 -0.1263 -0.9740
vn -0.2174 -0.1737 -0.9605
vn -0.1902 -0.1292 -0.9732
vn -0.1826 -0.1253 -0.9752
vn -0.1828 -0.1253 -0.9751
vn -0.1669 -0.0934 -0.9815
vn -0.1413 -0.0365 -0.9893
vn -0.1425 -0.0424 -0.9889
vn -0.1406 -0.0425 -0.9892
vn -0.1396 -0.0467 -0.9891
vn -0.1342 -0.0286 -0.9905
vn -0.1258 -0.0247 -0.9917
vn -0.1248 -0.0241 -0.9919
vn -0.1262 -0.0249 -0.9917
vn -0.1159 0.0003 -0.9933
vn -0.4001 -0.4342 -0.8070
vn -0.4395 -0.5053 -0.7426
vn -0.4282 -0.5157 -0.7421
vn -0.4123 -0.4820 -0.7731
vn -0.4651 -0.5913 -0.6588
vn -0.4257 -0.5114 -0.7465
vn -0.3813 -0.4381 -0.8141
vn -0.4281 -0.5091 -0.7467
vn -0.4258 -0.7115 -0.5591
vn -0.4268 -0.7123 -0.5572
vn -0.3992 -0.4350 -0.8071
vn -0.4017 -0.4375 -0.8045
vn -0.4455 -0.8029 -0.3961
vn -0.4418 -0.7574 -0.4807
vn -0.4172 -0.5084 -0.7533
vn -0.4079 -0.5172 -0.7524
vn -0.3859 -0.4596 -0.7999
vn -0.4359 -0.5890 -0.6805
vn -0.4089 -0.5188 -0.7507
vn -0.3850 -0.5201 -0.7624
vn -0.3894 -0.5125 -0.7654
vn -0.3889 -0.5064 -0.7696
vn -0.3875 -0.5028 -0.7727
vn -0.3920 -0.6213 -0.6785
vn -0.3567 -0.5035 -0.7869
vn -0.3532 -0.5081 -0.7855
vn -0.3045 -0.4052 -0.8620
vn -0.3530 -0.4830 -0.8013
vn -0.3507 -0.4846 -0.8013
vn -0.2673 -0.2798 -0.9221
vn -0.2560 -0.2794 -0.9254
vn -0.2748 -0.3047 -0.9119
vn -0.2593 -0.3002 -0.9180
vn -0.2026 -0.1407 -0.9691
vn -0.2137 -0.1895 -0.9583
vn -0.1834 -0.1075 -0.9771
vn -0.1810 -0.0971 -0.9787
vn -0.1908 -0.1451 -0.9708
vn -0.1836 -0.1460 -0.9721
vn -0.1914 -0.1347 -0.9722
vn -0.1627 -0.1063 -0.9809
vn -0.1771 -0.1210 -0.9767
vn -0.1761 -0.1308 -0.9756
vn -0.1807 -0.1179 -0.9765
vn -0.1822 -0.1183 -0.9761
vn -0.1531 -0.0712 -0.9856
vn -0.1642 -0.0939 -0.9820
vn -0.1519 -0.0698 -0.9859
vn -0.1510 -0.0691 -0.9861
vn -0.1670 -0.0799 -0.9827
vn -0.1332 -0.0485 -0.9899
vn -0.1319 -0.0551 -0.9897
vn -0.1316 -0.0363 -0.9906
vn -0.1313 -0.0362 -0.9907
vn -0.1300 -0.0438 -0.9905
vn -0.1263 -0.0320 -0.9915
vn -0.1244 -0.0313 -0.9917
vn -0.1218 -0.0308 -0.9921
vn -0.1201 -0.0108 -0.9927
vn -0.1277 -0.0168 -0.9917
vn -0.1198 -0.0105 -0.9927
vn -0.1157 -0.0183 -0.9931
vn -0.1130 -0.0244 -0.9933
vn -0.1212 -0.0107 -0.9926
vn -0.1193 -0.0040 -0.9928
vn -0.4931 -0.5937 -0.6358
vn -0.4461 -0.5096 -0.7357
vn -0.4500 -0.5496 -0.7039
vn -0.4482 -0.5141 -0.7313
vn -0.4205 -0.7800 -0.4634
vn -0.4437 -0.8080 -0.3877
vn -0.4402 -0.8052 -0.3973
vn -0.4331 -0.7616 -0.4820
vn -0.4181 -0.6889 -0.5921
vn -0.3371 -0.4840 -0.8075
vn -0.2844 -0.2461 -0.9266
vn -0.2947 -0.4060 -0.8651
vn -0.3133 -0.4232 -0.8501
vn -0.3033 -0.3805 -0.8736
vn -0.2989 -0.4061 -0.8635
vn -0.2988 -0.4051 -0.8641
vn -0.2944 -0.4058 -0.8652
vn -0.2970 -0.3979 -0.8680
vn -0.2782 -0.2439 -0.9290
vn -0.2498 -0.2271 -0.9413
vn -0.2472 -0.1923 -0.9497
vn -0.2460 -0.1930 -0.9499
vn -0.1881 -0.1706 -0.9672
vn -0.1933 -0.1701 -0.9663
vn -0.1773 -0.1377 -0.9745
vn -0.1686 -0.0950 -0.9811
vn -0.1673 -0.1060 -0.9802
vn -0.1571 -0.0860 -0.9838
vn -0.1642 -0.0937 -0.9820
vn -0.1493 -0.0961 -0.9841
vn -0.1558 -0.0924 -0.9835
vn -0.1518 -0.0800 -0.9852
vn -0.1494 -0.0900 -0.9847
vn -0.1466 -0.0818 -0.9858
vn -0.1523 -0.0697 -0.9859
vn -0.1525 -0.0689 -0.9859
vn -0.1455 -0.0542 -0.9879
vn -0.1472 -0.0692 -0.9867
vn -0.1432 -0.0617 -0.9878
vn -0.1516 -0.0633 -0.9864
vn -0.1419 -0.0584 -0.9882
vn -0.1408 -0.0803 -0.9868
vn -0.1378 -0.0709 -0.9879
vn -0.1396 -0.0611 -0.9883
vn -0.1392 -0.0612 -0.9884
vn -0.1222 -0.0168 -0.9924
vn -0.1161 -0.0199 -0.9930
vn -0.1266 -0.0246 -0.9916
vn -0.1268 -0.0241 -0.9916
vn -0.1265 -0.0248 -0.9917
vn -0.1285 -0.0224 -0.9915
vn -0.1150 -0.0168 -0.9932
vn -0.1115 -0.0105 -0.9937
vn -0.1210 -0.0139 -0.9926
vn -0.1084 -0.0160 -0.9940
vn -0.1098 -0.0135 -0.9939
vn -0.1085 -0.0165 -0.9940
vn -0.1115 -0.0135 -0.9937
vn -0.1202 -0.0080 -0.9927
vn -0.1147 -0.0105 -0.9933
vn -0.1114 -0.0049 -0.9938
vn -0.1147 -0.0105 -0.9934
vn -0.1054 -0.0106 -0.9944
vn -0.1017 -0.0035 -0.9948
vn -0.1027 -0.0049 -0.9947
vn -0.1020 -0.0045 -0.9948
vn -0.1070 -0.0078 -0.9942
vn -0.1095 -0.0079 -0.9940
vn -0.1025 -0.0000 -0.9947
vn -0.1169 -0.0021 -0.9931
vn -0.1050 -0.0049 -0.9945
vn -0.1013 -0.0015 -0.9949
vn -0.4457 -0.8273 -0.3419
vn -0.3406 -0.3463 -0.8741
vn -0.3338 -0.3255 -0.8847
vn -0.3331 -0.3264 -0.8846
vn -0.3704 -0.5441 -0.7528
vn -0.3604 -0.5418 -0.7593
vn -0.2951 -0.3501 -0.8890
vn -0.2779 -0.3695 -0.8867
vn -0.2688 -0.3476 -0.8983
vn -0.2361 -0.2782 -0.9311
vn -0.2359 -0.2783 -0.9311
vn -0.2329 -0.2839 -0.9302
vn -0.2316 -0.2561 -0.9385
vn -0.2423 -0.2430 -0.9393
vn -0.2464 -0.2407 -0.9388
vn -0.2386 -0.2421 -0.9405
vn -0.1333 -0.0235 -0.9908
vn -0.1718 -0.0836 -0.9816
vn -0.1511 -0.0500 -0.9873
vn -0.1165 -0.0338 -0.9926
vn -0.1241 -0.0375 -0.9916
vn -0.1167 -0.0341 -0.9926
vn -0.4284 -0.4805 -0.7653
vn -0.3649 -0.5780 -0.7299
vn -0.3772 -0.6224 -0.6858
vn -0.3731 -0.5753 -0.7279
vn -0.3785 -0.6287 -0.6793
vn -0.3521 -0.5296 -0.7717
vn -0.3288 -0.5044 -0.7984
vn -0.3250 -0.4667 -0.8226
vn -0.3207 -0.4845 -0.8139
vn -0.2860 -0.3876 -0.8763
vn -0.2165 -0.1460 -0.9653
vn -0.2036 -0.2024 -0.9579
vn -0.2013 -0.1310 -0.9707
vn -0.1905 -0.1062 -0.9759
vn -0.1772 -0.1125 -0.9777
vn -0.1694 -0.1447 -0.9749
vn -0.1522 -0.1048 -0.9828
vn -0.4465 -0.8394 -0.3100
vn -0.4007 -0.6926 -0.5998
vn -0.4251 -0.7427 -0.5174
vn -0.4249 -0.7634 -0.4866
vn -0.4285 -0.7392 -0.5196
vn -0.4252 -0.7668 -0.4808
vn -0.4017 -0.6959 -0.5953
vn -0.4045 -0.6995 -0.5892
vn -0.4014 -0.6972 -0.5940
vn -0.4010 -0.6926 -0.5995
vn -0.4004 -0.6782 -0.6162
vn -0.4047 -0.6654 -0.6273
vn -0.3729 -0.6118 -0.6976
vn -0.2843 -0.2472 -0.9263
vn -0.2922 -0.2854 -0.9128
vn -0.2964 -0.4108 -0.8622
vn -0.2830 -0.3962 -0.8735
vn -0.2824 -0.2469 -0.9270
vn -0.2758 -0.2368 -0.9316
vn -0.2801 -0.2454 -0.9281
vn -0.2544 -0.3215 -0.9121
vn -0.2387 -0.3004 -0.9235
vn -0.2254 -0.2639 -0.9378
vn -0.4408 -0.8013 -0.4045
vn -0.4322 -0.7943 -0.4268
vn -0.4372 -0.7839 -0.4409
vn -0.4325 -0.7942 -0.4269
vn -0.4252 -0.7669 -0.4807
vn -0.4253 -0.7670 -0.4805
vn -0.3669 -0.3769 -0.8505
vn -0.3861 -0.4209 -0.8208
vn -0.3950 -0.4232 -0.8154
vn -0.4042 -0.4371 -0.8035
vn -0.3672 -0.3782 -0.8498
vn -0.3604 -0.3682 -0.8571
vn -0.3769 -0.3938 -0.8384
vn -0.3629 -0.3735 -0.8537
vn -0.3795 -0.6245 -0.6826
vn -0.3721 -0.6153 -0.6949
vn -0.3501 -0.5532 -0.7559
vn -0.3468 -0.5516 -0.7586
vn -0.3663 -0.6020 -0.7095
vn -0.3547 -0.5704 -0.7408
vn -0.3443 -0.5461 -0.7636
vn -0.3204 -0.4862 -0.8130
vn -0.3208 -0.4848 -0.8137
vn -0.2961 -0.4266 -0.8546
vn -0.2128 -0.2402 -0.9471
vn -0.1982 -0.2035 -0.9588
vn -0.1953 -0.2021 -0.9597
vn -0.1576 -0.0607 -0.9856
vn -0.1516 -0.0498 -0.9872
vn -0.1526 -0.0515 -0.9869
vn -0.1455 -0.0541 -0.9879
vn -0.1641 -0.0683 -0.9841
vn -0.1289 -0.0575 -0.9900
vn -0.1421 -0.0884 -0.9859
vn -0.1324 -0.0566 -0.9896
vn -0.1289 -0.0576 -0.9900
vn -0.4400 -0.5059 -0.7420
vn -0.4460 -0.5097 -0.7357
vn -0.4629 -0.5374 -0.7049
vn -0.4330 -0.4859 -0.7592
vn -0.4269 -0.4756 -0.7691
vn -0.4532 -0.5194 -0.7244
vn -0.4121 -0.4549 -0.7895
vn -0.4430 -0.8407 -0.3113
vn -0.4434 -0.8410 -0.3100
vn -0.4149 -0.7367 -0.5340
vn -0.4144 -0.7342 -0.5378
vn -0.3970 -0.6825 -0.6137
vn -0.3967 -0.6835 -0.6128
vn -0.4103 -0.7234 -0.5553
vn -0.3750 -0.6250 -0.6846
vn -0.3744 -0.6235 -0.6864
vn -0.3273 -0.5037 -0.7995
vn -0.3076 -0.4568 -0.8347
vn -0.2955 -0.4276 -0.8543
vn -0.2963 -0.4272 -0.8542
vn -0.2512 -0.1976 -0.9475
vn -0.2169 -0.1459 -0.9652
vn -0.2324 -0.1700 -0.9576
vn -0.2147 -0.1470 -0.9656
vn -0.1391 -0.0316 -0.9898
vn -0.2027 -0.1267 -0.9710
vn -0.2189 -0.1488 -0.9643
vn -0.2033 -0.1256 -0.9710
vn -0.2108 -0.1370 -0.9679
vn -0.2277 -0.1619 -0.9602
vn -0.1947 -0.2012 -0.9600
vn -0.1910 -0.1920 -0.9626
vn -0.1920 -0.1879 -0.9632
vn -0.2000 -0.1235 -0.9720
vn -0.1939 -0.1120 -0.9746
vn -0.1922 -0.1110 -0.9751
vn -0.2055 -0.1291 -0.9701
vn -0.2032 -0.1257 -0.9710
vn -0.1956 -0.1146 -0.9740
vn -0.1830 -0.1156 -0.9763
vn -0.1714 -0.1458 -0.9744
vn -0.1801 -0.1696 -0.9689
vn -0.1858 -0.1821 -0.9656
vn -0.1678 -0.1442 -0.9752
vn -0.1487 -0.1025 -0.9836
vn -0.1638 -0.1334 -0.9774
vn -0.1603 -0.1271 -0.9788
vn -0.1603 -0.1198 -0.9798
vn -0.1652 -0.1374 -0.9767
vn -0.1735 -0.1264 -0.9767
vn -0.1504 -0.1060 -0.9829
vn -0.1704 -0.1486 -0.9741
vn -0.4472 -0.8623 -0.2376
vn -0.4408 -0.8259 -0.3515
vn -0.4427 -0.8384 -0.3181
vn -0.4406 -0.8276 -0.3477
vn -0.4406 -0.8289 -0.3447
vn -0.4318 -0.7931 -0.4296
vn -0.4368 -0.8122 -0.3867
vn -0.4287 -0.7822 -0.4521
vn -0.4379 -0.8230 -0.3619
vn -0.4321 -0.7924 -0.4306
vn -0.3994 -0.6940 -0.5990
vn -0.3890 -0.6629 -0.6397
vn -0.3797 -0.6387 -0.6692
vn -0.3767 -0.6263 -0.6826
vn -0.3740 -0.6245 -0.6856
vn -0.3367 -0.3294 -0.8821
vn -0.3037 -0.2784 -0.9112
vn -0.3179 -0.3005 -0.8992
vn -0.3518 -0.3529 -0.8670
vn -0.4806 -0.5725 -0.6643
vn -0.1885 -0.1037 -0.9766
vn -0.3638 -0.3710 -0.8544
vn -0.3352 -0.3250 -0.8843
vn -0.3297 -0.3200 -0.8882
vn -0.2855 -0.2511 -0.9249
vn -0.2942 -0.2632 -0.9188
vn -0.3477 -0.3461 -0.8714
vn -0.3048 -0.2789 -0.9107
vn -0.2856 -0.2499 -0.9252
vn -0.2871 -0.2521 -0.9241
vn -0.2748 -0.2330 -0.9328
vn -0.2847 -0.2492 -0.9257
vn -0.2436 -0.1866 -0.9518
vn -0.2910 -0.4183 -0.8604
vn -0.2829 -0.3990 -0.8722
vn -0.2809 -0.3832 -0.8799
vn -0.3591 -0.5838 -0.7282
vn -0.4480 -0.8778 -0.1696
vn -0.2778 -0.3860 -0.8797
vn -0.3194 -0.4861 -0.8135
vn -0.2849 -0.4035 -0.8695
vn -0.4074 -0.7167 -0.5660
vn -0.2776 -0.3853 -0.8801
vn -0.2629 -0.3533 -0.8978
vn -0.2718 -0.3736 -0.8869
vn -0.2619 -0.3484 -0.9000
vn -0.2539 -0.3325 -0.9083
vn -0.2377 -0.2960 -0.9251
vn -0.2433 -0.3020 -0.9217
vn -0.2418 -0.3035 -0.9217
vn -0.2465 -0.3157 -0.9163
vn -0.2269 -0.2721 -0.9351
vn -0.2243 -0.2656 -0.9376
vn -0.2244 -0.2657 -0.9376
vn -0.2187 -0.2534 -0.9423
vn -0.2275 -0.2669 -0.9365
vn -0.1993 -0.2112 -0.9569
vn -0.1208 -0.0434 -0.9917
vn -0.4473 -0.8825 -0.1456
vn -0.1174 -0.0370 -0.9924
vn -0.1842 -0.1794 -0.9664
vn -0.1247 -0.0520 -0.9908
vn -0.1060 -0.0133 -0.9943
vn -0.1260 -0.0528 -0.9906
vn -0.1277 -0.0419 -0.9909
vn -0.1216 -0.0457 -0.9915
vn -0.2702 0.3438 -0.8993
vn -0.2693 0.3326 -0.9038
vn -0.2690 0.3333 -0.9036
vn -0.2893 0.3485 -0.8915
vn -0.2698 0.3214 -0.9077
vn -0.2412 0.2712 -0.9318
vn -0.2605 0.2813 -0.9236
vn -0.2455 0.2743 -0.9298
vn -0.3035 0.3402 -0.8900
vn -0.2564 0.2745 -0.9268
vn -0.2670 0.2701 -0.9251
vn -0.2652 0.2657 -0.9268
vn -0.2783 0.2753 -0.9202
vn -0.2479 0.2569 -0.9341
vn -0.2531 0.2658 -0.9302
vn -0.1850 0.1453 -0.9719
vn -0.1831 0.1521 -0.9713
vn -0.4129 0.6942 -0.5896
vn -0.3980 0.5872 -0.7048
vn -0.4108 0.6506 -0.6387
vn -0.3865 0.5944 -0.7052
vn -0.3606 0.5536 -0.7507
vn -0.3929 0.5801 -0.7135
vn -0.3885 0.5436 -0.7440
vn -0.3240 0.4380 -0.8386
vn -0.3257 0.4434 -0.8351
vn -0.3277 0.4202 -0.8462
vn -0.3119 0.3558 -0.8810
vn -0.3079 0.3479 -0.8855
vn -0.3934 0.4532 -0.7999
vn -0.3307 0.3838 -0.8622
vn -0.3785 0.4408 -0.8139
vn -0.3881 0.4457 -0.8067
vn -0.3496 0.4004 -0.8470
vn -0.3074 0.3223 -0.8954
vn -0.3209 0.3406 -0.8838
vn -0.2743 0.2900 -0.9169
vn -0.2775 0.2820 -0.9184
vn -0.2771 0.2740 -0.9209
vn -0.2162 0.2150 -0.9524
vn -0.2117 0.1949 -0.9577
vn -0.2124 0.1805 -0.9604
vn -0.2098 0.1795 -0.9611
vn -0.1652 0.1200 -0.9789
vn -0.1761 0.1228 -0.9767
vn -0.1543 0.1023 -0.9827
vn -0.1648 0.1017 -0.9811
vn -0.1559 0.1014 -0.9826
vn -0.1465 0.0953 -0.9846
vn -0.1456 0.0920 -0.9851
vn -0.1202 0.0418 -0.9919
vn -0.1031 0.0069 -0.9947
vn -0.1130 0.0261 -0.9933
vn -0.1053 0.0105 -0.9944
vn -0.4434 0.7936 -0.4167
vn -0.4442 0.7932 -0.4166
vn -0.4287 0.7046 -0.5655
vn -0.4160 0.6925 -0.5894
vn -0.4458 0.7730 -0.4514
vn -0.4247 0.7248 -0.5424
vn -0.3823 0.6153 -0.6894
vn -0.3926 0.6469 -0.6538
vn -0.4518 0.6058 -0.6548
vn -0.4408 0.5835 -0.6821
vn -0.3833 0.4805 -0.7888
vn -0.3770 0.5086 -0.7741
vn -0.4272 0.5140 -0.7438
vn -0.3705 0.4476 -0.8138
vn -0.3752 0.4562 -0.8069
vn -0.4123 0.5086 -0.7559
vn -0.4355 0.5290 -0.7284
vn -0.2481 0.2938 -0.9231
vn -0.4098 0.4821 -0.7743
vn -0.3986 0.4491 -0.7997
vn -0.3821 0.4371 -0.8142
vn -0.2396 0.2186 -0.9459
vn -0.2373 0.2222 -0.9457
vn -0.1919 0.1620 -0.9680
vn -0.2378 0.2069 -0.9490
vn -0.2056 0.1602 -0.9654
vn -0.1823 0.1274 -0.9750
vn -0.1783 0.1271 -0.9757
vn -0.1889 0.1218 -0.9744
vn -0.1749 0.1204 -0.9772
vn -0.1779 0.1007 -0.9789
vn -0.1781 0.1075 -0.9781
vn -0.1652 0.1063 -0.9805
vn -0.1434 0.0828 -0.9862
vn -0.1437 0.0825 -0.9862
vn -0.1601 0.0943 -0.9826
vn -0.1613 0.0960 -0.9822
vn -0.1491 0.0782 -0.9857
vn -0.1443 0.0812 -0.9862
vn -0.1641 0.0906 -0.9823
vn -0.1454 0.0788 -0.9862
vn -0.1489 0.0766 -0.9859
vn -0.1650 0.0895 -0.9822
vn -0.1468 0.0757 -0.9863
vn -0.1482 0.0742 -0.9862
vn -0.1299 0.0441 -0.9906
vn -0.1286 0.0502 -0.9904
vn -0.1332 0.0555 -0.9895
vn -0.1264 0.0529 -0.9906
vn -0.1322 0.0543 -0.9897
vn -0.1376 0.0540 -0.9890
vn -0.1336 0.0426 -0.9901
vn -0.1256 0.0426 -0.9912
vn -0.1260 0.0333 -0.9915
vn -0.1256 0.0327 -0.9915
vn -0.1302 0.0325 -0.9910
vn -0.1388 0.0424 -0.9894
vn -0.1290 0.0292 -0.9912
vn -0.1084 0.0168 -0.9940
vn -0.1089 0.0107 -0.9940
vn -0.1217 0.0310 -0.9921
vn -0.1190 0.0280 -0.9925
vn -0.1141 0.0168 -0.9933
vn -0.1100 0.0168 -0.9938
vn -0.1136 0.0105 -0.9935
vn -0.1215 0.0240 -0.9923
vn -0.1205 0.0168 -0.9926
vn -0.1246 0.0168 -0.9921
vn -0.1320 0.0244 -0.9909
vn -0.1207 0.0170 -0.9925
vn -0.1098 0.0130 -0.9939
vn -0.1076 0.0105 -0.9941
vn -0.1019 0.0042 -0.9948
vn -0.1175 0.0105 -0.9930
vn -0.1076 0.0049 -0.9942
vn -0.1204 0.0049 -0.9927
vn -0.1168 0.0049 -0.9931
vn -0.4468 0.8147 -0.3696
vn -0.4315 0.7702 -0.4698
vn -0.3522 0.5664 -0.7451
vn -0.3521 0.5187 -0.7791
vn -0.2795 0.3563 -0.8916
vn -0.4906 0.5966 -0.6351
vn -0.4567 0.5584 -0.6925
vn -0.2428 0.3030 -0.9216
vn -0.4305 0.5027 -0.7497
vn -0.4321 0.5005 -0.7502
vn -0.3287 0.3446 -0.8793
vn -0.3260 0.3444 -0.8804
vn -0.3434 0.3574 -0.8685
vn -0.2962 0.2905 -0.9099
vn -0.2197 0.1556 -0.9631
vn -0.2016 0.1470 -0.9684
vn -0.1883 0.1184 -0.9749
vn -0.1835 0.1175 -0.9760
vn -0.1688 0.0813 -0.9823
vn -0.1562 0.0805 -0.9844
vn -0.1490 0.0692 -0.9864
vn -0.1620 0.0801 -0.9835
vn -0.1499 0.0690 -0.9863
vn -0.1640 0.0721 -0.9838
vn -0.1457 0.0544 -0.9878
vn -0.1217 0.0326 -0.9920
vn -0.1170 0.0270 -0.9928
vn -0.1161 0.0273 -0.9929
vn -0.1167 0.0265 -0.9928
vn -0.1260 0.0277 -0.9916
vn -0.1235 0.0310 -0.9919
vn -0.1178 0.0240 -0.9928
vn -0.1153 0.0277 -0.9929
vn -0.1172 0.0269 -0.9927
vn -0.1263 0.0151 -0.9919
vn -0.1213 0.0133 -0.9925
vn -0.1279 0.0168 -0.9916
vn -0.1192 0.0038 -0.9929
vn -0.1231 0.0112 -0.9923
vn -0.1021 0.0016 -0.9948
vn -0.1052 -0.0000 -0.9944
vn -0.1079 0.0049 -0.9941
vn -0.1139 0.0015 -0.9935
vn -0.4434 0.8425 -0.3060
vn -0.4435 0.8418 -0.3079
vn -0.4015 0.6930 -0.5988
vn -0.3684 0.5816 -0.7253
vn -0.3389 0.4735 -0.8130
vn -0.4045 0.4540 -0.7939
vn -0.4030 0.4540 -0.7947
vn -0.3700 0.4055 -0.8359
vn -0.2280 0.2300 -0.9461
vn -0.2591 0.2427 -0.9349
vn -0.2586 0.2216 -0.9402
vn -0.2522 0.2028 -0.9462
vn -0.2244 0.1945 -0.9549
vn -0.2323 0.1775 -0.9563
vn -0.1333 0.0688 -0.9887
vn -0.1348 0.0730 -0.9882
vn -0.1337 0.0581 -0.9893
vn -0.1327 0.0646 -0.9891
vn -0.1359 0.0756 -0.9878
vn -0.1354 0.0339 -0.9902
vn -0.1222 0.0078 -0.9925
vn -0.1379 0.0312 -0.9900
vn -0.1386 0.0329 -0.9898
vn -0.4189 0.7454 -0.5186
vn -0.2939 0.4251 -0.8561
vn -0.3197 0.4817 -0.8159
vn -0.2955 0.4281 -0.8541
vn -0.4500 0.5240 -0.7232
vn -0.4491 0.5240 -0.7237
vn -0.3644 0.3793 -0.8505
vn -0.3195 0.3083 -0.8960
vn -0.3195 0.3089 -0.8959
vn -0.1868 0.1838 -0.9651
vn -0.1876 0.1838 -0.9649
vn -0.1783 0.1569 -0.9714
vn -0.1609 0.1283 -0.9786
vn -0.1699 0.1308 -0.9768
vn -0.1663 0.1351 -0.9768
vn -0.1682 0.1441 -0.9752
vn -0.1674 0.1118 -0.9795
vn -0.1535 0.1082 -0.9822
vn -0.1495 0.1033 -0.9834
vn -0.2019 0.1262 -0.9712
vn -0.1776 0.0917 -0.9798
vn -0.4447 0.8369 -0.3190
vn -0.4330 0.7964 -0.4223
vn -0.3991 0.6873 -0.6069
vn -0.3789 0.6362 -0.6721
vn -0.3828 0.6456 -0.6609
vn -0.2937 0.4249 -0.8563
vn -0.2807 0.3927 -0.8758
vn -0.2804 0.3930 -0.8758
vn -0.2953 0.4279 -0.8542
vn -0.2687 0.3539 -0.8958
vn -0.2507 0.3256 -0.9117
vn -0.2414 0.3041 -0.9216
vn -0.2466 0.3115 -0.9177
vn -0.2484 0.3058 -0.9191
vn -0.4257 0.4775 -0.7686
vn -0.3949 0.4267 -0.8136
vn -0.3949 0.4272 -0.8133
vn -0.2243 0.2697 -0.9365
vn -0.2859 0.2525 -0.9244
vn -0.2563 0.2076 -0.9440
vn -0.2553 0.2069 -0.9445
vn -0.1212 0.0446 -0.9916
vn -0.1120 0.0259 -0.9934
vn -0.1265 0.0437 -0.9910
vn -0.1161 0.0340 -0.9927
vn -0.1228 0.0436 -0.9915
vn -0.4433 0.8424 -0.3064
vn -0.4435 0.8424 -0.3060
vn -0.4448 0.8496 -0.2835
vn -0.4419 0.8399 -0.3151
vn -0.3726 0.6089 -0.7003
vn -0.3721 0.6173 -0.6931
vn -0.3786 0.6361 -0.6724
vn -0.3821 0.6443 -0.6625
vn -0.3702 0.6125 -0.6985
vn -0.3624 0.5812 -0.7286
vn -0.3460 0.5511 -0.7594
vn -0.3425 0.5391 -0.7695
vn -0.3324 0.5180 -0.7881
vn -0.4613 0.5369 -0.7064
vn -0.2189 0.2545 -0.9420
vn -0.2262 0.2673 -0.9367
vn -0.2333 0.2618 -0.9365
vn -0.2326 0.2850 -0.9299
vn -0.3869 0.4104 -0.8258
vn -0.3682 0.3809 -0.8481
vn -0.3655 0.3807 -0.8494
vn -0.3638 0.3730 -0.8535
vn -0.3427 0.3399 -0.8758
vn -0.3410 0.3385 -0.8770
vn -0.1746 0.1573 -0.9720
vn -0.1779 0.1650 -0.9701
vn -0.1743 0.1573 -0.9720
vn -0.1769 0.1625 -0.9707
vn -0.1607 0.1284 -0.9786
vn -0.1600 0.1266 -0.9790
vn -0.1629 0.1333 -0.9776
vn -0.1585 0.1232 -0.9796
vn -0.1654 0.1201 -0.9789
vn -0.1465 0.0430 -0.9883
vn -0.1513 0.0520 -0.9871
vn -0.1709 0.0784 -0.9822
vn -0.1539 0.0540 -0.9866
vn -0.1399 0.0330 -0.9896
vn -0.1464 0.0523 -0.9878
vn -0.4315 0.7480 -0.5043
vn -0.4255 0.7720 -0.4723
vn -0.4175 0.7463 -0.5183
vn -0.4244 0.7682 -0.4794
vn -0.4126 0.7304 -0.5444
vn -0.4103 0.7242 -0.5543
vn -0.4087 0.7171 -0.5646
vn -0.4048 0.7078 -0.5789
vn -0.4102 0.7241 -0.5544
vn -0.3351 0.5158 -0.7885
vn -0.3341 0.5218 -0.7849
vn -0.3142 0.4735 -0.8228
vn -0.3182 0.4839 -0.8152
vn -0.3188 0.4833 -0.8153
vn -0.3146 0.4747 -0.8220
vn -0.3114 0.4680 -0.8270
vn -0.2650 0.3579 -0.8954
vn -0.2649 0.3580 -0.8954
vn -0.2650 0.3580 -0.8953
vn -0.2628 0.3537 -0.8977
vn -0.2337 0.2850 -0.9296
vn -0.2385 0.2980 -0.9243
vn -0.2460 0.3159 -0.9163
vn -0.2376 0.2960 -0.9252
vn -0.2303 0.2799 -0.9320
vn -0.2327 0.2850 -0.9299
vn -0.4277 0.4784 -0.7669
vn -0.4520 0.5189 -0.7256
vn -0.4432 0.5041 -0.7413
vn -0.4231 0.4781 -0.7696
vn -0.4039 0.4380 -0.8031
vn -0.4310 0.4833 -0.7620
vn -0.4098 0.4489 -0.7940
vn -0.4112 0.4501 -0.7927
vn -0.4232 0.4699 -0.7747
vn -0.2258 0.2622 -0.9382
vn -0.2178 0.2536 -0.9425
vn -0.2165 0.2493 -0.9439
vn -0.2250 0.2683 -0.9367
vn -0.2453 0.1888 -0.9509
vn -0.2246 0.1593 -0.9613
vn -0.1378 0.0300 -0.9900
vn -0.2193 0.1552 -0.9632
vn -0.2018 0.1264 -0.9712
vn -0.2033 0.1264 -0.9709
vn -0.2192 0.1495 -0.9642
vn -0.2137 0.1413 -0.9666
vn -0.1858 0.1070 -0.9767
vn -0.1783 0.0891 -0.9799
vn -0.1888 0.1066 -0.9762
vn -0.1970 0.1168 -0.9734
vn -0.1813 0.0936 -0.9790
vn -0.1919 0.1089 -0.9754
vn -0.2026 0.1250 -0.9713
vn -0.4420 0.8338 -0.3308
vn -0.4436 0.8419 -0.3074
vn -0.4432 0.8428 -0.3054
vn -0.4419 0.8504 -0.2854
vn -0.4326 0.7967 -0.4220
vn -0.4349 0.7990 -0.4153
vn -0.4327 0.7971 -0.4213
vn -0.4311 0.7918 -0.4328
vn -0.4366 0.8125 -0.3862
vn -0.4435 0.8569 -0.2628
vn -0.4043 0.7072 -0.5800
vn -0.3996 0.6904 -0.6031
vn -0.4346 0.8174 -0.3782
vn -0.4033 0.7033 -0.5855
vn -0.4060 0.7117 -0.5732
vn -0.3930 0.6749 -0.6246
vn -0.3992 0.6913 -0.6023
vn -0.3959 0.6868 -0.6095
vn -0.4298 0.8992 0.0819
vn -0.3785 0.6354 -0.6731
vn -0.3991 0.6906 -0.6032
vn -0.3988 0.6932 -0.6003
vn -0.3912 0.6699 -0.6310
vn -0.3925 0.6728 -0.6271
vn -0.3500 0.5644 -0.7476
vn -0.3831 0.6343 -0.6715
vn -0.4429 0.8673 -0.2271
vn -0.3551 0.5741 -0.7377
vn -0.3604 0.5884 -0.7238
vn -0.3251 0.5002 -0.8026
vn -0.4109 0.7061 -0.5767
vn -0.3606 0.5879 -0.7241
vn -0.2504 0.3287 -0.9106
vn -0.3358 0.5264 -0.7811
vn -0.3324 0.5185 -0.7878
vn -0.3414 0.5377 -0.7709
vn -0.3335 0.5197 -0.7866
vn -0.3042 0.4495 -0.8399
vn -0.3556 0.5682 -0.7421
vn -0.3216 0.4922 -0.8089
vn -0.2730 0.3802 -0.8837
vn -0.3053 0.4516 -0.8384
vn -0.3159 0.4777 -0.8197
vn -0.2961 0.4304 -0.8527
vn -0.4629 0.5374 -0.7049
vn -0.4626 0.5374 -0.7051
vn -0.4622 0.5364 -0.7062
vn -0.2434 0.3064 -0.9203
vn -0.2101 0.2351 -0.9490
vn -0.2011 0.2140 -0.9559
vn -0.1877 0.1859 -0.9645
vn -0.1999 0.2134 -0.9563
vn -0.2017 0.2168 -0.9551
vn -0.2291 0.2752 -0.9337
vn -0.3516 0.3525 -0.8673
vn -0.1852 0.0993 -0.9777
vn -0.3052 0.2801 -0.9102
vn -0.4275 0.4783 -0.7671
vn -0.5013 0.6066 -0.6170
vn -0.3308 0.3203 -0.8877
vn -0.3332 0.3239 -0.8855
vn -0.3056 0.2849 -0.9086
vn -0.3100 0.2889 -0.9058
vn -0.3088 0.2859 -0.9071
vn -0.2871 0.2527 -0.9240
vn -0.2978 0.2682 -0.9162
vn -0.2700 0.2524 -0.9292
vn -0.2718 0.2284 -0.9349
vn -0.2550 0.2034 -0.9453
vn -0.2686 0.2274 -0.9360
vn -0.2614 0.2133 -0.9414
vn -0.2855 0.2498 -0.9253
vn -0.2697 0.2272 -0.9357
vn -0.2783 0.2390 -0.9303
vn -0.1318 0.0696 -0.9888
vn -0.1186 0.0393 -0.9922
vn -0.1486 0.1069 -0.9831
vn -0.2244 0.2623 -0.9385
vn -0.1271 0.0567 -0.9903
vn -0.4360 0.8908 0.1276
vn -0.1207 0.0421 -0.9918
vn -0.1491 0.1023 -0.9835
vn -0.1533 0.1125 -0.9818
vn -0.1223 0.0472 -0.9914
vn -0.1268 0.0567 -0.9903
vn -0.1796 0.1678 -0.9693
vn -0.5815 0.8093 -0.0829
vn -0.5750 0.8179 0.0223
vn -0.5732 0.8194 0.0124
vn -0.5755 0.8173 -0.0295
vn -0.5668 0.8236 -0.0216
vn -0.5726 0.8198 0.0073
vn -0.5740 0.8186 -0.0221
vn -0.5779 0.8131 -0.0704
vn -0.5785 0.8131 -0.0645
vn -0.5800 0.8123 -0.0618
vn -0.5755 0.8178 -0.0049
vn -0.5721 0.8192 -0.0386
vn -0.5781 0.8154 -0.0305
vn -0.5732 0.8192 -0.0178
vn -0.5744 0.8186 -0.0032
vn -0.5743 0.8186 -0.0033
vn -0.5777 0.8147 0.0494
vn -0.5678 0.8230 0.0181
vn -0.5798 0.8146 0.0183
vn -0.5778 0.8159 0.0225
vn -0.5780 0.8142 -0.0547
vn -0.5750 0.8170 -0.0420
vn -0.5769 0.8150 -0.0540
vn -0.5781 0.8142 -0.0541
vn -0.5763 0.8150 0.0604
vn -0.5750 0.8171 0.0428
vn -0.5778 0.8139 0.0605
vn -0.5762 0.8154 0.0557
vn -0.5717 0.8197 -0.0353
vn -0.5731 0.8189 -0.0304
vn -0.5743 0.8185 -0.0178
vn -0.5771 0.8156 -0.0421
vn -0.5797 0.8132 -0.0516
vn -0.5775 0.8157 -0.0329
vn -0.5738 0.8189 -0.0141
vn -0.5718 0.8202 -0.0141
vn -0.5756 0.8177 0.0040
vn -0.5733 0.8187 0.0328
vn -0.5787 0.8149 -0.0327
vn -0.5740 0.8174 -0.0487
vn -0.5755 0.8169 -0.0372
vn -0.5708 0.8209 -0.0173
vn -0.5747 0.8182 -0.0160
vn -0.5823 0.8117 -0.0456
vn -0.5747 0.8172 0.0432
vn -0.5774 0.8152 0.0455
vn -0.5767 0.8151 0.0549
vn -0.5733 0.8193 -0.0041
vn -0.5698 0.8218 -0.0013
vn -0.5736 0.8191 -0.0032
vn -0.5733 0.8193 0.0124
vn -0.5803 0.8129 -0.0485
vn -0.5775 0.8153 -0.0421
vn -0.5799 0.8132 -0.0491
vn -0.5777 0.8162 -0.0086
vn -0.5813 0.8103 -0.0743
vn -0.5793 0.8142 -0.0369
vn -0.5710 0.8208 0.0181
vn -0.5795 0.8145 0.0265
vn -0.5781 0.8157 -0.0200
vn -0.5773 0.8165 -0.0042
vn -0.5827 0.8109 -0.0530
vn -0.5752 0.8156 -0.0629
vn -0.5794 0.8102 -0.0882
vn -0.5780 0.8092 -0.1055
vn -0.5719 0.8183 -0.0575
vn -0.5834 0.8113 -0.0372
vn -0.5795 0.8119 -0.0705
vn -0.5783 0.8133 -0.0645
vn -0.5776 0.8145 -0.0547
vn -0.5808 0.8130 -0.0422
vn -0.5708 0.8200 -0.0411
vn -0.5824 0.8075 0.0932
vn -0.5779 0.8123 0.0783
vn -0.5760 0.8141 0.0735
vn -0.5789 0.8085 0.1059
vn -0.5792 0.8116 0.0762
vn -0.5786 0.8127 0.0691
vn -0.5810 0.8084 0.0951
vn -0.5648 0.8227 0.0653
vn -0.5766 0.8144 0.0649
vn -0.5779 0.8155 -0.0315
vn -0.5794 0.8141 -0.0397
vn -0.5753 0.8173 -0.0329
vn -0.5742 0.8179 -0.0371
vn -0.5770 0.8163 -0.0277
vn -0.5803 0.8137 -0.0340
vn -0.5803 0.8137 -0.0342
vn -0.5773 0.8162 -0.0226
vn -0.5780 0.8153 -0.0340
vn -0.5751 0.8179 -0.0188
vn -0.5696 0.8218 -0.0136
vn -0.5725 0.8199 -0.0084
vn -0.5774 0.8163 -0.0143
vn -0.5750 0.8182 0.0036
vn -0.5750 0.8180 -0.0164
vn -0.5728 0.8197 0.0018
vn -0.5727 0.8198 0.0020
vn -0.5742 0.8186 0.0143
vn -0.5741 0.8188 0.0061
vn -0.5761 0.8171 0.0197
vn -0.5758 0.8171 0.0265
vn -0.5732 0.8191 0.0209
vn -0.5757 0.8165 0.0435
vn -0.5726 0.8195 -0.0230
vn -0.5709 0.8209 -0.0108
vn -0.5766 0.8170 -0.0106
vn -0.5779 0.8158 -0.0207
vn -0.5750 0.8178 0.0240
vn -0.5767 0.8169 -0.0008
vn -0.5702 0.8215 -0.0010
vn -0.5708 0.8210 0.0081
vn -0.5761 0.8173 -0.0106
vn -0.5729 0.8196 -0.0103
vn -0.5753 0.8180 -0.0030
vn -0.5755 0.8177 0.0081
vn -0.5718 0.8204 -0.0031
vn -0.5722 0.8201 0.0023
vn -0.5733 0.8191 -0.0186
vn -0.5760 0.8174 -0.0103
vn -0.5769 0.8167 -0.0131
vn -0.5780 0.8159 -0.0142
vn -0.5772 0.8165 -0.0133
vn -0.5764 0.8171 -0.0123
vn -0.5725 0.8199 -0.0044
vn -0.5749 0.8182 0.0024
vn -0.5775 0.8164 -0.0085
vn -0.5757 0.8176 -0.0063
vn -0.5735 0.8191 -0.0140
vn -0.5745 0.8185 -0.0045
vn -0.5740 0.8187 -0.0132
vn -0.5745 0.8184 -0.0123
vn -0.5729 0.8196 0.0057
vn -0.5753 0.8178 0.0119
vn -0.5749 0.8182 0.0057
vn -0.5740 0.8188 0.0073
vn -0.5748 0.8183 -0.0037
vn -0.5719 0.8203 0.0008
vn -0.5753 0.8179 -0.0063
vn -0.5770 0.8167 -0.0023
vn -0.5759 0.8175 -0.0045
vn -0.5734 0.8192 0.0019
vn -0.5730 0.8195 0.0019
vn -0.5753 0.8179 0.0073
vn -0.5738 0.8190 -0.0000
vn -0.5733 0.8194 -0.0007
vn -0.5758 0.8176 -0.0007
vn -0.5754 0.8179 0.0008
vn -0.5760 0.8175 0.0062
vn -0.5749 0.8182 0.0052
vn -0.5766 0.8170 0.0014
vn -0.5768 0.8169 0.0019
vn -0.5747 0.8183 0.0019
vn -0.5763 0.8172 0.0052
vn -0.5797 0.8118 -0.0709
vn -0.5813 0.8076 -0.0995
vn -0.5758 0.8143 -0.0730
vn -0.5820 0.8078 -0.0934
vn -0.5799 0.8117 -0.0691
vn -0.5784 0.8136 0.0582
vn -0.5805 0.8128 0.0478
vn -0.5668 0.8228 0.0426
vn -0.5814 0.8090 0.0859
vn -0.5825 0.8117 0.0434
vn -0.5755 0.8173 -0.0277
vn -0.5732 0.8188 -0.0313
vn -0.5763 0.8169 -0.0226
vn -0.5757 0.8175 -0.0151
vn -0.5780 0.8156 -0.0259
vn -0.5743 0.8185 -0.0165
vn -0.5759 0.8173 -0.0186
vn -0.5755 0.8174 0.0240
vn -0.5701 0.8215 0.0093
vn -0.5738 0.8189 0.0147
vn -0.5762 0.8172 0.0094
vn -0.5763 0.8169 0.0220
vn -0.5770 0.8166 0.0180
vn -0.5714 0.8204 0.0206
vn -0.5730 0.8192 0.0220
vn -0.5758 0.8173 0.0220
vn -0.5721 0.8201 0.0145
vn -0.5766 0.8169 0.0145
vn -0.5785 0.8156 0.0120
vn -0.5765 0.8168 0.0220
vn -0.5728 0.8197 -0.0065
vn -0.5755 0.8178 -0.0044
vn -0.5728 0.8197 0.0003
vn -0.5717 0.8205 -0.0006
vn -0.5759 0.8174 -0.0080
vn -0.5754 0.8179 -0.0020
vn -0.5762 0.8173 -0.0078
vn -0.5731 0.8195 -0.0037
vn -0.5769 0.8166 0.0173
vn -0.5771 0.8167 0.0038
vn -0.5751 0.8179 0.0145
vn -0.5770 0.8166 0.0145
vn -0.5773 0.8164 0.0135
vn -0.5805 0.8126 0.0522
vn -0.5814 0.8093 0.0830
vn -0.5764 0.8162 0.0408
vn -0.5771 0.8156 0.0414
vn -0.5818 0.8125 0.0366
vn -0.5779 0.8161 0.0114
vn -0.5800 0.8128 0.0550
vn -0.5754 0.8173 0.0310
vn -0.5785 0.8149 0.0367
vn -0.5786 0.8141 0.0502
vn -0.5789 0.8148 0.0316
vn -0.5773 0.8159 0.0323
vn -0.5793 0.8140 0.0426
vn -0.5793 0.8141 0.0408
vn -0.5778 0.8155 0.0326
vn -0.5780 0.8157 0.0235
vn -0.5778 0.8156 0.0304
vn -0.4470 -0.0340 0.8939
vn -0.4470 -0.2354 0.8630
vn -0.4457 -0.4249 0.7879
vn -0.4463 -0.4274 0.7862
vn -0.4477 -0.4657 0.7634
vn -0.4506 0.4822 0.7513
vn -0.4470 0.4832 0.7528
vn -0.4462 0.4661 0.7640
vn -0.4484 0.4269 0.7853
vn -0.4470 0.3003 0.8426
vn -0.4470 0.2354 0.8630
vn -0.4470 0.1019 0.8887
vn -0.4470 -0.1019 0.8887
vn -0.4470 -0.3003 0.8426
vn -0.4470 -0.3635 0.8174
vn -0.4451 -0.4837 0.7536
vn -0.4478 -0.5031 0.7392
vn -0.4458 0.3879 0.8067
vn -0.4470 0.4246 0.7874
vn -0.4494 0.4240 0.7863
vn -0.4470 0.0340 0.8939
vn -0.4470 -0.1691 0.8784
vn -0.4459 -0.5393 0.7144
vn -0.4460 -0.5398 0.7139
vn -0.4478 -0.5741 0.6855
vn -0.4464 0.3471 0.8248
vn -0.4480 0.3054 0.8403
vn -0.4470 0.3635 0.8174
vn -0.4505 0.3628 0.8157
vn -0.4470 0.1691 0.8784
vn -0.4470 -0.4246 0.7874
vn -0.4461 -0.6400 0.6256
vn -0.4451 -0.5923 0.6716
vn -0.4477 -0.6075 0.6561
vn -0.4457 0.2635 0.8555
vn -0.4497 0.2998 0.8413
vn -0.4470 -0.5390 0.7139
vn -0.4470 -0.4832 0.7528
vn -0.4479 -0.6697 0.5924
vn -0.4458 -0.6414 0.6244
vn -0.4467 0.2205 0.8671
vn -0.4476 0.1769 0.8765
vn -0.4504 0.2349 0.8613
vn -0.4476 -0.6985 0.5584
vn -0.4464 -0.7259 0.5233
vn -0.4452 -0.6873 0.5740
vn -0.4457 0.1332 0.8852
vn -0.4499 0.1688 0.8770
vn -0.4470 -0.6410 0.6240
vn -0.4470 -0.5917 0.6709
vn -0.4479 -0.7504 0.4861
vn -0.4456 -0.7287 0.5200
vn -0.4503 0.1017 0.8871
vn -0.4469 0.0889 0.8901
vn -0.4473 0.0445 0.8933
vn -0.4475 -0.7738 0.4483
vn -0.4467 -0.7955 0.4094
vn -0.4452 -0.7663 0.4632
vn -0.4457 -0.0000 0.8952
vn -0.4501 0.0340 0.8923
vn -0.4470 -0.6866 0.5735
vn -0.4470 -0.7282 0.5196
vn -0.4480 -0.8143 0.3690
vn -0.4455 -0.7992 0.4036
vn -0.4473 -0.0445 0.8933
vn -0.4469 -0.0889 0.8901
vn -0.4501 -0.0340 0.8923
vn -0.4470 -0.7656 0.4628
vn -0.4473 -0.8320 0.3281
vn -0.4469 -0.8475 0.2864
vn -0.4452 -0.8276 0.3417
vn -0.4457 -0.1332 0.8852
vn -0.4503 -0.1017 0.8871
vn -0.4480 -0.8602 0.2437
vn -0.4442 -0.8731 0.2010
vn -0.4454 -0.8511 0.2778
vn -0.4476 -0.1769 0.8765
vn -0.4467 -0.2205 0.8671
vn -0.4499 -0.1688 0.8770
vn -0.4470 -0.7985 0.4032
vn -0.4457 -0.2635 0.8555
vn -0.4504 -0.2349 0.8613
vn -0.4470 -0.8269 0.3414
vn -0.4480 -0.3054 0.8403
vn -0.4464 -0.3471 0.8248
vn -0.4497 -0.2998 0.8413
vn -0.4470 -0.8504 0.2776
vn -0.4470 -0.8690 0.2121
vn -0.4458 -0.3879 0.8067
vn -0.4505 -0.3628 0.8157
vn -0.4494 -0.4240 0.7863
vn -0.4484 -0.4269 0.7853
vn -0.4462 -0.4661 0.7640
vn -0.4459 -0.5036 0.7399
vn -0.4506 -0.4822 0.7513
vn -0.4489 -0.5389 0.7128
vn -0.4460 -0.5746 0.6862
vn -0.4491 -0.5384 0.7131
vn -0.4461 -0.6081 0.6567
vn -0.4487 -0.6391 0.6247
vn -0.4506 -0.5905 0.6695
vn -0.4459 -0.6704 0.5931
vn -0.4493 -0.6402 0.6232
vn -0.4463 -0.6990 0.5588
vn -0.4482 -0.7251 0.5228
vn -0.4505 -0.6852 0.5723
vn -0.4458 -0.7513 0.4867
vn -0.4496 -0.7271 0.5189
vn -0.4465 -0.7742 0.4485
vn -0.4478 -0.7950 0.4091
vn -0.4505 -0.7640 0.4619
vn -0.4498 -0.7972 0.4026
vn -0.4457 -0.8154 0.3695
vn -0.4504 -0.8253 0.3407
vn -0.4468 -0.8322 0.3282
vn -0.4474 -0.8473 0.2863
vn -0.4500 -0.8489 0.2771
vn -0.4457 -0.8613 0.2440
vn -0.4517 -0.8694 0.2001
vn -0.4442 0.8731 0.2010
vn -0.4480 0.8602 0.2437
vn -0.4454 0.8511 0.2778
vn -0.4469 0.8475 0.2864
vn -0.4473 0.8320 0.3281
vn -0.4452 0.8276 0.3417
vn -0.4480 0.8143 0.3690
vn -0.4470 0.8690 0.2121
vn -0.4455 0.7992 0.4036
vn -0.4467 0.7956 0.4094
vn -0.4475 0.7738 0.4483
vn -0.4470 0.8504 0.2776
vn -0.4479 0.7504 0.4861
vn -0.4452 0.7663 0.4632
vn -0.4470 0.8269 0.3414
vn -0.4470 0.7985 0.4032
vn -0.4456 0.7287 0.5200
vn -0.4464 0.7259 0.5233
vn -0.4476 0.6985 0.5584
vn -0.4479 0.6697 0.5924
vn -0.4452 0.6873 0.5740
vn -0.4470 0.7656 0.4628
vn -0.4470 0.7282 0.5196
vn -0.4458 0.6414 0.6244
vn -0.4461 0.6400 0.6256
vn -0.4477 0.6075 0.6561
vn -0.4451 0.5923 0.6716
vn -0.4478 0.5741 0.6855
vn -0.4460 0.5398 0.7139
vn -0.4470 0.6410 0.6240
vn -0.4470 0.6866 0.5735
vn -0.4478 0.5031 0.7392
vn -0.4459 0.5393 0.7144
vn -0.4451 0.4837 0.7536
vn -0.4477 0.4657 0.7634
vn -0.4463 0.4274 0.7862
vn -0.4470 0.5917 0.6709
vn -0.4457 0.4249 0.7879
vn -0.4479 0.3874 0.8058
vn -0.4470 0.5390 0.7139
vn -0.4452 0.3638 0.8182
vn -0.4475 0.3469 0.8242
vn -0.4465 0.3056 0.8410
vn -0.4456 0.3005 0.8433
vn -0.4479 0.2632 0.8544
vn -0.4452 0.2356 0.8639
vn -0.4474 0.2204 0.8668
vn -0.4468 0.1770 0.8770
vn -0.4517 0.8694 0.2001
vn -0.4457 0.8613 0.2440
vn -0.4455 0.1693 0.8792
vn -0.4480 0.1331 0.8841
vn -0.4474 0.8473 0.2863
vn -0.4468 0.8322 0.3282
vn -0.4500 0.8489 0.2771
vn -0.4453 0.1020 0.8896
vn -0.4472 0.0889 0.8900
vn -0.4470 0.0445 0.8934
vn -0.4457 0.8154 0.3695
vn -0.4504 0.8253 0.3407
vn -0.4480 -0.0000 0.8940
vn -0.4454 0.0341 0.8947
vn -0.4478 0.7950 0.4091
vn -0.4465 0.7742 0.4485
vn -0.4498 0.7972 0.4026
vn -0.4454 -0.0341 0.8947
vn -0.4470 -0.0445 0.8934
vn -0.4472 -0.0889 0.8900
vn -0.4458 0.7513 0.4867
vn -0.4505 0.7640 0.4619
vn -0.4480 -0.1331 0.8841
vn -0.4453 -0.1020 0.8896
vn -0.4482 0.7251 0.5228
vn -0.4463 0.6990 0.5588
vn -0.4496 0.7271 0.5189
vn -0.4455 -0.1693 0.8792
vn -0.4468 -0.1770 0.8770
vn -0.4474 -0.2204 0.8668
vn -0.4459 0.6704 0.5931
vn -0.4505 0.6852 0.5723
vn -0.4479 -0.2632 0.8544
vn -0.4452 -0.2356 0.8639
vn -0.4487 0.6391 0.6247
vn -0.4461 0.6081 0.6567
vn -0.4493 0.6402 0.6232
vn -0.4456 -0.3005 0.8433
vn -0.4465 -0.3056 0.8410
vn -0.4475 -0.3469 0.8242
vn -0.4460 0.5746 0.6862
vn -0.4489 0.5389 0.7128
vn -0.4506 0.5905 0.6695
vn -0.4452 -0.3638 0.8182
vn -0.4479 -0.3874 0.8058
vn -0.4459 0.5036 0.7399
vn -0.4491 0.5384 0.7131
vn -0.2983 0.3270 0.8967
vn -0.3139 0.3182 0.8946
vn -0.2612 0.2511 0.9321
vn -0.2797 0.3166 0.9064
vn -0.2826 0.3286 0.9012
vn -0.2809 0.3121 0.9076
vn -0.2807 0.3044 0.9103
vn -0.2638 0.2549 0.9303
vn -0.2780 0.2906 0.9156
vn -0.2537 0.2498 0.9345
vn -0.2503 0.2472 0.9361
vn -0.2600 0.2470 0.9335
vn -0.2582 0.2439 0.9348
vn -0.2280 0.1994 0.9530
vn -0.2154 0.1742 0.9609
vn -0.2184 0.1958 0.9560
vn -0.4218 0.6931 0.5845
vn -0.3376 0.3965 0.8537
vn -0.3168 0.3311 0.8888
vn -0.3925 0.4290 0.8136
vn -0.3277 0.3200 0.8889
vn -0.3458 0.3811 0.8574
vn -0.4185 0.6933 0.5867
vn -0.4034 0.5952 0.6950
vn -0.4170 0.6570 0.6281
vn -0.3898 0.5964 0.7016
vn -0.3400 0.4317 0.8355
vn -0.3393 0.4402 0.8314
vn -0.3332 0.4140 0.8471
vn -0.3987 0.5861 0.7053
vn -0.3917 0.5296 0.7524
vn -0.3836 0.4937 0.7804
vn -0.3733 0.4899 0.7878
vn -0.3399 0.4575 0.8217
vn -0.3602 0.5015 0.7866
vn -0.3268 0.3205 0.8891
vn -0.3138 0.4051 0.8587
vn -0.3090 0.4009 0.8624
vn -0.2578 0.2838 0.9236
vn -0.2604 0.2802 0.9240
vn -0.2738 0.2858 0.9184
vn -0.1881 0.1263 0.9740
vn -0.2174 0.1737 0.9605
vn -0.1902 0.1292 0.9732
vn -0.1826 0.1253 0.9752
vn -0.1828 0.1253 0.9751
vn -0.1669 0.0934 0.9815
vn -0.1413 0.0365 0.9893
vn -0.1425 0.0424 0.9889
vn -0.1406 0.0425 0.9892
vn -0.1396 0.0467 0.9891
vn -0.1342 0.0286 0.9905
vn -0.1258 0.0247 0.9917
vn -0.1248 0.0241 0.9919
vn -0.1262 0.0249 0.9917
vn -0.1160 -0.0003 0.9933
vn -0.4001 0.4342 0.8070
vn -0.4395 0.5053 0.7426
vn -0.4282 0.5157 0.7421
vn -0.4123 0.4820 0.7731
vn -0.4651 0.5913 0.6588
vn -0.4281 0.5091 0.7467
vn -0.3813 0.4380 0.8141
vn -0.4257 0.5114 0.7465
vn -0.4440 0.7948 0.4137
vn -0.4470 0.7838 0.4311
vn -0.4459 0.7947 0.4119
vn -0.4017 0.4375 0.8045
vn -0.3992 0.4350 0.8071
vn -0.4376 0.7571 0.4851
vn -0.4362 0.7771 0.4537
vn -0.4079 0.5172 0.7524
vn -0.4172 0.5084 0.7533
vn -0.3838 0.4563 0.8028
vn -0.4361 0.5887 0.6806
vn -0.3852 0.4959 0.7783
vn -0.4081 0.5174 0.7522
vn -0.3895 0.5068 0.7691
vn -0.3893 0.5121 0.7657
vn -0.3904 0.5268 0.7551
vn -0.3925 0.6173 0.6819
vn -0.3536 0.4923 0.7954
vn -0.3582 0.5204 0.7752
vn -0.3457 0.4946 0.7974
vn -0.3505 0.4886 0.7990
vn -0.2706 0.3034 0.9136
vn -0.2632 0.3013 0.9165
vn -0.2469 0.2630 0.9327
vn -0.2026 0.1407 0.9691
vn -0.2137 0.1895 0.9583
vn -0.1897 0.1718 0.9667
vn -0.1810 0.0971 0.9787
vn -0.1834 0.1075 0.9771
vn -0.1908 0.1451 0.9708
vn -0.1934 0.1704 0.9662
vn -0.1914 0.1347 0.9722
vn -0.1836 0.1460 0.9721
vn -0.1771 0.1210 0.9767
vn -0.1807 0.1179 0.9765
vn -0.1761 0.1308 0.9756
vn -0.1822 0.1183 0.9761
vn -0.1627 0.1063 0.9809
vn -0.1519 0.0698 0.9859
vn -0.1531 0.0712 0.9856
vn -0.1642 0.0939 0.9820
vn -0.1670 0.0799 0.9827
vn -0.1510 0.0691 0.9861
vn -0.1332 0.0485 0.9899
vn -0.1319 0.0551 0.9897
vn -0.1316 0.0363 0.9906
vn -0.1313 0.0362 0.9907
vn -0.1300 0.0438 0.9905
vn -0.1263 0.0320 0.9915
vn -0.1218 0.0308 0.9921
vn -0.1244 0.0313 0.9917
vn -0.1201 0.0108 0.9927
vn -0.1277 0.0168 0.9917
vn -0.1198 0.0105 0.9927
vn -0.1130 0.0244 0.9933
vn -0.1157 0.0183 0.9931
vn -0.1212 0.0107 0.9926
vn -0.1193 0.0040 0.9928
vn -0.4932 0.5937 0.6358
vn -0.4461 0.5096 0.7357
vn -0.4500 0.5496 0.7039
vn -0.4482 0.5142 0.7313
vn -0.4426 0.8410 0.3111
vn -0.4505 0.8307 0.3272
vn -0.4481 0.8404 0.3050
vn -0.4161 0.6874 0.5953
vn -0.3386 0.4840 0.8069
vn -0.3359 0.4865 0.8065
vn -0.2844 0.2461 0.9266
vn -0.3127 0.4215 0.8512
vn -0.3074 0.4188 0.8545
vn -0.3024 0.4145 0.8583
vn -0.3093 0.3827 0.8706
vn -0.2957 0.3920 0.8711
vn -0.2945 0.4058 0.8652
vn -0.2970 0.3980 0.8680
vn -0.2782 0.2439 0.9290
vn -0.2498 0.2271 0.9413
vn -0.2472 0.1923 0.9497
vn -0.2460 0.1930 0.9499
vn -0.1773 0.1377 0.9745
vn -0.1686 0.0950 0.9811
vn -0.1673 0.1060 0.9802
vn -0.1642 0.0937 0.9820
vn -0.1571 0.0860 0.9838
vn -0.1493 0.0961 0.9841
vn -0.1558 0.0924 0.9835
vn -0.1494 0.0900 0.9847
vn -0.1466 0.0818 0.9858
vn -0.1518 0.0800 0.9852
vn -0.1523 0.0697 0.9859
vn -0.1525 0.0689 0.9859
vn -0.1455 0.0542 0.9879
vn -0.1516 0.0633 0.9864
vn -0.1472 0.0692 0.9867
vn -0.1432 0.0617 0.9878
vn -0.1419 0.0584 0.9882
vn -0.1378 0.0709 0.9879
vn -0.1392 0.0612 0.9884
vn -0.1396 0.0611 0.9883
vn -0.1408 0.0803 0.9868
vn -0.1266 0.0246 0.9916
vn -0.1222 0.0168 0.9924
vn -0.1268 0.0241 0.9916
vn -0.1285 0.0224 0.9915
vn -0.1161 0.0199 0.9930
vn -0.1265 0.0248 0.9917
vn -0.1150 0.0168 0.9932
vn -0.1210 0.0139 0.9926
vn -0.1115 0.0105 0.9937
vn -0.1085 0.0165 0.9940
vn -0.1084 0.0160 0.9940
vn -0.1098 0.0135 0.9939
vn -0.1115 0.0135 0.9937
vn -0.1147 0.0105 0.9934
vn -0.1202 0.0080 0.9927
vn -0.1147 0.0105 0.9933
vn -0.1114 0.0049 0.9938
vn -0.1017 0.0035 0.9948
vn -0.1027 0.0049 0.9947
vn -0.1020 0.0045 0.9948
vn -0.1054 0.0106 0.9944
vn -0.1070 0.0078 0.9942
vn -0.1095 0.0079 0.9940
vn -0.1025 -0.0000 0.9947
vn -0.1050 0.0049 0.9945
vn -0.1169 0.0021 0.9931
vn -0.1013 0.0015 0.9949
vn -0.4477 0.8234 0.3487
vn -0.3406 0.3463 0.8741
vn -0.3338 0.3255 0.8847
vn -0.3331 0.3264 0.8846
vn -0.3786 0.5787 0.7224
vn -0.3750 0.5996 0.7070
vn -0.3806 0.6197 0.6864
vn -0.3654 0.5804 0.7277
vn -0.3701 0.5432 0.7536
vn -0.3583 0.5397 0.7618
vn -0.2767 0.3645 0.8892
vn -0.2777 0.3638 0.8891
vn -0.2372 0.2800 0.9302
vn -0.2367 0.2803 0.9303
vn -0.2241 0.2604 0.9391
vn -0.2446 0.2411 0.9392
vn -0.2386 0.2421 0.9405
vn -0.1718 0.0836 0.9816
vn -0.1333 0.0235 0.9908
vn -0.1511 0.0500 0.9873
vn -0.1167 0.0341 0.9926
vn -0.1165 0.0338 0.9926
vn -0.1241 0.0375 0.9916
vn -0.4284 0.4805 0.7652
vn -0.3631 0.5749 0.7332
vn -0.3519 0.5303 0.7713
vn -0.3302 0.5073 0.7960
vn -0.3209 0.4852 0.8134
vn -0.3251 0.4667 0.8225
vn -0.2859 0.3880 0.8762
vn -0.2165 0.1460 0.9653
vn -0.2036 0.2024 0.9579
vn -0.1905 0.1062 0.9759
vn -0.1772 0.1125 0.9777
vn -0.2013 0.1310 0.9707
vn -0.1694 0.1447 0.9749
vn -0.1522 0.1048 0.9828
vn -0.4475 0.8383 0.3114
vn -0.4427 0.8316 0.3353
vn -0.4235 0.7261 0.5416
vn -0.4261 0.7763 0.4645
vn -0.4252 0.7669 0.4808
vn -0.4130 0.7090 0.5716
vn -0.4022 0.6972 0.5934
vn -0.4063 0.7056 0.5806
vn -0.3984 0.6516 0.6456
vn -0.3851 0.6381 0.6667
vn -0.4018 0.6987 0.5919
vn -0.3608 0.5841 0.7270
vn -0.3742 0.6060 0.7020
vn -0.2843 0.2472 0.9263
vn -0.2922 0.2854 0.9128
vn -0.2830 0.3962 0.8735
vn -0.2964 0.4108 0.8622
vn -0.2824 0.2469 0.9270
vn -0.2758 0.2368 0.9316
vn -0.2801 0.2454 0.9281
vn -0.2544 0.3215 0.9121
vn -0.2387 0.3004 0.9235
vn -0.2254 0.2639 0.9378
vn -0.4351 0.8029 0.4074
vn -0.4253 0.7670 0.4805
vn -0.4284 0.7714 0.4705
vn -0.4370 0.7795 0.4489
vn -0.4345 0.8044 0.4052
vn -0.4252 0.7669 0.4807
vn -0.3861 0.4209 0.8208
vn -0.4042 0.4371 0.8035
vn -0.3951 0.4232 0.8154
vn -0.3669 0.3770 0.8505
vn -0.3769 0.3937 0.8384
vn -0.3629 0.3735 0.8537
vn -0.3605 0.3680 0.8571
vn -0.3672 0.3782 0.8498
vn -0.3794 0.6245 0.6827
vn -0.3721 0.6153 0.6949
vn -0.3468 0.5516 0.7586
vn -0.3663 0.6020 0.7096
vn -0.3501 0.5532 0.7559
vn -0.3547 0.5704 0.7408
vn -0.3208 0.4848 0.8137
vn -0.3443 0.5461 0.7637
vn -0.3204 0.4862 0.8130
vn -0.2961 0.4266 0.8546
vn -0.2128 0.2402 0.9471
vn -0.1982 0.2035 0.9588
vn -0.1953 0.2021 0.9597
vn -0.1516 0.0498 0.9872
vn -0.1526 0.0514 0.9869
vn -0.1641 0.0683 0.9841
vn -0.1576 0.0607 0.9856
vn -0.1455 0.0541 0.9879
vn -0.1421 0.0884 0.9859
vn -0.1289 0.0575 0.9900
vn -0.1289 0.0576 0.9900
vn -0.1324 0.0566 0.9896
vn -0.4460 0.5097 0.7357
vn -0.4400 0.5059 0.7420
vn -0.4330 0.4861 0.7591
vn -0.4629 0.5374 0.7049
vn -0.4122 0.4550 0.7893
vn -0.4532 0.5195 0.7244
vn -0.4269 0.4755 0.7692
vn -0.4437 0.8444 0.3003
vn -0.4443 0.8445 0.2989
vn -0.4149 0.7367 0.5340
vn -0.4144 0.7342 0.5378
vn -0.4102 0.7236 0.5551
vn -0.3967 0.6834 0.6128
vn -0.3969 0.6825 0.6137
vn -0.3750 0.6250 0.6846
vn -0.3745 0.6237 0.6861
vn -0.2955 0.4275 0.8543
vn -0.3076 0.4570 0.8346
vn -0.3271 0.5034 0.7998
vn -0.2963 0.4272 0.8542
vn -0.2512 0.1976 0.9475
vn -0.2324 0.1700 0.9576
vn -0.2147 0.1470 0.9656
vn -0.2169 0.1459 0.9652
vn -0.1394 0.0315 0.9897
vn -0.2266 0.1601 0.9607
vn -0.2027 0.1267 0.9710
vn -0.2108 0.1370 0.9679
vn -0.2190 0.1491 0.9643
vn -0.2033 0.1256 0.9710
vn -0.1941 0.1787 0.9646
vn -0.1778 0.1662 0.9699
vn -0.1910 0.1920 0.9626
vn -0.1947 0.2012 0.9600
vn -0.2000 0.1235 0.9720
vn -0.1939 0.1120 0.9746
vn -0.1932 0.1110 0.9749
vn -0.1830 0.1156 0.9763
vn -0.2056 0.1293 0.9701
vn -0.2032 0.1257 0.9710
vn -0.1956 0.1146 0.9740
vn -0.1789 0.1664 0.9697
vn -0.1819 0.1503 0.9718
vn -0.1801 0.1696 0.9689
vn -0.1678 0.1442 0.9752
vn -0.1858 0.1816 0.9657
vn -0.1638 0.1334 0.9774
vn -0.1486 0.1025 0.9836
vn -0.1603 0.1272 0.9788
vn -0.1735 0.1264 0.9767
vn -0.1652 0.1373 0.9767
vn -0.1603 0.1198 0.9798
vn -0.1704 0.1487 0.9741
vn -0.1504 0.1060 0.9829
vn -0.4335 0.8024 0.4103
vn -0.4399 0.8067 0.3947
vn -0.4427 0.8384 0.3181
vn -0.4474 0.8622 0.2377
vn -0.4406 0.8276 0.3477
vn -0.4320 0.7924 0.4306
vn -0.4364 0.8125 0.3865
vn -0.4285 0.7824 0.4520
vn -0.4400 0.8217 0.3623
vn -0.4319 0.7930 0.4297
vn -0.3740 0.6245 0.6856
vn -0.3767 0.6263 0.6826
vn -0.3802 0.6377 0.6700
vn -0.3999 0.6931 0.5997
vn -0.3890 0.6630 0.6397
vn -0.3028 0.2884 0.9084
vn -0.3179 0.3005 0.8992
vn -0.3640 0.3731 0.8534
vn -0.4806 0.5738 0.6631
vn -0.3367 0.3293 0.8822
vn -0.3297 0.3200 0.8882
vn -0.3516 0.3530 0.8670
vn -0.3352 0.3250 0.8843
vn -0.1886 0.1018 0.9768
vn -0.2855 0.2511 0.9249
vn -0.2856 0.2499 0.9252
vn -0.3049 0.2789 0.9106
vn -0.3443 0.3443 0.8734
vn -0.2942 0.2631 0.9188
vn -0.2870 0.2523 0.9241
vn -0.2747 0.2332 0.9328
vn -0.2847 0.2492 0.9257
vn -0.2438 0.1815 0.9527
vn -0.2910 0.4185 0.8603
vn -0.2812 0.3837 0.8796
vn -0.2780 0.3871 0.8791
vn -0.3192 0.4869 0.8131
vn -0.2776 0.3853 0.8801
vn -0.2828 0.3990 0.8723
vn -0.4471 0.8784 0.1689
vn -0.2849 0.4035 0.8695
vn -0.4083 0.7163 0.5658
vn -0.3594 0.5833 0.7284
vn -0.2618 0.3484 0.9000
vn -0.2710 0.3738 0.8870
vn -0.2629 0.3533 0.8978
vn -0.2375 0.2978 0.9246
vn -0.2433 0.3020 0.9217
vn -0.2465 0.3157 0.9163
vn -0.2418 0.3035 0.9217
vn -0.2539 0.3323 0.9084
vn -0.2185 0.2520 0.9428
vn -0.2243 0.2656 0.9376
vn -0.2244 0.2657 0.9376
vn -0.2269 0.2721 0.9351
vn -0.2275 0.2669 0.9365
vn -0.1992 0.2112 0.9569
vn -0.1206 0.0426 0.9918
vn -0.1060 0.0133 0.9943
vn -0.1174 0.0370 0.9924
vn -0.1216 0.0457 0.9915
vn -0.1849 0.1801 0.9661
vn -0.4457 0.8833 0.1455
vn -0.1260 0.0529 0.9906
vn -0.1246 0.0522 0.9908
vn -0.1277 0.0419 0.9909
vn -0.2688 -0.3285 0.9054
vn -0.2683 -0.3308 0.9048
vn -0.2688 -0.3284 0.9055
vn -0.2678 -0.3279 0.9060
vn -0.2847 -0.3438 0.8949
vn -0.2684 -0.3158 0.9101
vn -0.2299 -0.2575 0.9385
vn -0.2416 -0.2637 0.9339
vn -0.2598 -0.2767 0.9252
vn -0.2432 -0.2678 0.9323
vn -0.3024 -0.3336 0.8929
vn -0.2544 -0.2679 0.9293
vn -0.2654 -0.2634 0.9274
vn -0.2622 -0.2597 0.9294
vn -0.2740 -0.2672 0.9239
vn -0.2523 -0.2589 0.9324
vn -0.2497 -0.2547 0.9342
vn -0.1845 -0.1411 0.9727
vn -0.1844 -0.1475 0.9717
vn -0.4149 -0.6387 0.6480
vn -0.4019 -0.6491 0.6459
vn -0.3941 -0.5695 0.7214
vn -0.4046 -0.6212 0.6712
vn -0.3568 -0.5468 0.7575
vn -0.3921 -0.5776 0.7160
vn -0.3645 -0.5365 0.7612
vn -0.3270 -0.4351 0.8389
vn -0.3252 -0.4421 0.8360
vn -0.3161 -0.3622 0.8769
vn -0.3299 -0.4428 0.8337
vn -0.3916 -0.4488 0.8033
vn -0.3862 -0.4413 0.8100
vn -0.3218 -0.3328 0.8864
vn -0.3185 -0.3669 0.8740
vn -0.3514 -0.4006 0.8462
vn -0.3771 -0.4365 0.8169
vn -0.3203 -0.3336 0.8866
vn -0.2767 -0.2905 0.9160
vn -0.3092 -0.3255 0.8935
vn -0.2773 -0.2765 0.9201
vn -0.2756 -0.2690 0.9229
vn -0.2136 -0.2103 0.9540
vn -0.2114 -0.1907 0.9586
vn -0.2133 -0.1799 0.9603
vn -0.2102 -0.1789 0.9612
vn -0.1693 -0.1216 0.9780
vn -0.1754 -0.1214 0.9770
vn -0.1559 -0.1012 0.9826
vn -0.1570 -0.1001 0.9825
vn -0.1461 -0.0927 0.9849
vn -0.1454 -0.0898 0.9853
vn -0.1212 -0.0420 0.9917
vn -0.1197 -0.0417 0.9919
vn -0.1049 -0.0105 0.9944
vn -0.1055 -0.0105 0.9944
vn -0.4274 -0.7142 0.5544
vn -0.4144 -0.7142 0.5641
vn -0.4432 -0.7770 0.4471
vn -0.3877 -0.5193 0.7616
vn -0.3623 -0.5165 0.7759
vn -0.3716 -0.5077 0.7773
vn -0.3614 -0.4548 0.8140
vn -0.3594 -0.4514 0.8168
vn -0.4523 -0.6053 0.6550
vn -0.4412 -0.5830 0.6822
vn -0.3891 -0.5217 0.7593
vn -0.4035 -0.5077 0.7612
vn -0.4257 -0.5110 0.7468
vn -0.3733 -0.4517 0.8103
vn -0.4118 -0.5056 0.7581
vn -0.4351 -0.5278 0.7294
vn -0.4103 -0.4812 0.7746
vn -0.3963 -0.4451 0.8030
vn -0.3823 -0.4357 0.8149
vn -0.2380 -0.2158 0.9470
vn -0.2377 -0.2180 0.9466
vn -0.1924 -0.1616 0.9679
vn -0.2363 -0.2058 0.9496
vn -0.1689 -0.1265 0.9775
vn -0.2054 -0.1601 0.9655
vn -0.1795 -0.1266 0.9756
vn -0.1818 -0.1266 0.9752
vn -0.1888 -0.1216 0.9745
vn -0.1748 -0.1201 0.9772
vn -0.1782 -0.1076 0.9781
vn -0.1652 -0.1062 0.9805
vn -0.1777 -0.1005 0.9789
vn -0.1439 -0.0817 0.9862
vn -0.1442 -0.0815 0.9862
vn -0.1593 -0.0927 0.9829
vn -0.1607 -0.0945 0.9825
vn -0.1489 -0.0769 0.9859
vn -0.1648 -0.0898 0.9822
vn -0.1446 -0.0788 0.9863
vn -0.1499 -0.0763 0.9857
vn -0.1655 -0.0885 0.9822
vn -0.1459 -0.0766 0.9863
vn -0.1470 -0.0750 0.9863
vn -0.1487 -0.0743 0.9861
vn -0.1341 -0.0599 0.9891
vn -0.1266 -0.0530 0.9905
vn -0.1298 -0.0441 0.9906
vn -0.1286 -0.0501 0.9904
vn -0.1331 -0.0554 0.9896
vn -0.1322 -0.0543 0.9897
vn -0.1336 -0.0426 0.9901
vn -0.1376 -0.0540 0.9890
vn -0.1258 -0.0426 0.9911
vn -0.1259 -0.0331 0.9915
vn -0.1256 -0.0327 0.9915
vn -0.1388 -0.0424 0.9894
vn -0.1302 -0.0325 0.9910
vn -0.1290 -0.0292 0.9912
vn -0.1222 -0.0316 0.9920
vn -0.1201 -0.0292 0.9923
vn -0.1089 -0.0107 0.9940
vn -0.1186 -0.0275 0.9926
vn -0.1083 -0.0168 0.9940
vn -0.1141 -0.0168 0.9933
vn -0.1100 -0.0168 0.9938
vn -0.1215 -0.0240 0.9923
vn -0.1136 -0.0105 0.9935
vn -0.1205 -0.0168 0.9926
vn -0.1246 -0.0168 0.9921
vn -0.1320 -0.0244 0.9909
vn -0.1207 -0.0170 0.9925
vn -0.1102 -0.0135 0.9938
vn -0.1019 -0.0043 0.9948
vn -0.1096 -0.0128 0.9939
vn -0.1076 -0.0105 0.9941
vn -0.1175 -0.0105 0.9930
vn -0.1076 -0.0049 0.9942
vn -0.1204 -0.0049 0.9927
vn -0.1168 -0.0049 0.9931
vn -0.4371 -0.8070 0.3972
vn -0.3397 -0.5284 0.7781
vn -0.4907 -0.5965 0.6352
vn -0.4587 -0.5604 0.6896
vn -0.2403 -0.2981 0.9238
vn -0.4296 -0.5010 0.7513
vn -0.4310 -0.4975 0.7528
vn -0.2341 -0.2549 0.9382
vn -0.3237 -0.3420 0.8822
vn -0.3279 -0.3414 0.8809
vn -0.3408 -0.3542 0.8708
vn -0.2961 -0.2904 0.9099
vn -0.2189 -0.1548 0.9634
vn -0.2016 -0.1468 0.9684
vn -0.1881 -0.1183 0.9750
vn -0.1835 -0.1175 0.9760
vn -0.1682 -0.0806 0.9824
vn -0.1567 -0.0804 0.9844
vn -0.1499 -0.0690 0.9863
vn -0.1620 -0.0801 0.9835
vn -0.1490 -0.0692 0.9864
vn -0.1457 -0.0544 0.9878
vn -0.1640 -0.0721 0.9838
vn -0.1217 -0.0326 0.9920
vn -0.1170 -0.0267 0.9928
vn -0.1234 -0.0310 0.9919
vn -0.1261 -0.0278 0.9916
vn -0.1160 -0.0274 0.9929
vn -0.1165 -0.0268 0.9928
vn -0.1168 -0.0263 0.9928
vn -0.1177 -0.0240 0.9928
vn -0.1170 -0.0268 0.9928
vn -0.1263 -0.0151 0.9919
vn -0.1213 -0.0133 0.9925
vn -0.1231 -0.0112 0.9923
vn -0.1279 -0.0168 0.9916
vn -0.1192 -0.0038 0.9929
vn -0.1052 -0.0000 0.9944
vn -0.1021 -0.0016 0.9948
vn -0.1139 -0.0015 0.9935
vn -0.1079 -0.0049 0.9941
vn -0.4332 -0.8040 0.4073
vn -0.4419 -0.8320 0.3355
vn -0.4113 -0.7276 0.5490
vn -0.3398 -0.5285 0.7779
vn -0.3346 -0.4891 0.8055
vn -0.2969 -0.4277 0.8538
vn -0.4026 -0.4516 0.7962
vn -0.4023 -0.4517 0.7963
vn -0.3701 -0.4056 0.8357
vn -0.2593 -0.2423 0.9349
vn -0.2586 -0.2216 0.9402
vn -0.2323 -0.1775 0.9563
vn -0.2492 -0.1989 0.9478
vn -0.2248 -0.1936 0.9550
vn -0.1329 -0.0662 0.9889
vn -0.1336 -0.0696 0.9886
vn -0.1351 -0.0736 0.9881
vn -0.1328 -0.0640 0.9891
vn -0.1338 -0.0575 0.9893
vn -0.1354 -0.0339 0.9902
vn -0.1386 -0.0329 0.9898
vn -0.1379 -0.0312 0.9900
vn -0.1222 -0.0077 0.9925
vn -0.4075 -0.7114 0.5726
vn -0.4067 -0.6866 0.6027
vn -0.2960 -0.4279 0.8540
vn -0.2953 -0.4279 0.8542
vn -0.4488 -0.5225 0.7250
vn -0.4487 -0.5225 0.7250
vn -0.3637 -0.3779 0.8514
vn -0.3195 -0.3089 0.8959
vn -0.3195 -0.3083 0.8960
vn -0.1863 -0.1824 0.9654
vn -0.1878 -0.1825 0.9651
vn -0.1808 -0.1561 0.9711
vn -0.1630 -0.1316 0.9778
vn -0.1683 -0.1317 0.9769
vn -0.1655 -0.1384 0.9765
vn -0.1488 -0.1010 0.9837
vn -0.1683 -0.1119 0.9794
vn -0.1511 -0.1035 0.9831
vn -0.1659 -0.1113 0.9798
vn -0.2019 -0.1262 0.9712
vn -0.1776 -0.0917 0.9798
vn -0.4401 -0.8201 0.3657
vn -0.4262 -0.7733 0.4695
vn -0.4357 -0.8074 0.3979
vn -0.4398 -0.7998 0.4086
vn -0.3817 -0.6408 0.6661
vn -0.3809 -0.6410 0.6664
vn -0.2678 -0.3643 0.8919
vn -0.2811 -0.3715 0.8848
vn -0.2922 -0.4205 0.8589
vn -0.2954 -0.4292 0.8535
vn -0.2935 -0.4243 0.8567
vn -0.2724 -0.3547 0.8944
vn -0.2477 -0.3034 0.9201
vn -0.2385 -0.2981 0.9243
vn -0.2469 -0.3169 0.9158
vn -0.4253 -0.4765 0.7695
vn -0.3949 -0.4267 0.8136
vn -0.3949 -0.4272 0.8133
vn -0.2848 -0.2507 0.9252
vn -0.2553 -0.2069 0.9445
vn -0.2563 -0.2076 0.9440
vn -0.1268 -0.0439 0.9910
vn -0.1236 -0.0436 0.9914
vn -0.1164 -0.0341 0.9926
vn -0.1047 -0.0107 0.9944
vn -0.1217 -0.0441 0.9916
vn -0.1213 -0.0446 0.9916
vn -0.1226 -0.0438 0.9915
vn -0.4448 -0.8482 0.2875
vn -0.4353 -0.8074 0.3984
vn -0.4237 -0.7924 0.4389
vn -0.3711 -0.5983 0.7102
vn -0.3809 -0.6419 0.6655
vn -0.3638 -0.5960 0.7158
vn -0.3790 -0.6364 0.6719
vn -0.3645 -0.5806 0.7280
vn -0.3424 -0.5421 0.7674
vn -0.3423 -0.5402 0.7688
vn -0.3487 -0.4971 0.7945
vn -0.3369 -0.5305 0.7779
vn -0.4611 -0.5365 0.7068
vn -0.2310 -0.2813 0.9314
vn -0.2185 -0.2534 0.9424
vn -0.2281 -0.2690 0.9357
vn -0.2338 -0.2622 0.9363
vn -0.3869 -0.4104 0.8258
vn -0.3673 -0.3793 0.8493
vn -0.3645 -0.3793 0.8505
vn -0.3410 -0.3385 0.8770
vn -0.3638 -0.3730 0.8536
vn -0.3428 -0.3400 0.8758
vn -0.1740 -0.1566 0.9722
vn -0.1776 -0.1645 0.9702
vn -0.1772 -0.1627 0.9706
vn -0.1746 -0.1567 0.9721
vn -0.1577 -0.1214 0.9800
vn -0.1664 -0.1192 0.9788
vn -0.1600 -0.1267 0.9790
vn -0.1629 -0.1331 0.9776
vn -0.1596 -0.1258 0.9791
vn -0.1464 -0.0523 0.9878
vn -0.1399 -0.0330 0.9896
vn -0.1465 -0.0430 0.9883
vn -0.1539 -0.0540 0.9866
vn -0.1709 -0.0784 0.9822
vn -0.1513 -0.0520 0.9871
vn -0.4244 -0.7684 0.4789
vn -0.4105 -0.7256 0.5522
vn -0.4207 -0.7369 0.5291
vn -0.4259 -0.7735 0.4693
vn -0.4165 -0.7431 0.5238
vn -0.4111 -0.7260 0.5513
vn -0.4123 -0.7263 0.5500
vn -0.4086 -0.7181 0.5634
vn -0.4085 -0.7191 0.5622
vn -0.3296 -0.5025 0.7993
vn -0.3143 -0.4735 0.8228
vn -0.3277 -0.5059 0.7979
vn -0.3016 -0.4373 0.8472
vn -0.3142 -0.4731 0.8231
vn -0.2937 -0.4260 0.8557
vn -0.3146 -0.4750 0.8218
vn -0.2675 -0.3645 0.8920
vn -0.2656 -0.3606 0.8941
vn -0.2678 -0.3641 0.8920
vn -0.2642 -0.3565 0.8961
vn -0.2302 -0.2803 0.9319
vn -0.2384 -0.2977 0.9244
vn -0.2380 -0.2996 0.9239
vn -0.2432 -0.2840 0.9275
vn -0.2430 -0.3090 0.9195
vn -0.2364 -0.2929 0.9265
vn -0.4271 -0.4773 0.7680
vn -0.4520 -0.5189 0.7256
vn -0.4432 -0.5041 0.7413
vn -0.4227 -0.4775 0.7703
vn -0.4039 -0.4380 0.8032
vn -0.4098 -0.4489 0.7941
vn -0.4310 -0.4830 0.7622
vn -0.4231 -0.4698 0.7748
vn -0.4112 -0.4501 0.7927
vn -0.2186 -0.2539 0.9422
vn -0.2236 -0.2570 0.9402
vn -0.2241 -0.2643 0.9381
vn -0.2165 -0.2488 0.9440
vn -0.2218 -0.2621 0.9392
vn -0.2453 -0.1888 0.9509
vn -0.2193 -0.1552 0.9632
vn -0.2246 -0.1593 0.9613
vn -0.1379 -0.0302 0.9900
vn -0.2137 -0.1413 0.9666
vn -0.2018 -0.1264 0.9712
vn -0.2034 -0.1264 0.9709
vn -0.2194 -0.1500 0.9640
vn -0.2026 -0.1249 0.9713
vn -0.1783 -0.0891 0.9799
vn -0.1887 -0.1065 0.9762
vn -0.1858 -0.1070 0.9767
vn -0.1970 -0.1169 0.9734
vn -0.1813 -0.0936 0.9790
vn -0.1917 -0.1086 0.9754
vn -0.4413 -0.8327 0.3345
vn -0.4435 -0.8627 0.2430
vn -0.4412 -0.8314 0.3379
vn -0.4408 -0.8296 0.3426
vn -0.4451 -0.8483 0.2868
vn -0.4362 -0.8141 0.3834
vn -0.4302 -0.7892 0.4384
vn -0.4359 -0.8092 0.3940
vn -0.4359 -0.8084 0.3955
vn -0.4095 -0.7099 0.5730
vn -0.4110 -0.7291 0.5472
vn -0.4225 -0.7533 0.5040
vn -0.4046 -0.7083 0.5785
vn -0.4015 -0.6976 0.5935
vn -0.3924 -0.6728 0.6272
vn -0.4036 -0.7043 0.5840
vn -0.3930 -0.6737 0.6258
vn -0.3749 -0.6264 0.6834
vn -0.3809 -0.6416 0.6658
vn -0.3848 -0.6478 0.6575
vn -0.3798 -0.6394 0.6685
vn -0.3920 -0.6724 0.6279
vn -0.3926 -0.6751 0.6246
vn -0.4009 -0.6835 0.6099
vn -0.3655 -0.5986 0.7128
vn -0.3636 -0.5956 0.7163
vn -0.4447 -0.8832 0.1493
vn -0.3634 -0.5971 0.7152
vn -0.3963 -0.6868 0.6093
vn -0.3565 -0.5781 0.7340
vn -0.3589 -0.5855 0.7269
vn -0.4134 -0.7029 0.5788
vn -0.3347 -0.5230 0.7839
vn -0.3323 -0.5165 0.7892
vn -0.3378 -0.5310 0.7771
vn -0.3323 -0.5167 0.7890
vn -0.3271 -0.5039 0.7995
vn -0.2741 -0.3797 0.8836
vn -0.3441 -0.5473 0.7629
vn -0.2933 -0.4247 0.8565
vn -0.2984 -0.4339 0.8501
vn -0.3052 -0.4508 0.8389
vn -0.3032 -0.4468 0.8417
vn -0.2961 -0.4303 0.8527
vn -0.4626 -0.5369 0.7055
vn -0.4624 -0.5369 0.7056
vn -0.4625 -0.5359 0.7063
vn -0.2103 -0.2357 0.9488
vn -0.2217 -0.2643 0.9386
vn -0.2333 -0.2903 0.9280
vn -0.2006 -0.2141 0.9560
vn -0.1959 -0.2064 0.9586
vn -0.2043 -0.2214 0.9535
vn -0.2262 -0.2228 0.9483
vn -0.1879 -0.1869 0.9642
vn -0.3063 -0.2809 0.9095
vn -0.3100 -0.2889 0.9058
vn -0.5022 -0.6078 0.6152
vn -0.4281 -0.4780 0.7670
vn -0.1852 -0.0989 0.9777
vn -0.3513 -0.3525 0.8674
vn -0.3331 -0.3237 0.8856
vn -0.3308 -0.3203 0.8877
vn -0.3047 -0.2840 0.9091
vn -0.2973 -0.2671 0.9167
vn -0.2860 -0.2507 0.9249
vn -0.3083 -0.2851 0.9075
vn -0.2695 -0.2518 0.9295
vn -0.2686 -0.2274 0.9360
vn -0.2614 -0.2133 0.9414
vn -0.2718 -0.2285 0.9348
vn -0.2550 -0.2034 0.9453
vn -0.2783 -0.2390 0.9303
vn -0.2697 -0.2273 0.9357
vn -0.2856 -0.2499 0.9252
vn -0.2519 -0.3197 0.9134
vn -0.1330 -0.0675 0.9888
vn -0.1190 -0.0406 0.9921
vn -0.1272 -0.0566 0.9903
vn -0.4371 -0.8713 0.2230
vn -0.1222 -0.0470 0.9914
vn -0.1474 -0.1008 0.9839
vn -0.1271 -0.0574 0.9902
vn -0.1983 -0.2060 0.9583
vn -0.1356 -0.0749 0.9879
vn -0.1531 -0.1120 0.9818
vn -0.1223 -0.0441 0.9915
vn -0.1492 -0.1048 0.9832
vn -0.1301 -0.0569 0.9899
vn -0.4470 0.0340 -0.8939
vn -0.4470 0.2354 -0.8630
vn -0.4457 0.4249 -0.7879
vn -0.4463 0.4274 -0.7862
vn -0.4477 0.4657 -0.7634
vn -0.4470 -0.4832 -0.7528
vn -0.4462 -0.4661 -0.7640
vn -0.4484 -0.4269 -0.7853
vn -0.4470 -0.4246 -0.7874
vn -0.4506 -0.4822 -0.7513
vn -0.4470 -0.3003 -0.8426
vn -0.4470 -0.2354 -0.8630
vn -0.4470 -0.1019 -0.8887
vn -0.4470 0.1019 -0.8887
vn -0.4470 0.3003 -0.8426
vn -0.4451 0.4837 -0.7536
vn -0.4478 0.5031 -0.7392
vn -0.4458 -0.3879 -0.8067
vn -0.4494 -0.4240 -0.7863
vn -0.4470 -0.1691 -0.8784
vn -0.4470 -0.0340 -0.8939
vn -0.4470 0.1691 -0.8784
vn -0.4470 0.3635 -0.8174
vn -0.4470 0.4246 -0.7874
vn -0.4459 0.5393 -0.7144
vn -0.4460 0.5398 -0.7139
vn -0.4478 0.5741 -0.6855
vn -0.4470 -0.3635 -0.8174
vn -0.4505 -0.3628 -0.8157
vn -0.4464 -0.3471 -0.8248
vn -0.4480 -0.3054 -0.8403
vn -0.4461 0.6400 -0.6256
vn -0.4451 0.5923 -0.6716
vn -0.4477 0.6075 -0.6561
vn -0.4457 -0.2635 -0.8555
vn -0.4497 -0.2999 -0.8413
vn -0.4470 0.4832 -0.7528
vn -0.4479 0.6697 -0.5924
vn -0.4458 0.6414 -0.6244
vn -0.4467 -0.2205 -0.8671
vn -0.4476 -0.1769 -0.8765
vn -0.4504 -0.2349 -0.8613
vn -0.4470 0.5390 -0.7139
vn -0.4476 0.6985 -0.5584
vn -0.4464 0.7259 -0.5233
vn -0.4452 0.6873 -0.5740
vn -0.4457 -0.1332 -0.8852
vn -0.4499 -0.1688 -0.8770
vn -0.4470 0.5917 -0.6709
vn -0.4479 0.7504 -0.4861
vn -0.4456 0.7287 -0.5200
vn -0.4469 -0.0889 -0.8901
vn -0.4473 -0.0445 -0.8933
vn -0.4503 -0.1017 -0.8871
vn -0.4470 0.6410 -0.6240
vn -0.4475 0.7738 -0.4483
vn -0.4467 0.7956 -0.4094
vn -0.4452 0.7663 -0.4632
vn -0.4457 -0.0000 -0.8952
vn -0.4501 -0.0340 -0.8923
vn -0.4470 0.6866 -0.5735
vn -0.4480 0.8144 -0.3690
vn -0.4455 0.7992 -0.4036
vn -0.4501 0.0340 -0.8923
vn -0.4473 0.0445 -0.8933
vn -0.4469 0.0889 -0.8901
vn -0.4470 0.7282 -0.5196
vn -0.4473 0.8320 -0.3281
vn -0.4469 0.8475 -0.2864
vn -0.4452 0.8276 -0.3417
vn -0.4457 0.1332 -0.8852
vn -0.4503 0.1017 -0.8871
vn -0.4470 0.7656 -0.4628
vn -0.4480 0.8602 -0.2437
vn -0.4442 0.8731 -0.2010
vn -0.4454 0.8511 -0.2778
vn -0.4476 0.1769 -0.8765
vn -0.4467 0.2205 -0.8671
vn -0.4499 0.1688 -0.8770
vn -0.4470 0.7985 -0.4032
vn -0.4457 0.2635 -0.8555
vn -0.4504 0.2349 -0.8613
vn -0.4470 0.8504 -0.2776
vn -0.4470 0.8269 -0.3414
vn -0.4497 0.2999 -0.8413
vn -0.4480 0.3054 -0.8403
vn -0.4464 0.3471 -0.8248
vn -0.4470 0.8690 -0.2121
vn -0.4505 0.3628 -0.8157
vn -0.4458 0.3879 -0.8067
vn -0.4494 0.4240 -0.7863
vn -0.4484 0.4269 -0.7853
vn -0.4462 0.4661 -0.7640
vn -0.4459 0.5036 -0.7400
vn -0.4506 0.4822 -0.7513
vn -0.4491 0.5384 -0.7131
vn -0.4489 0.5389 -0.7128
vn -0.4460 0.5746 -0.6862
vn -0.4506 0.5905 -0.6695
vn -0.4461 0.6081 -0.6567
vn -0.4487 0.6391 -0.6247
vn -0.4459 0.6704 -0.5931
vn -0.4493 0.6402 -0.6232
vn -0.4505 0.6852 -0.5723
vn -0.4463 0.6990 -0.5588
vn -0.4482 0.7251 -0.5228
vn -0.4458 0.7513 -0.4867
vn -0.4496 0.7271 -0.5189
vn -0.4505 0.7640 -0.4619
vn -0.4465 0.7742 -0.4485
vn -0.4478 0.7950 -0.4091
vn -0.4498 0.7972 -0.4026
vn -0.4457 0.8154 -0.3695
vn -0.4504 0.8253 -0.3407
vn -0.4468 0.8322 -0.3282
vn -0.4474 0.8473 -0.2863
vn -0.4500 0.8489 -0.2771
vn -0.4457 0.8613 -0.2440
vn -0.4517 0.8694 -0.2001
vn -0.4442 -0.8731 -0.2010
vn -0.4480 -0.8602 -0.2437
vn -0.4454 -0.8511 -0.2778
vn -0.4469 -0.8475 -0.2864
vn -0.4473 -0.8320 -0.3281
vn -0.4452 -0.8276 -0.3417
vn -0.4480 -0.8144 -0.3690
vn -0.4470 -0.8690 -0.2121
vn -0.4455 -0.7992 -0.4036
vn -0.4467 -0.7956 -0.4094
vn -0.4475 -0.7738 -0.4483
vn -0.4470 -0.8504 -0.2776
vn -0.4479 -0.7504 -0.4861
vn -0.4452 -0.7663 -0.4632
vn -0.4470 -0.8269 -0.3414
vn -0.4470 -0.7985 -0.4032
vn -0.4456 -0.7287 -0.5200
vn -0.4464 -0.7259 -0.5233
vn -0.4476 -0.6985 -0.5584
vn -0.4479 -0.6697 -0.5924
vn -0.4452 -0.6873 -0.5740
vn -0.4470 -0.7656 -0.4628
vn -0.4458 -0.6414 -0.6244
vn -0.4461 -0.6400 -0.6256
vn -0.4477 -0.6075 -0.6561
vn -0.4470 -0.7282 -0.5196
vn -0.4470 -0.6866 -0.5735
vn -0.4451 -0.5923 -0.6716
vn -0.4478 -0.5741 -0.6855
vn -0.4460 -0.5398 -0.7139
vn -0.4470 -0.6410 -0.6240
vn -0.4459 -0.5393 -0.7144
vn -0.4478 -0.5031 -0.7392
vn -0.4451 -0.4837 -0.7536
vn -0.4477 -0.4657 -0.7634
vn -0.4463 -0.4274 -0.7862
vn -0.4470 -0.5917 -0.6709
vn -0.4470 -0.5390 -0.7139
vn -0.4457 -0.4249 -0.7879
vn -0.4479 -0.3874 -0.8058
vn -0.4475 -0.3469 -0.8242
vn -0.4465 -0.3056 -0.8410
vn -0.4452 -0.3639 -0.8182
vn -0.4456 -0.3005 -0.8433
vn -0.4479 -0.2632 -0.8544
vn -0.4452 -0.2356 -0.8639
vn -0.4474 -0.2204 -0.8668
vn -0.4468 -0.1770 -0.8770
vn -0.4517 -0.8694 -0.2001
vn -0.4457 -0.8613 -0.2440
vn -0.4455 -0.1693 -0.8792
vn -0.4480 -0.1331 -0.8841
vn -0.4474 -0.8473 -0.2863
vn -0.4468 -0.8322 -0.3282
vn -0.4500 -0.8489 -0.2771
vn -0.4453 -0.1020 -0.8896
vn -0.4472 -0.0889 -0.8900
vn -0.4470 -0.0445 -0.8934
vn -0.4457 -0.8154 -0.3695
vn -0.4504 -0.8253 -0.3407
vn -0.4454 -0.0341 -0.8947
vn -0.4480 -0.0000 -0.8940
vn -0.4478 -0.7950 -0.4091
vn -0.4465 -0.7742 -0.4485
vn -0.4498 -0.7972 -0.4026
vn -0.4454 0.0341 -0.8947
vn -0.4470 0.0445 -0.8934
vn -0.4472 0.0889 -0.8900
vn -0.4458 -0.7513 -0.4867
vn -0.4505 -0.7640 -0.4619
vn -0.4480 0.1331 -0.8841
vn -0.4453 0.1020 -0.8896
vn -0.4482 -0.7251 -0.5228
vn -0.4463 -0.6990 -0.5588
vn -0.4496 -0.7271 -0.5189
vn -0.4455 0.1693 -0.8792
vn -0.4468 0.1770 -0.8770
vn -0.4474 0.2204 -0.8668
vn -0.4459 -0.6704 -0.5931
vn -0.4505 -0.6852 -0.5723
vn -0.4479 0.2632 -0.8544
vn -0.4452 0.2356 -0.8639
vn -0.4487 -0.6391 -0.6247
vn -0.4461 -0.6081 -0.6567
vn -0.4493 -0.6402 -0.6232
vn -0.4456 0.3005 -0.8433
vn -0.4465 0.3056 -0.8410
vn -0.4475 0.3469 -0.8242
vn -0.4460 -0.5746 -0.6862
vn -0.4489 -0.5389 -0.7128
vn -0.4506 -0.5905 -0.6695
vn -0.4452 0.3639 -0.8182
vn -0.4479 0.3874 -0.8058
vn -0.4459 -0.5036 -0.7400
vn -0.4491 -0.5384 -0.7131
s 0
usemtl mat3
f 1//1 2//1 3//1
f 3//1 2//1 4//1
f 5//2 1//2 6//2
f 6//2 1//2 3//2
f 7//3 5//3 8//3
f 8//3 5//3 6//3
f 2//4 7//4 4//4
f 4//4 7//4 8//4
f 5//5 7//5 1//5
f 1//5 7//5 2//5
f 8//6 3//6 4//6
f 8//6 6//6 3//6
f 9//1 10//1 11//1
f 11//1 10//1 12//1
f 13//2 9//2 14//2
f 14//2 9//2 11//2
f 15//3 13//3 16//3
f 16//3 13//3 14//3
f 10//4 15//4 12//4
f 12//4 15//4 16//4
f 13//5 15//5 9//5
f 9//5 15//5 10//5
f 16//6 11//6 12//6
f 16//6 14//6 11//6
f 17//1 18//1 19//1
f 19//1 18//1 20//1
f 21//2 17//2 22//2
f 22//2 17//2 19//2
f 23//3 21//3 24//3
f 24//3 21//3 22//3
f 18//4 23//4 20//4
f 20//4 23//4 24//4
f 21//5 23//5 17//5
f 17//5 23//5 18//5
f 24//6 19//6 20//6
f 24//6 22//6 19//6
f 25//1 26//1 27//1
f 27//1 26//1 28//1
f 29//2 25//2 30//2
f 30//2 25//2 27//2
f 31//3 29//3 32//3
f 32//3 29//3 30//3
f 26//4 31//4 28//4
f 28//4 31//4 32//4
f 29//5 31//5 25//5
f 25//5 31//5 26//5
f 32//6 27//6 28//6
f 32//6 30//6 27//6
f 33//1 34//1 35//1
f 35//1 34//1 36//1
f 37//2 33//2 38//2
f 38//2 33//2 35//2
f 39//3 37//3 40//3
f 40//3 37//3 38//3
f 34//4 39//4 36//4
f 36//4 39//4 40//4
f 37//5 39//5 33//5
f 33//5 39//5 34//5
f 40//6 35//6 36//6
f 40//6 38//6 35//6
usemtl mat1
f 41//5 42//5 43//5
f 44//5 41//5 43//5
f 45//5 46//5 47//5
f 48//5 46//5 45//5
f 49//5 43//5 42//5
f 49//5 42//5 46//5
f 49//5 46//5 48//5
f 50//5 46//5 42//5
f 51//5 52//5 41//5
f 53//5 54//5 51//5
f 55//5 53//5 51//5
f 56//5 51//5 41//5
f 56//5 41//5 44//5
f 56//5 55//5 51//5
f 57//6 58//6 59//6
f 59//6 58//6 60//6
f 61//6 62//6 63//6
f 61//6 64//6 62//6
f 60//6 65//6 59//6
f 59//6 65//6 61//6
f 61//6 65//6 64//6
f 61//6 66//6 59//6
f 67//6 68//6 57//6
f 69//6 70//6 68//6
f 70//6 71//6 68//6
f 57//6 72//6 58//6
f 68//6 72//6 57//6
f 71//6 72//6 68//6
f 41//7 52//7 67//7
f 41//7 67//7 57//7
f 50//8 59//8 66//8
f 50//8 42//8 59//8
f 73//9 58//9 72//9
f 74//9 58//9 73//9
f 75//9 58//9 74//9
f 76//9 58//9 75//9
f 77//9 58//9 76//9
f 78//9 58//9 77//9
f 79//9 44//9 78//9
f 80//9 44//9 79//9
f 81//9 44//9 80//9
f 82//9 44//9 81//9
f 78//9 44//9 58//9
f 56//9 44//9 83//9
f 83//9 44//9 84//9
f 84//9 44//9 82//9
f 85//10 65//10 60//10
f 60//10 86//10 85//10
f 60//10 87//10 86//10
f 60//10 88//10 87//10
f 60//10 89//10 88//10
f 60//10 90//10 89//10
f 43//10 91//10 60//10
f 60//10 91//10 90//10
f 43//10 92//10 91//10
f 43//10 93//10 92//10
f 43//10 94//10 93//10
f 43//10 49//10 95//10
f 43//10 95//10 96//10
f 43//10 96//10 94//10
f 44//4 43//4 58//4
f 58//4 43//4 60//4
f 42//2 57//2 59//2
f 42//2 41//2 57//2
f 97//11 82//11 98//11
f 99//12 100//12 101//12
f 99//13 102//13 100//13
f 103//14 79//14 78//14
f 104//15 78//15 77//15
f 104//16 100//16 103//16
f 104//17 103//17 78//17
f 105//18 98//18 106//18
f 105//19 106//19 107//19
f 105//20 97//20 98//20
f 108//21 109//21 103//21
f 108//22 103//22 100//22
f 108//23 110//23 111//23
f 108//24 112//24 110//24
f 108//25 102//25 112//25
f 108//26 100//26 102//26
f 113//27 77//27 76//27
f 113//28 100//28 104//28
f 113//29 104//29 77//29
f 113//30 101//30 100//30
f 114//31 107//31 115//31
f 114//32 115//32 111//32
f 114//33 97//33 105//33
f 114//34 105//34 107//34
f 116//35 113//35 76//35
f 117//36 101//36 113//36
f 118//37 113//37 116//37
f 118//38 117//38 113//38
f 119//39 114//39 111//39
f 119//40 111//40 110//40
f 119//41 110//41 112//41
f 120//42 121//42 122//42
f 120//43 122//43 97//43
f 120//44 123//44 121//44
f 124//45 119//45 112//45
f 124//46 125//46 119//46
f 124//47 126//47 125//47
f 127//48 99//48 101//48
f 128//49 114//49 119//49
f 128//50 97//50 114//50
f 128//51 123//51 120//51
f 128//52 120//52 97//52
f 128//53 119//53 125//53
f 128//54 125//54 123//54
f 129//55 101//55 117//55
f 129//56 127//56 101//56
f 129//57 117//57 118//57
f 130//58 124//58 112//58
f 130//59 126//59 124//59
f 130//60 112//60 102//60
f 130//61 102//61 99//61
f 131//62 132//62 82//62
f 131//63 122//63 121//63
f 131//64 97//64 122//64
f 131//65 82//65 97//65
f 131//66 133//66 132//66
f 131//67 134//67 133//67
f 135//68 130//68 99//68
f 135//69 126//69 130//69
f 136//70 133//70 134//70
f 137//71 132//71 133//71
f 138//72 103//72 109//72
f 138//73 80//73 79//73
f 138//74 81//74 80//74
f 138//75 82//75 81//75
f 138//76 79//76 103//76
f 139//77 108//77 111//77
f 139//78 109//78 108//78
f 139//79 106//79 98//79
f 139//80 107//80 106//80
f 139//81 115//81 107//81
f 139//82 111//82 115//82
f 140//83 76//83 75//83
f 140//84 116//84 76//84
f 141//85 118//85 116//85
f 141//86 140//86 75//86
f 141//87 116//87 140//87
f 142//88 118//88 141//88
f 142//89 141//89 75//89
f 142//90 129//90 118//90
f 142//91 127//91 129//91
f 143//92 144//92 134//92
f 143//93 134//93 131//93
f 145//94 121//94 123//94
f 145//95 131//95 121//95
f 146//96 147//96 144//96
f 146//97 143//97 131//97
f 146//98 131//98 145//98
f 146//99 148//99 147//99
f 146//100 144//100 143//100
f 149//101 145//101 123//101
f 149//102 150//102 145//102
f 151//103 150//103 149//103
f 151//104 149//104 123//104
f 151//105 152//105 150//105
f 151//106 123//106 125//106
f 153//107 152//107 151//107
f 153//108 151//108 125//108
f 153//109 154//109 152//109
f 153//110 125//110 126//110
f 155//111 154//111 153//111
f 155//112 126//112 135//112
f 155//113 153//113 126//113
f 155//114 135//114 156//114
f 157//115 146//115 145//115
f 157//116 158//116 148//116
f 157//117 145//117 150//117
f 157//118 148//118 146//118
f 159//119 154//119 155//119
f 160//120 158//120 157//120
f 160//121 157//121 150//121
f 160//122 161//122 158//122
f 162//123 148//123 158//123
f 162//124 163//124 164//124
f 165//125 163//125 162//125
f 165//126 158//126 161//126
f 165//127 162//127 158//127
f 165//128 166//128 163//128
f 167//129 136//129 164//129
f 167//130 164//130 163//130
f 167//131 133//131 136//131
f 167//132 168//132 133//132
f 167//133 169//133 168//133
f 167//134 170//134 169//134
f 171//135 167//135 163//135
f 171//136 163//136 166//136
f 172//137 137//137 133//137
f 172//138 173//138 137//138
f 172//139 133//139 168//139
f 172//140 174//140 173//140
f 172//141 168//141 169//141
f 172//142 169//142 170//142
f 175//143 171//143 166//143
f 175//144 166//144 176//144
f 175//145 177//145 171//145
f 175//146 178//146 177//146
f 179//147 174//147 172//147
f 179//148 180//148 174//148
f 181//149 132//149 137//149
f 181//150 137//150 173//150
f 181//151 173//151 174//151
f 182//152 180//152 179//152
f 182//153 179//153 177//153
f 182//154 177//154 178//154
f 183//155 184//155 132//155
f 183//156 181//156 174//156
f 183//157 132//157 181//157
f 183//158 174//158 180//158
f 185//159 182//159 178//159
f 185//160 180//160 182//160
f 186//161 184//161 183//161
f 186//162 183//162 180//162
f 186//163 180//163 185//163
f 186//164 185//164 184//164
f 187//165 139//165 98//165
f 187//166 98//166 82//166
f 187//167 138//167 109//167
f 187//168 82//168 138//168
f 187//169 109//169 139//169
f 188//170 142//170 75//170
f 188//171 127//171 142//171
f 188//172 99//172 127//172
f 188//173 135//173 99//173
f 188//174 156//174 135//174
f 189//175 144//175 147//175
f 189//176 134//176 144//176
f 189//177 147//177 148//177
f 189//178 162//178 164//178
f 189//179 136//179 134//179
f 189//180 164//180 136//180
f 189//181 148//181 162//181
f 190//182 154//182 159//182
f 190//183 150//183 152//183
f 190//184 160//184 150//184
f 190//185 152//185 154//185
f 191//186 190//186 159//186
f 192//187 161//187 160//187
f 192//188 160//188 190//188
f 192//189 190//189 191//189
f 193//190 161//190 192//190
f 194//191 165//191 161//191
f 194//192 166//192 165//192
f 194//193 176//193 166//193
f 194//194 161//194 193//194
f 195//195 170//195 167//195
f 195//196 167//196 171//196
f 195//197 171//197 177//197
f 196//198 195//198 177//198
f 196//199 172//199 170//199
f 196//200 177//200 179//200
f 196//201 170//201 195//201
f 196//202 179//202 172//202
f 197//203 175//203 176//203
f 197//204 178//204 175//204
f 197//205 176//205 194//205
f 197//206 185//206 178//206
f 197//207 184//207 185//207
f 198//208 75//208 184//208
f 198//209 155//209 156//209
f 198//210 188//210 75//210
f 198//211 199//211 159//211
f 198//212 159//212 155//212
f 198//213 184//213 197//213
f 198//214 156//214 188//214
f 200//215 199//215 198//215
f 200//216 192//216 191//216
f 200//217 159//217 199//217
f 200//218 191//218 159//218
f 201//219 194//219 193//219
f 201//220 198//220 197//220
f 201//221 200//221 198//221
f 201//222 197//222 194//222
f 201//223 192//223 200//223
f 201//224 193//224 192//224
f 202//225 203//225 204//225
f 205//226 203//226 202//226
f 206//227 204//227 203//227
f 207//228 206//228 203//228
f 208//229 205//229 202//229
f 209//230 203//230 205//230
f 209//231 205//231 208//231
f 210//232 207//232 203//232
f 210//233 203//233 209//233
f 211//234 212//234 207//234
f 211//235 207//235 210//235
f 213//236 212//236 211//236
f 214//237 207//237 212//237
f 214//238 212//238 213//238
f 215//239 214//239 213//239
f 216//240 217//240 214//240
f 216//241 214//241 215//241
f 218//242 71//242 70//242
f 219//243 202//243 204//243
f 219//244 220//244 202//244
f 221//245 222//245 219//245
f 221//246 219//246 204//246
f 221//247 204//247 223//247
f 224//248 71//248 218//248
f 225//249 72//249 71//249
f 225//250 71//250 224//250
f 226//251 220//251 219//251
f 226//252 227//252 220//252
f 228//253 72//253 225//253
f 229//254 72//254 228//254
f 230//255 231//255 229//255
f 230//256 226//256 231//256
f 230//257 227//257 226//257
f 232//258 223//258 204//258
f 233//259 209//259 208//259
f 233//260 210//260 209//260
f 234//261 235//261 236//261
f 234//262 217//262 216//262
f 237//263 235//263 234//263
f 238//264 235//264 237//264
f 239//265 235//265 238//265
f 240//266 241//266 242//266
f 243//267 244//267 245//267
f 246//268 244//268 243//268
f 246//269 243//269 247//269
f 248//270 246//270 247//270
f 249//271 245//271 244//271
f 249//272 250//272 251//272
f 249//273 252//273 250//273
f 249//274 251//274 245//274
f 253//275 184//275 245//275
f 254//276 222//276 255//276
f 256//277 254//277 257//277
f 256//278 257//278 74//278
f 256//279 222//279 254//279
f 258//280 74//280 73//280
f 258//281 256//281 74//281
f 258//282 219//282 222//282
f 258//283 222//283 256//283
f 259//284 70//284 69//284
f 259//285 218//285 70//285
f 260//286 255//286 222//286
f 260//287 254//287 255//287
f 261//288 69//288 262//288
f 261//289 259//289 69//289
f 263//290 219//290 258//290
f 263//291 258//291 73//291
f 263//292 226//292 219//292
f 264//293 73//293 72//293
f 264//294 263//294 73//294
f 264//295 72//295 229//295
f 264//296 229//296 231//296
f 264//297 226//297 263//297
f 264//298 231//298 226//298
f 265//299 224//299 218//299
f 266//300 229//300 228//300
f 267//301 229//301 266//301
f 267//302 268//302 227//302
f 267//303 230//303 229//303
f 267//304 227//304 230//304
f 269//305 210//305 233//305
f 269//306 233//306 208//306
f 270//307 208//307 202//307
f 270//308 269//308 208//308
f 271//309 234//309 236//309
f 272//310 216//310 215//310
f 273//311 240//311 242//311
f 273//312 242//312 274//312
f 275//313 234//313 216//313
f 276//314 234//314 275//314
f 276//315 237//315 234//315
f 277//316 278//316 240//316
f 277//317 238//317 237//317
f 277//318 237//318 276//318
f 277//319 239//319 238//319
f 277//320 240//320 239//320
f 279//321 280//321 281//321
f 279//322 242//322 241//322
f 279//323 282//323 274//323
f 279//324 281//324 282//324
f 279//325 274//325 242//325
f 283//326 248//326 247//326
f 284//327 248//327 283//327
f 285//328 249//328 244//328
f 285//329 244//329 246//329
f 285//330 246//330 248//330
f 286//331 249//331 285//331
f 287//332 249//332 286//332
f 287//333 252//333 249//333
f 288//334 289//334 253//334
f 288//335 253//335 245//335
f 288//336 290//336 289//336
f 291//337 292//337 252//337
f 291//338 252//338 287//338
f 293//339 253//339 289//339
f 293//340 184//340 253//340
f 294//341 75//341 74//341
f 294//342 257//342 295//342
f 294//343 74//343 257//343
f 296//344 294//344 295//344
f 297//345 69//345 68//345
f 298//346 262//346 69//346
f 298//347 69//347 297//347
f 299//348 261//348 262//348
f 300//349 218//349 259//349
f 301//350 267//350 266//350
f 302//351 206//351 303//351
f 304//352 305//352 268//352
f 304//353 268//353 267//353
f 306//354 220//354 227//354
f 306//355 268//355 305//355
f 306//356 227//356 268//356
f 307//357 305//357 304//357
f 307//358 306//358 305//358
f 308//359 206//359 207//359
f 308//360 207//360 214//360
f 309//361 308//361 214//361
f 309//362 214//362 217//362
f 310//363 216//363 272//363
f 310//364 275//364 216//364
f 311//365 276//365 275//365
f 312//366 241//366 240//366
f 312//367 240//367 278//367
f 312//368 313//368 279//368
f 312//369 279//369 241//369
f 314//370 312//370 278//370
f 314//371 313//371 312//371
f 315//372 280//372 279//372
f 315//373 313//373 314//373
f 315//374 279//374 313//374
f 316//375 274//375 282//375
f 316//376 282//376 281//376
f 316//377 283//377 247//377
f 317//378 281//378 280//378
f 317//379 283//379 316//379
f 317//380 316//380 281//380
f 317//381 284//381 283//381
f 318//382 315//382 314//382
f 318//383 280//383 315//383
f 318//384 284//384 317//384
f 318//385 317//385 280//385
f 319//386 320//386 288//386
f 319//387 252//387 292//387
f 319//388 251//388 250//388
f 319//386 292//386 320//386
f 319//389 250//389 252//389
f 319//390 245//390 251//390
f 319//391 288//391 245//391
f 321//392 288//392 320//392
f 321//393 322//393 290//393
f 321//392 320//392 292//392
f 321//394 290//394 288//394
f 323//395 291//395 287//395
f 323//396 322//396 321//396
f 323//397 292//397 291//397
f 323//398 321//398 292//398
f 324//399 293//399 289//399
f 324//400 290//400 322//400
f 324//401 325//401 293//401
f 324//402 289//402 290//402
f 326//403 322//403 323//403
f 326//404 327//404 328//404
f 326//405 328//405 325//405
f 326//406 323//406 327//406
f 326//407 324//407 322//407
f 326//408 325//408 324//408
f 329//409 327//409 184//409
f 329//410 184//410 293//410
f 329//411 293//411 325//411
f 329//412 328//412 327//412
f 329//411 325//411 328//411
f 330//413 298//413 297//413
f 331//414 221//414 223//414
f 332//415 331//415 223//415
f 332//416 223//416 232//416
f 333//417 228//417 225//417
f 333//418 266//418 228//418
f 334//419 202//419 220//419
f 334//420 220//420 306//420
f 334//421 270//421 202//421
f 335//422 269//422 270//422
f 335//423 336//423 269//423
f 337//424 269//424 336//424
f 337//425 210//425 269//425
f 337//426 211//426 210//426
f 337//427 213//427 211//427
f 337//428 215//428 213//428
f 338//429 245//429 184//429
f 338//430 243//430 245//430
f 338//431 247//431 243//431
f 339//432 323//432 287//432
f 339//433 286//433 285//433
f 339//434 287//434 286//434
f 340//435 254//435 260//435
f 341//436 333//436 225//436
f 341//437 224//437 265//437
f 341//438 225//438 224//438
f 341//439 265//439 342//439
f 343//440 266//440 333//440
f 343//441 301//441 266//441
f 344//442 304//442 267//442
f 344//443 267//443 301//443
f 345//444 306//444 307//444
f 346//445 234//445 271//445
f 347//446 272//446 215//446
f 348//447 273//447 274//447
f 348//448 240//448 273//448
f 348//449 239//449 240//449
f 349//450 311//450 275//450
f 350//451 314//451 278//451
f 351//452 330//452 297//452
f 352//453 353//453 300//453
f 352//454 259//454 261//454
f 352//455 261//455 299//455
f 352//456 300//456 259//456
f 352//457 299//457 354//457
f 355//458 356//458 353//458
f 355//459 353//459 352//459
f 357//460 353//460 356//460
f 357//461 300//461 353//461
f 357//462 218//462 300//462
f 357//463 265//463 218//463
f 358//464 341//464 342//464
f 359//465 206//465 302//465
f 359//466 204//466 206//466
f 360//467 307//467 304//467
f 360//468 345//468 307//468
f 361//469 303//469 206//469
f 361//470 308//470 309//470
f 361//471 206//471 308//471
f 362//472 270//472 334//472
f 362//473 363//473 270//473
f 364//474 337//474 336//474
f 365//475 262//475 298//475
f 365//476 366//476 262//476
f 367//477 299//477 262//477
f 367//478 262//478 366//478
f 367//479 354//479 299//479
f 367//480 352//480 354//480
f 368//481 221//481 369//481
f 368//482 222//482 221//482
f 368//483 340//483 260//483
f 368//484 260//484 222//484
f 370//485 369//485 221//485
f 370//486 331//486 332//486
f 370//487 368//487 369//487
f 370//488 221//488 331//488
f 371//489 342//489 265//489
f 371//490 358//490 342//490
f 372//491 333//491 341//491
f 372//492 343//492 333//492
f 372//493 358//493 371//493
f 372//494 341//494 358//494
f 373//495 343//495 372//495
f 373//496 301//496 343//496
f 373//497 344//497 301//497
f 374//498 360//498 304//498
f 375//499 337//499 364//499
f 375//500 215//500 337//500
f 375//501 347//501 215//501
f 376//502 274//502 316//502
f 376//503 247//503 338//503
f 376//504 338//504 184//504
f 376//505 316//505 247//505
f 376//506 348//506 274//506
f 377//507 318//507 314//507
f 377//508 314//508 350//508
f 377//509 248//509 284//509
f 377//510 284//510 318//510
f 378//511 257//511 254//511
f 378//512 295//512 257//512
f 378//513 75//513 294//513
f 378//514 340//514 368//514
f 378//515 254//515 340//515
f 378//516 296//516 295//516
f 378//517 294//517 296//517
f 379//518 297//518 68//518
f 379//519 351//519 297//519
f 380//520 352//520 367//520
f 380//521 355//521 352//521
f 381//522 357//522 356//522
f 381//523 356//523 355//523
f 381//524 355//524 380//524
f 382//525 371//525 265//525
f 382//526 372//526 371//526
f 383//527 373//527 372//527
f 383//528 344//528 373//528
f 383//529 374//529 304//529
f 383//530 304//530 344//530
f 384//531 361//531 309//531
f 384//532 234//532 346//532
f 384//533 309//533 217//533
f 384//534 217//534 234//534
f 384//535 376//535 184//535
f 385//536 271//536 236//536
f 385//537 384//537 346//537
f 385//538 236//538 386//538
f 385//539 346//539 271//539
f 385//540 376//540 384//540
f 387//541 347//541 375//541
f 387//542 272//542 347//542
f 387//543 310//543 272//543
f 388//544 236//544 235//544
f 388//545 348//545 376//545
f 388//546 376//546 385//546
f 388//547 385//547 386//547
f 388//548 386//548 236//548
f 388//549 239//549 348//549
f 388//550 235//550 239//550
f 389//551 275//551 310//551
f 389//552 310//552 387//552
f 389//553 387//553 377//553
f 389//554 349//554 275//554
f 390//555 377//555 350//555
f 390//556 276//556 311//556
f 390//557 389//557 377//557
f 390//558 278//558 277//558
f 390//559 311//559 349//559
f 390//560 277//560 276//560
f 390//561 350//561 278//561
f 390//562 349//562 389//562
f 391//563 379//563 68//563
f 391//564 365//564 298//564
f 391//565 351//565 379//565
f 391//566 330//566 351//566
f 391//567 298//567 330//567
f 392//568 366//568 365//568
f 392//569 365//569 391//569
f 392//570 380//570 367//570
f 392//571 391//571 380//571
f 392//572 367//572 366//572
f 393//573 381//573 380//573
f 393//574 357//574 381//574
f 393//575 372//575 382//575
f 393//576 265//576 357//576
f 393//577 382//577 265//577
f 394//578 370//578 332//578
f 394//579 184//579 75//579
f 394//580 332//580 232//580
f 394//581 368//581 370//581
f 394//582 75//582 378//582
f 394//583 384//583 184//583
f 394//584 378//584 368//584
f 394//585 232//585 204//585
f 394//586 204//586 359//586
f 395//587 302//587 303//587
f 395//588 359//588 302//588
f 395//589 384//589 394//589
f 395//590 394//590 359//590
f 395//591 303//591 396//591
f 397//592 395//592 396//592
f 397//593 361//593 384//593
f 397//594 303//594 361//594
f 397//591 396//591 303//591
f 397//595 384//595 395//595
f 398//596 374//596 383//596
f 398//597 383//597 372//597
f 398//598 334//598 306//598
f 398//599 393//599 380//599
f 398//600 391//600 68//600
f 398//601 306//601 345//601
f 398//602 372//602 393//602
f 398//603 360//603 374//603
f 398//604 380//604 391//604
f 398//605 345//605 360//605
f 399//606 334//606 398//606
f 399//607 398//607 387//607
f 399//608 362//608 334//608
f 400//609 362//609 399//609
f 400//610 399//610 387//610
f 400//611 335//611 270//611
f 400//612 270//612 363//612
f 400//613 363//613 362//613
f 401//614 335//614 400//614
f 401//615 375//615 364//615
f 401//616 364//616 336//616
f 401//617 400//617 387//617
f 401//618 336//618 335//618
f 401//619 387//619 375//619
f 402//620 68//620 327//620
f 402//621 398//621 68//621
f 402//622 339//622 285//622
f 402//623 387//623 398//623
f 402//624 377//624 387//624
f 402//625 327//625 323//625
f 402//626 323//626 339//626
f 402//627 285//627 248//627
f 402//628 248//628 377//628
f 403//629 404//629 405//629
f 406//630 403//630 405//630
f 406//631 407//631 403//631
f 408//632 406//632 405//632
f 409//633 407//633 406//633
f 410//634 411//634 409//634
f 412//635 409//635 406//635
f 412//636 410//636 409//636
f 413//637 406//637 408//637
f 413//638 412//638 406//638
f 414//639 412//639 413//639
f 415//640 410//640 412//640
f 415//641 412//641 414//641
f 416//642 410//642 415//642
f 416//643 411//643 410//643
f 417//644 418//644 419//644
f 417//645 419//645 420//645
f 421//646 422//646 64//646
f 423//647 64//647 65//647
f 423//648 421//648 64//648
f 424//649 423//649 65//649
f 424//650 425//650 423//650
f 426//651 424//651 65//651
f 427//652 426//652 65//652
f 427//653 428//653 429//653
f 430//654 428//654 427//654
f 430//655 405//655 428//655
f 430//656 408//656 405//656
f 430//657 431//657 408//657
f 432//658 433//658 434//658
f 435//659 431//659 430//659
f 435//660 430//660 436//660
f 437//661 436//661 433//661
f 437//662 435//662 436//662
f 438//663 431//663 439//663
f 438//664 408//664 431//664
f 438//665 413//665 408//665
f 438//666 414//666 413//666
f 438//667 415//667 414//667
f 440//668 441//668 416//668
f 440//669 416//669 442//669
f 440//670 442//670 443//670
f 440//671 443//671 417//671
f 444//672 445//672 418//672
f 446//673 445//673 444//673
f 447//674 448//674 449//674
f 447//675 449//675 446//675
f 447//676 450//676 448//676
f 451//677 449//677 448//677
f 451//678 448//678 450//678
f 452//679 453//679 454//679
f 455//680 456//680 457//680
f 455//681 457//681 458//681
f 459//682 460//682 455//682
f 461//683 63//683 62//683
f 462//684 461//684 62//684
f 463//685 62//685 64//685
f 463//686 64//686 422//686
f 463//687 462//687 62//687
f 463//688 422//688 464//688
f 465//689 422//689 421//689
f 465//690 466//690 422//690
f 467//691 85//691 86//691
f 467//692 65//692 85//692
f 467//693 430//693 427//693
f 467//694 427//694 65//694
f 467//695 86//695 434//695
f 467//696 436//696 430//696
f 467//697 433//697 436//697
f 467//698 434//698 433//698
f 468//699 434//699 86//699
f 469//700 407//700 409//700
f 470//701 432//701 434//701
f 471//702 433//702 432//702
f 471//703 437//703 433//703
f 472//704 416//704 415//704
f 472//705 442//705 416//705
f 473//706 440//706 417//706
f 474//707 442//707 472//707
f 475//708 417//708 443//708
f 476//709 418//709 417//709
f 476//710 444//710 418//710
f 477//711 444//711 476//711
f 477//712 446//712 444//712
f 478//713 479//713 447//713
f 478//714 446//714 477//714
f 478//715 447//715 446//715
f 480//716 451//716 450//716
f 480//717 481//717 451//717
f 480//718 447//718 479//718
f 480//719 450//719 447//719
f 482//720 481//720 480//720
f 482//721 483//721 481//721
f 482//722 480//722 479//722
f 484//723 485//723 483//723
f 484//724 483//724 482//724
f 484//725 482//725 479//725
f 486//726 487//726 485//726
f 486//727 485//727 484//727
f 488//728 452//728 454//728
f 488//729 454//729 489//729
f 488//730 490//730 487//730
f 488//731 489//731 490//731
f 491//732 488//732 487//732
f 491//733 452//733 488//733
f 491//734 492//734 452//734
f 493//735 453//735 452//735
f 494//736 493//736 452//736
f 495//737 494//737 452//737
f 495//738 496//738 494//738
f 495//739 452//739 492//739
f 497//740 496//740 495//740
f 498//741 455//741 458//741
f 498//742 459//742 455//742
f 498//743 458//743 499//743
f 498//744 499//744 500//744
f 501//745 459//745 498//745
f 501//746 498//746 500//746
f 501//747 502//747 459//747
f 501//748 500//748 496//748
f 503//749 501//749 496//749
f 503//750 502//750 501//750
f 504//751 496//751 497//751
f 504//752 503//752 496//752
f 505//753 455//753 460//753
f 505//754 460//754 459//754
f 505//755 456//755 455//755
f 506//756 459//756 502//756
f 506//757 505//757 459//757
f 507//758 508//758 506//758
f 507//759 506//759 502//759
f 509//760 63//760 461//760
f 510//761 461//761 462//761
f 511//762 425//762 424//762
f 511//763 424//763 426//763
f 512//764 428//764 405//764
f 513//765 86//765 87//765
f 513//766 468//766 86//766
f 514//767 407//767 469//767
f 515//768 434//768 468//768
f 515//769 470//769 434//769
f 516//770 439//770 431//770
f 516//771 431//771 435//771
f 516//772 435//772 437//772
f 517//773 438//773 439//773
f 518//774 417//774 475//774
f 518//775 476//775 417//775
f 519//776 477//776 476//776
f 519//777 478//777 477//777
f 520//778 484//778 479//778
f 520//779 486//779 484//779
f 521//780 487//780 486//780
f 521//781 486//781 520//781
f 521//782 491//782 487//782
f 522//783 521//783 520//783
f 522//784 491//784 521//784
f 523//785 493//785 494//785
f 523//786 457//786 493//786
f 524//787 499//787 458//787
f 524//788 500//788 499//788
f 524//789 494//789 496//789
f 524//790 523//790 494//790
f 524//791 496//791 500//791
f 524//792 458//792 457//792
f 524//793 457//793 523//793
f 525//794 504//794 497//794
f 525//795 502//795 503//795
f 525//796 503//796 504//796
f 525//797 508//797 507//797
f 525//798 507//798 502//798
f 526//799 456//799 505//799
f 526//800 508//800 456//800
f 526//801 505//801 506//801
f 526//802 506//802 508//802
f 527//803 528//803 63//803
f 527//804 529//804 528//804
f 530//805 464//805 422//805
f 531//806 421//806 423//806
f 532//807 426//807 427//807
f 533//808 432//808 470//808
f 533//809 471//809 432//809
f 534//810 437//810 471//810
f 535//811 411//811 416//811
f 536//812 472//812 415//812
f 537//813 474//813 472//813
f 538//814 442//814 474//814
f 538//815 443//815 442//815
f 538//816 475//816 443//816
f 539//817 483//817 485//817
f 539//818 481//818 483//818
f 539//819 487//819 490//819
f 539//820 485//820 487//820
f 539//821 451//821 481//821
f 540//822 495//822 492//822
f 540//823 508//823 525//823
f 540//824 525//824 497//824
f 540//825 497//825 495//825
f 541//826 463//826 464//826
f 542//827 429//827 543//827
f 542//828 427//828 429//828
f 544//829 542//829 543//829
f 545//830 468//830 513//830
f 545//831 515//831 468//831
f 546//832 516//832 437//832
f 547//833 439//833 516//833
f 547//834 517//834 439//834
f 548//835 440//835 473//835
f 548//836 441//836 440//836
f 549//837 417//837 420//837
f 550//838 418//838 551//838
f 550//839 419//839 418//839
f 550//840 420//840 419//840
f 550//841 549//841 420//841
f 552//842 445//842 446//842
f 552//843 446//843 449//843
f 552//844 449//844 451//844
f 553//845 519//845 476//845
f 554//846 520//846 479//846
f 555//847 63//847 509//847
f 556//848 461//848 510//848
f 557//849 422//849 466//849
f 557//850 466//850 558//850
f 559//851 557//851 558//851
f 560//852 543//852 429//852
f 560//853 429//853 428//853
f 560//854 428//854 512//854
f 560//855 544//855 543//855
f 561//856 405//856 404//856
f 562//857 561//857 404//857
f 562//858 407//858 514//858
f 562//859 404//859 403//859
f 562//860 403//860 407//860
f 563//861 533//861 470//861
f 564//862 471//862 533//862
f 564//863 534//863 471//863
f 565//864 566//864 411//864
f 567//865 536//865 415//865
f 568//866 474//866 537//866
f 568//867 538//867 474//867
f 569//868 489//868 454//868
f 569//869 457//869 456//869
f 569//870 453//870 493//870
f 569//871 493//871 457//871
f 569//872 454//872 453//872
f 570//873 61//873 63//873
f 570//874 63//874 528//874
f 570//875 529//875 527//875
f 570//876 528//876 529//876
f 571//877 465//877 421//877
f 571//878 466//878 465//878
f 571//879 558//879 466//879
f 571//880 559//880 558//880
f 571//881 421//881 531//881
f 572//882 423//882 425//882
f 573//883 572//883 425//883
f 573//884 425//884 511//884
f 573//885 511//885 574//885
f 575//886 545//886 513//886
f 576//887 566//887 565//887
f 576//888 411//888 566//888
f 576//889 409//889 411//889
f 576//890 577//890 409//890
f 578//891 534//891 564//891
f 578//892 546//892 437//892
f 578//893 437//893 534//893
f 579//894 546//894 578//894
f 579//895 516//895 546//895
f 579//896 547//896 516//896
f 580//897 473//897 417//897
f 580//898 548//898 473//898
f 580//899 417//899 549//899
f 580//900 549//900 550//900
f 581//901 551//901 418//901
f 581//902 550//902 551//902
f 581//903 580//903 550//903
f 581//904 445//904 552//904
f 581//905 418//905 445//905
f 582//906 540//906 492//906
f 582//907 522//907 520//907
f 582//908 520//908 554//908
f 582//909 491//909 522//909
f 582//910 508//910 540//910
f 582//911 492//911 491//911
f 583//912 462//912 463//912
f 583//913 510//913 462//913
f 583//914 463//914 541//914
f 583//915 556//915 510//915
f 584//916 583//916 541//916
f 584//917 541//917 464//917
f 585//918 464//918 530//918
f 585//919 530//919 586//919
f 585//920 584//920 464//920
f 587//921 426//921 532//921
f 587//922 588//922 426//922
f 587//923 532//923 589//923
f 590//924 532//924 427//924
f 590//925 427//925 542//925
f 590//926 589//926 532//926
f 590//927 587//927 589//927
f 591//928 405//928 561//928
f 591//929 512//929 405//929
f 591//930 560//930 512//930
f 591//931 561//931 562//931
f 592//932 469//932 409//932
f 592//933 562//933 514//933
f 592//934 591//934 562//934
f 592//935 514//935 469//935
f 592//936 577//936 576//936
f 592//937 409//937 577//937
f 593//938 563//938 470//938
f 593//939 545//939 575//939
f 593//940 515//940 545//940
f 593//941 470//941 515//941
f 594//942 578//942 564//942
f 594//943 593//943 578//943
f 594//944 564//944 533//944
f 594//945 533//945 563//945
f 594//946 563//946 593//946
f 595//947 411//947 535//947
f 595//948 592//948 576//948
f 595//949 576//949 565//949
f 595//950 565//950 411//950
f 596//951 538//951 568//951
f 596//952 475//952 538//952
f 596//953 508//953 582//953
f 596//954 518//954 475//954
f 597//955 476//955 518//955
f 597//956 553//956 476//956
f 597//957 596//957 582//957
f 597//958 518//958 596//958
f 598//959 479//959 478//959
f 598//960 582//960 554//960
f 598//961 478//961 519//961
f 598//962 519//962 553//962
f 598//963 554//963 479//963
f 598//964 597//964 582//964
f 598//965 553//965 597//965
f 599//966 570//966 527//966
f 599//967 63//967 555//967
f 599//968 527//968 63//968
f 599//969 61//969 570//969
f 600//970 599//970 555//970
f 600//971 509//971 461//971
f 600//972 461//972 556//972
f 600//973 556//973 583//973
f 600//974 555//974 509//974
f 600//975 583//975 599//975
f 601//976 586//976 530//976
f 601//977 422//977 602//977
f 601//978 583//978 584//978
f 601//979 585//979 586//979
f 601//980 584//980 585//980
f 601//981 602//981 603//981
f 601//982 530//982 422//982
f 604//983 601//983 603//983
f 604//984 571//984 601//984
f 604//985 559//985 571//985
f 604//986 422//986 557//986
f 604//987 602//987 422//987
f 604//988 603//988 602//988
f 604//989 557//989 559//989
f 605//990 572//990 573//990
f 605//991 601//991 571//991
f 605//992 61//992 599//992
f 605//993 571//993 531//993
f 605//994 531//994 423//994
f 605//995 583//995 601//995
f 605//996 599//996 583//996
f 605//997 423//997 572//997
f 606//998 591//998 605//998
f 606//999 573//999 574//999
f 606//922 511//922 426//922
f 606//922 426//922 588//922
f 606//1000 588//1000 587//1000
f 606//1001 605//1001 573//1001
f 606//1002 574//1002 511//1002
f 607//1003 590//1003 542//1003
f 607//1004 591//1004 606//1004
f 607//1005 606//1005 587//1005
f 607//1006 560//1006 591//1006
f 607//1007 542//1007 544//1007
f 607//1008 587//1008 590//1008
f 607//1009 544//1009 560//1009
f 608//1010 513//1010 87//1010
f 608//1011 575//1011 513//1011
f 608//1012 593//1012 575//1012
f 609//1013 591//1013 592//1013
f 609//1014 595//1014 535//1014
f 609//1015 535//1015 416//1015
f 609//1016 548//1016 580//1016
f 609//1017 416//1017 441//1017
f 609//1018 441//1018 548//1018
f 609//1019 592//1019 595//1019
f 610//1020 578//1020 593//1020
f 610//1021 508//1021 596//1021
f 610//1022 87//1022 508//1022
f 610//1023 593//1023 608//1023
f 610//1024 608//1024 87//1024
f 610//1025 547//1025 579//1025
f 610//1026 579//1026 578//1026
f 610//1027 438//1027 517//1027
f 610//1028 517//1028 547//1028
f 611//1029 438//1029 610//1029
f 611//1030 567//1030 415//1030
f 611//1031 610//1031 596//1031
f 611//1032 415//1032 438//1032
f 612//1033 611//1033 596//1033
f 612//1034 596//1034 568//1034
f 612//1035 537//1035 472//1035
f 612//1036 568//1036 537//1036
f 612//1037 567//1037 611//1037
f 612//1038 472//1038 536//1038
f 612//1039 536//1039 567//1039
f 613//821 552//821 451//821
f 613//1040 456//1040 61//1040
f 613//1041 569//1041 456//1041
f 613//1042 609//1042 580//1042
f 613//1043 605//1043 591//1043
f 613//1044 490//1044 489//1044
f 613//1045 61//1045 605//1045
f 613//1046 451//1046 539//1046
f 613//1047 580//1047 581//1047
f 613//1048 581//1048 552//1048
f 613//1049 489//1049 569//1049
f 613//1050 539//1050 490//1050
f 613//1051 591//1051 609//1051
f 614//1052 87//1052 615//1052
f 616//1053 617//1053 618//1053
f 616//1054 619//1054 617//1054
f 620//1055 90//1055 91//1055
f 621//1056 617//1056 620//1056
f 621//1057 91//1057 92//1057
f 621//1058 620//1058 91//1058
f 622//1059 615//1059 623//1059
f 622//1060 623//1060 624//1060
f 622//1061 614//1061 615//1061
f 625//1062 620//1062 617//1062
f 625//1063 626//1063 620//1063
f 625//1064 627//1064 628//1064
f 625//1065 629//1065 627//1065
f 625//1066 619//1066 629//1066
f 625//1067 617//1067 619//1067
f 630//1068 92//1068 93//1068
f 630//1069 621//1069 92//1069
f 630//1070 617//1070 621//1070
f 630//1071 618//1071 617//1071
f 631//1072 624//1072 632//1072
f 631//1073 632//1073 628//1073
f 631//1074 614//1074 622//1074
f 631//1075 622//1075 624//1075
f 633//1076 630//1076 93//1076
f 634//1077 618//1077 630//1077
f 635//1078 630//1078 633//1078
f 635//1079 634//1079 630//1079
f 636//1080 631//1080 628//1080
f 636//1081 628//1081 627//1081
f 636//1082 627//1082 629//1082
f 637//1083 638//1083 639//1083
f 637//1084 639//1084 614//1084
f 637//1085 640//1085 638//1085
f 641//1086 636//1086 629//1086
f 641//1087 642//1087 636//1087
f 641//1088 643//1088 642//1088
f 644//1089 616//1089 618//1089
f 645//1090 631//1090 636//1090
f 645//1091 614//1091 631//1091
f 645//1092 640//1092 637//1092
f 645//1093 636//1093 642//1093
f 645//1094 642//1094 640//1094
f 645//1095 637//1095 614//1095
f 646//1096 618//1096 634//1096
f 646//1097 644//1097 618//1097
f 646//1098 634//1098 635//1098
f 647//1099 641//1099 629//1099
f 647//1100 643//1100 641//1100
f 647//1101 629//1101 619//1101
f 647//1102 619//1102 616//1102
f 648//1103 508//1103 87//1103
f 648//1104 639//1104 638//1104
f 648//1105 614//1105 639//1105
f 648//1106 649//1106 508//1106
f 648//1107 87//1107 614//1107
f 648//1108 650//1108 649//1108
f 651//1109 647//1109 616//1109
f 651//1110 643//1110 647//1110
f 652//1111 649//1111 650//1111
f 653//1112 508//1112 649//1112
f 654//1113 620//1113 626//1113
f 654//1114 89//1114 90//1114
f 654//1115 88//1115 89//1115
f 654//1116 87//1116 88//1116
f 654//1117 90//1117 620//1117
f 655//1118 625//1118 628//1118
f 655//1119 623//1119 615//1119
f 655//1120 624//1120 623//1120
f 655//1121 632//1121 624//1121
f 655//1122 628//1122 632//1122
f 655//1123 626//1123 625//1123
f 656//1124 93//1124 94//1124
f 656//1125 633//1125 93//1125
f 657//1126 635//1126 633//1126
f 657//1127 656//1127 94//1127
f 657//1128 633//1128 656//1128
f 658//1129 635//1129 657//1129
f 658//1130 657//1130 94//1130
f 658//1131 644//1131 646//1131
f 658//1132 646//1132 635//1132
f 659//1133 660//1133 650//1133
f 659//1134 650//1134 648//1134
f 661//1135 638//1135 640//1135
f 661//1136 648//1136 638//1136
f 662//1137 663//1137 660//1137
f 662//1138 659//1138 648//1138
f 662//1139 648//1139 661//1139
f 662//1140 664//1140 663//1140
f 662//1141 660//1141 659//1141
f 665//1142 661//1142 640//1142
f 665//1143 666//1143 661//1143
f 667//1144 666//1144 665//1144
f 667//1145 665//1145 640//1145
f 667//1146 668//1146 666//1146
f 667//1147 640//1147 642//1147
f 669//1148 668//1148 667//1148
f 669//1149 667//1149 642//1149
f 669//1150 670//1150 668//1150
f 669//1151 642//1151 643//1151
f 671//1152 670//1152 669//1152
f 671//1153 643//1153 651//1153
f 671//1154 669//1154 643//1154
f 671//1155 651//1155 672//1155
f 673//1156 662//1156 661//1156
f 673//1157 674//1157 664//1157
f 673//1158 661//1158 666//1158
f 673//1159 664//1159 662//1159
f 675//1160 670//1160 671//1160
f 676//1161 674//1161 673//1161
f 676//1162 673//1162 666//1162
f 676//1163 677//1163 674//1163
f 678//1164 664//1164 674//1164
f 678//1165 679//1165 680//1165
f 681//1166 679//1166 678//1166
f 681//1167 674//1167 677//1167
f 681//1168 678//1168 674//1168
f 681//1169 682//1169 679//1169
f 683//1170 652//1170 680//1170
f 683//1171 680//1171 679//1171
f 683//1172 649//1172 652//1172
f 683//1173 684//1173 649//1173
f 683//1174 685//1174 684//1174
f 683//1175 686//1175 685//1175
f 687//1176 683//1176 679//1176
f 687//1177 679//1177 682//1177
f 688//1178 653//1178 649//1178
f 688//1179 689//1179 653//1179
f 688//1180 649//1180 684//1180
f 688//1181 690//1181 689//1181
f 688//1182 684//1182 685//1182
f 688//1183 685//1183 686//1183
f 691//1184 687//1184 682//1184
f 691//1185 682//1185 692//1185
f 691//1186 693//1186 687//1186
f 691//1187 694//1187 693//1187
f 695//1188 690//1188 688//1188
f 695//1189 696//1189 690//1189
f 697//1190 653//1190 689//1190
f 697//1191 508//1191 653//1191
f 697//1192 689//1192 690//1192
f 698//1193 696//1193 695//1193
f 698//1194 695//1194 693//1194
f 698//1195 693//1195 694//1195
f 699//1196 700//1196 508//1196
f 699//1197 697//1197 690//1197
f 699//1198 508//1198 697//1198
f 699//1199 690//1199 696//1199
f 701//1200 698//1200 694//1200
f 701//1201 696//1201 698//1201
f 702//1202 701//1202 700//1202
f 702//1203 700//1203 699//1203
f 702//1204 699//1204 696//1204
f 702//1205 696//1205 701//1205
f 703//1206 655//1206 615//1206
f 703//1207 615//1207 87//1207
f 703//1208 654//1208 626//1208
f 703//1209 87//1209 654//1209
f 703//1210 626//1210 655//1210
f 704//1211 644//1211 658//1211
f 704//1212 651//1212 616//1212
f 704//1213 616//1213 644//1213
f 704//1214 658//1214 94//1214
f 704//1215 672//1215 651//1215
f 705//1216 660//1216 663//1216
f 705//1217 650//1217 660//1217
f 705//1218 663//1218 664//1218
f 705//1219 678//1219 680//1219
f 705//1220 652//1220 650//1220
f 705//1221 664//1221 678//1221
f 705//1222 680//1222 652//1222
f 706//1223 670//1223 675//1223
f 706//1224 666//1224 668//1224
f 706//1225 668//1225 670//1225
f 706//1226 676//1226 666//1226
f 707//1227 706//1227 675//1227
f 708//1228 677//1228 676//1228
f 708//1229 676//1229 706//1229
f 708//1230 706//1230 707//1230
f 709//1231 677//1231 708//1231
f 710//1232 681//1232 677//1232
f 710//1233 682//1233 681//1233
f 710//1234 692//1234 682//1234
f 710//1235 677//1235 709//1235
f 711//1236 686//1236 683//1236
f 711//1237 683//1237 687//1237
f 711//1238 687//1238 693//1238
f 712//1239 711//1239 693//1239
f 712//1240 688//1240 686//1240
f 712//1241 693//1241 695//1241
f 712//1242 686//1242 711//1242
f 712//1243 695//1243 688//1243
f 713//1244 692//1244 710//1244
f 713//1245 700//1245 701//1245
f 713//1246 691//1246 692//1246
f 713//1247 694//1247 691//1247
f 713//1248 701//1248 694//1248
f 714//1249 94//1249 700//1249
f 714//1250 704//1250 94//1250
f 714//1251 671//1251 672//1251
f 714//1252 675//1252 671//1252
f 714//1253 715//1253 675//1253
f 714//1254 700//1254 713//1254
f 714//1255 672//1255 704//1255
f 716//1256 707//1256 675//1256
f 716//1257 675//1257 715//1257
f 716//1258 715//1258 714//1258
f 716//1259 708//1259 707//1259
f 717//1260 709//1260 708//1260
f 717//1261 716//1261 714//1261
f 717//1262 714//1262 713//1262
f 717//1263 708//1263 716//1263
f 717//1264 713//1264 710//1264
f 717//1265 710//1265 709//1265
f 718//2 719//2 720//2
f 721//2 720//2 722//2
f 721//2 722//2 723//2
f 721//2 723//2 724//2
f 721//2 718//2 720//2
f 725//2 724//2 726//2
f 725//2 726//2 727//2
f 725//2 727//2 728//2
f 725//2 728//2 729//2
f 730//2 725//2 731//2
f 730//2 724//2 725//2
f 732//2 733//2 734//2
f 732//2 734//2 735//2
f 732//2 735//2 736//2
f 732//2 736//2 721//2
f 732//2 730//2 737//2
f 732//2 721//2 724//2
f 732//2 724//2 730//2
f 738//2 737//2 739//2
f 738//2 732//2 737//2
f 740//2 741//2 742//2
f 740//2 742//2 743//2
f 744//2 740//2 745//2
f 746//2 741//2 740//2
f 746//2 740//2 744//2
f 747//2 184//2 327//2
f 747//2 132//2 184//2
f 748//2 327//2 749//2
f 748//2 749//2 732//2
f 748//2 738//2 741//2
f 748//2 747//2 327//2
f 748//2 732//2 738//2
f 750//2 751//2 752//2
f 753//2 750//2 754//2
f 755//2 750//2 753//2
f 755//2 746//2 751//2
f 755//2 751//2 750//2
f 756//2 757//2 758//2
f 756//2 758//2 759//2
f 756//2 759//2 748//2
f 760//2 761//2 762//2
f 763//2 761//2 760//2
f 763//2 755//2 761//2
f 763//2 741//2 746//2
f 763//2 746//2 755//2
f 763//2 748//2 741//2
f 764//2 765//2 756//2
f 764//2 748//2 763//2
f 764//2 763//2 766//2
f 764//2 756//2 748//2
f 767//2 768//2 769//2
f 770//2 765//2 764//2
f 771//2 770//2 772//2
f 773//2 774//2 775//2
f 773//2 775//2 767//2
f 776//2 767//2 769//2
f 776//2 773//2 767//2
f 777//2 770//2 771//2
f 777//2 771//2 778//2
f 779//2 780//2 781//2
f 779//2 781//2 782//2
f 779//2 782//2 776//2
f 783//2 784//2 785//2
f 783//2 785//2 786//2
f 787//2 788//2 789//2
f 787//2 789//2 779//2
f 790//2 777//2 784//2
f 790//2 783//2 791//2
f 790//2 791//2 792//2
f 790//2 784//2 783//2
f 793//2 794//2 787//2
f 795//2 793//2 787//2
f 796//2 795//2 787//2
f 796//2 797//2 798//2
f 796//2 798//2 795//2
f 799//2 787//2 779//2
f 799//2 779//2 776//2
f 799//2 796//2 787//2
f 800//2 799//2 776//2
f 801//2 769//2 802//2
f 801//2 802//2 803//2
f 801//2 803//2 765//2
f 801//2 765//2 770//2
f 801//2 777//2 790//2
f 801//2 790//2 456//2
f 801//2 770//2 777//2
f 804//2 805//2 800//2
f 806//2 801//2 807//2
f 808//2 801//2 806//2
f 809//2 801//2 808//2
f 809//2 769//2 801//2
f 810//2 804//2 800//2
f 810//2 811//2 812//2
f 810//2 812//2 813//2
f 810//2 813//2 804//2
f 814//2 810//2 800//2
f 815//2 809//2 816//2
f 817//2 814//2 800//2
f 818//2 809//2 815//2
f 819//2 809//2 818//2
f 820//2 817//2 800//2
f 820//2 821//2 817//2
f 700//2 801//2 456//2
f 700//2 456//2 508//2
f 822//2 820//2 800//2
f 822//2 776//2 769//2
f 822//2 800//2 776//2
f 823//2 769//2 809//2
f 823//2 809//2 819//2
f 823//2 819//2 824//2
f 823//2 824//2 825//2
f 826//2 822//2 769//2
f 826//2 769//2 823//2
f 826//2 827//2 822//2
f 68//4 67//4 828//4
f 828//4 67//4 829//4
f 829//4 67//4 830//4
f 830//4 67//4 831//4
f 831//4 67//4 832//4
f 832//4 67//4 833//4
f 833//4 67//4 834//4
f 834//4 67//4 835//4
f 835//4 67//4 836//4
f 836//4 67//4 837//4
f 837//4 67//4 838//4
f 838//4 67//4 839//4
f 839//4 67//4 840//4
f 840//4 67//4 841//4
f 841//4 67//4 842//4
f 842//4 67//4 843//4
f 843//4 67//4 844//4
f 844//4 67//4 845//4
f 845//4 67//4 846//4
f 846//4 67//4 847//4
f 847//4 67//4 848//4
f 848//4 67//4 849//4
f 849//4 67//4 850//4
f 850//4 67//4 851//4
f 851//4 67//4 852//4
f 852//4 67//4 853//4
f 853//4 67//4 854//4
f 855//4 52//4 856//4
f 856//4 52//4 857//4
f 857//4 52//4 858//4
f 858//4 52//4 859//4
f 859//4 52//4 860//4
f 860//4 52//4 861//4
f 861//4 52//4 51//4
f 855//4 862//4 52//4
f 862//4 863//4 52//4
f 863//4 864//4 52//4
f 864//4 865//4 52//4
f 865//4 866//4 52//4
f 866//4 867//4 52//4
f 867//4 868//4 52//4
f 868//4 869//4 52//4
f 854//4 66//4 870//4
f 870//4 66//4 871//4
f 871//4 66//4 872//4
f 872//4 66//4 873//4
f 873//4 66//4 874//4
f 874//4 66//4 875//4
f 875//4 66//4 876//4
f 876//4 66//4 877//4
f 877//4 66//4 878//4
f 878//4 66//4 879//4
f 879//4 66//4 880//4
f 880//4 66//4 881//4
f 881//4 66//4 882//4
f 882//4 66//4 883//4
f 883//4 66//4 884//4
f 884//4 66//4 885//4
f 885//4 66//4 886//4
f 886//4 66//4 887//4
f 887//4 66//4 888//4
f 888//4 66//4 889//4
f 67//4 66//4 854//4
f 869//4 890//4 52//4
f 66//4 891//4 889//4
f 890//4 892//4 52//4
f 66//4 893//4 891//4
f 892//4 894//4 52//4
f 66//4 895//4 893//4
f 894//4 896//4 52//4
f 66//4 897//4 895//4
f 896//4 898//4 52//4
f 66//4 899//4 897//4
f 898//4 900//4 52//4
f 66//4 901//4 899//4
f 52//4 50//4 67//4
f 67//4 50//4 66//4
f 900//4 902//4 52//4
f 66//4 903//4 901//4
f 902//4 904//4 52//4
f 66//4 61//4 903//4
f 904//4 905//4 52//4
f 905//4 906//4 52//4
f 906//4 907//4 52//4
f 907//4 908//4 52//4
f 52//4 909//4 50//4
f 908//4 909//4 52//4
f 909//4 910//4 50//4
f 910//4 911//4 50//4
f 911//4 912//4 50//4
f 912//4 913//4 50//4
f 50//4 914//4 46//4
f 913//4 915//4 50//4
f 50//4 916//4 914//4
f 915//4 917//4 50//4
f 50//4 918//4 916//4
f 917//4 919//4 50//4
f 50//4 920//4 918//4
f 919//4 921//4 50//4
f 50//4 922//4 920//4
f 921//4 923//4 50//4
f 50//4 924//4 922//4
f 923//4 925//4 50//4
f 50//4 926//4 924//4
f 925//4 927//4 50//4
f 50//4 928//4 926//4
f 927//4 929//4 50//4
f 50//4 930//4 928//4
f 929//4 931//4 50//4
f 50//4 932//4 930//4
f 931//4 933//4 50//4
f 50//4 934//4 932//4
f 933//4 935//4 50//4
f 50//4 935//4 934//4
f 936//1266 937//1266 938//1266
f 939//1267 940//1267 941//1267
f 942//1268 943//1268 894//1268
f 942//1269 894//1269 892//1269
f 942//1270 892//1270 890//1270
f 944//1271 821//1271 945//1271
f 944//1272 945//1272 946//1272
f 944//1273 817//1273 821//1273
f 944//1274 814//1274 817//1274
f 944//1272 946//1272 947//1272
f 948//1275 949//1275 950//1275
f 948//1275 950//1275 951//1275
f 948//1276 951//1276 952//1276
f 953//1277 954//1277 955//1277
f 953//1277 956//1277 954//1277
f 957//1278 958//1278 959//1278
f 957//1278 936//1278 958//1278
f 960//1279 941//1279 961//1279
f 960//1280 961//1280 943//1280
f 960//1279 939//1279 941//1279
f 962//1281 942//1281 890//1281
f 962//1282 890//1282 869//1282
f 963//1283 810//1283 814//1283
f 963//1284 944//1284 947//1284
f 963//1285 814//1285 944//1285
f 963//1284 947//1284 964//1284
f 965//1276 948//1276 952//1276
f 966//1286 955//1286 937//1286
f 966//1266 937//1266 936//1266
f 966//1286 953//1286 955//1286
f 967//1287 957//1287 959//1287
f 967//1287 959//1287 940//1287
f 967//1267 940//1267 939//1267
f 968//1280 960//1280 943//1280
f 969//1288 962//1288 869//1288
f 969//1289 869//1289 868//1289
f 969//1290 868//1290 867//1290
f 970//1291 811//1291 810//1291
f 970//1292 812//1292 811//1292
f 970//1293 963//1293 964//1293
f 970//1294 810//1294 963//1294
f 970//1293 964//1293 949//1293
f 970//1275 949//1275 948//1275
f 971//1295 952//1295 956//1295
f 971//1295 965//1295 952//1295
f 972//1266 966//1266 936//1266
f 973//1267 967//1267 939//1267
f 974//1296 968//1296 943//1296
f 974//1296 943//1296 942//1296
f 975//1297 866//1297 865//1297
f 975//1298 969//1298 867//1298
f 975//1299 867//1299 866//1299
f 976//1300 813//1300 812//1300
f 976//1301 812//1301 970//1301
f 976//1275 970//1275 948//1275
f 977//1277 956//1277 953//1277
f 977//1286 953//1286 966//1286
f 977//1277 971//1277 956//1277
f 978//1278 936//1278 957//1278
f 978//1278 972//1278 936//1278
f 979//1279 973//1279 939//1279
f 979//1279 939//1279 960//1279
f 980//1302 962//1302 969//1302
f 980//1303 942//1303 962//1303
f 980//1303 974//1303 942//1303
f 981//1304 865//1304 864//1304
f 981//1305 975//1305 865//1305
f 982//1306 804//1306 813//1306
f 982//1307 805//1307 804//1307
f 982//1276 948//1276 965//1276
f 982//1308 813//1308 976//1308
f 982//1276 976//1276 948//1276
f 983//1286 977//1286 966//1286
f 984//1267 967//1267 973//1267
f 984//1287 978//1287 957//1287
f 984//1287 957//1287 967//1287
f 985//1280 979//1280 960//1280
f 985//1280 960//1280 968//1280
f 986//1302 980//1302 969//1302
f 987//1309 864//1309 863//1309
f 987//1310 863//1310 862//1310
f 987//1311 981//1311 864//1311
f 988//1295 982//1295 965//1295
f 988//1312 800//1312 805//1312
f 988//1313 805//1313 982//1313
f 988//1295 965//1295 971//1295
f 989//1266 983//1266 966//1266
f 989//1266 966//1266 972//1266
f 990//1267 984//1267 973//1267
f 991//1296 968//1296 974//1296
f 991//1296 985//1296 968//1296
f 992//1314 975//1314 981//1314
f 992//1315 986//1315 969//1315
f 992//1315 969//1315 975//1315
f 993//1316 862//1316 855//1316
f 993//1317 987//1317 862//1317
f 994//1318 800//1318 988//1318
f 994//1277 988//1277 971//1277
f 994//1319 799//1319 800//1319
f 994//1320 796//1320 799//1320
f 994//1286 977//1286 983//1286
f 994//1277 971//1277 977//1277
f 995//1278 989//1278 972//1278
f 995//1278 972//1278 978//1278
f 996//1280 979//1280 985//1280
f 996//1279 990//1279 973//1279
f 996//1279 973//1279 979//1279
f 997//1302 980//1302 986//1302
f 997//1303 991//1303 974//1303
f 997//1303 974//1303 980//1303
f 998//1314 992//1314 981//1314
f 999//1321 855//1321 856//1321
f 999//1322 856//1322 857//1322
f 999//1323 993//1323 855//1323
f 1000//1324 797//1324 796//1324
f 1000//1286 994//1286 983//1286
f 1000//1325 796//1325 994//1325
f 1001//1267 984//1267 990//1267
f 1001//1287 995//1287 978//1287
f 1001//1287 978//1287 984//1287
f 1002//1280 996//1280 985//1280
f 1003//1302 997//1302 986//1302
f 1004//1326 981//1326 987//1326
f 1004//1326 998//1326 981//1326
f 1004//1327 987//1327 993//1327
f 1005//1328 857//1328 858//1328
f 1005//1329 999//1329 857//1329
f 1006//1278 989//1278 995//1278
f 1006//1330 798//1330 797//1330
f 1006//1331 795//1331 798//1331
f 1006//1266 1000//1266 983//1266
f 1006//1332 797//1332 1000//1332
f 1006//1266 983//1266 989//1266
f 1007//1267 1001//1267 990//1267
f 1008//1296 1002//1296 985//1296
f 1008//1296 985//1296 991//1296
f 1008//1303 991//1303 997//1303
f 1009//1315 986//1315 992//1315
f 1009//1314 992//1314 998//1314
f 1009//1315 1003//1315 986//1315
f 1010//1333 993//1333 999//1333
f 1010//1327 1004//1327 993//1327
f 1011//1334 858//1334 859//1334
f 1011//1335 859//1335 860//1335
f 1011//1336 1005//1336 858//1336
f 1012//1337 793//1337 795//1337
f 1012//1338 795//1338 1006//1338
f 1012//1278 1006//1278 995//1278
f 1013//1279 1007//1279 990//1279
f 1013//1279 990//1279 996//1279
f 1014//1303 1008//1303 997//1303
f 1015//1314 1009//1314 998//1314
f 1016//1333 1010//1333 999//1333
f 1017//1339 860//1339 861//1339
f 1017//1340 861//1340 51//1340
f 1017//1341 1011//1341 860//1341
f 1018//1342 794//1342 793//1342
f 1018//1343 787//1343 794//1343
f 1018//1344 793//1344 1012//1344
f 1018//1267 1001//1267 1007//1267
f 1018//1287 995//1287 1001//1287
f 1018//1287 1012//1287 995//1287
f 1019//1280 996//1280 1002//1280
f 1019//1280 1013//1280 996//1280
f 1019//1296 1002//1296 1008//1296
f 1020//1302 997//1302 1003//1302
f 1020//1315 1003//1315 1009//1315
f 1020//1302 1014//1302 997//1302
f 1021//1326 1015//1326 998//1326
f 1021//1326 998//1326 1004//1326
f 1022//1345 1016//1345 999//1345
f 1022//1345 999//1345 1005//1345
f 1023//1267 1018//1267 1007//1267
f 1023//1346 788//1346 787//1346
f 1023//1279 1007//1279 1013//1279
f 1023//1347 787//1347 1018//1347
f 1024//1296 1019//1296 1008//1296
f 1024//1303 1008//1303 1014//1303
f 1025//1315 1020//1315 1009//1315
f 1025//1314 1009//1314 1015//1314
f 1026//1327 1021//1327 1004//1327
f 1026//1327 1004//1327 1010//1327
f 1027//1348 1022//1348 1005//1348
f 1027//1348 1005//1348 1011//1348
f 1028//1279 1023//1279 1013//1279
f 1028//1349 789//1349 788//1349
f 1028//1350 779//1350 789//1350
f 1028//1351 788//1351 1023//1351
f 1029//1303 1024//1303 1014//1303
f 1030//1314 1025//1314 1015//1314
f 1031//1333 1026//1333 1010//1333
f 1031//1333 1010//1333 1016//1333
f 1031//1345 1016//1345 1022//1345
f 1032//1352 1011//1352 1017//1352
f 1032//1353 1017//1353 51//1353
f 1032//1352 1027//1352 1011//1352
f 1033//1296 1019//1296 1024//1296
f 1033//1280 1028//1280 1013//1280
f 1033//1354 780//1354 779//1354
f 1033//1355 779//1355 1028//1355
f 1033//1280 1013//1280 1019//1280
f 1034//1302 1029//1302 1014//1302
f 1034//1302 1014//1302 1020//1302
f 1034//1315 1020//1315 1025//1315
f 1035//1326 1015//1326 1021//1326
f 1035//1327 1021//1327 1026//1327
f 1035//1326 1030//1326 1015//1326
f 1036//1345 1031//1345 1022//1345
f 1037//1356 780//1356 1033//1356
f 1037//1296 1033//1296 1024//1296
f 1037//1357 781//1357 780//1357
f 1037//1358 782//1358 781//1358
f 1038//1315 1034//1315 1025//1315
f 1039//1333 1026//1333 1031//1333
f 1039//1327 1035//1327 1026//1327
f 1040//1348 1036//1348 1022//1348
f 1040//1348 1022//1348 1027//1348
f 1040//1352 1027//1352 1032//1352
f 1041//1303 1024//1303 1029//1303
f 1041//1359 776//1359 782//1359
f 1041//1360 782//1360 1037//1360
f 1041//1303 1037//1303 1024//1303
f 1041//1302 1029//1302 1034//1302
f 1042//1326 1030//1326 1035//1326
f 1042//1314 1038//1314 1025//1314
f 1042//1314 1025//1314 1030//1314
f 1043//1333 1039//1333 1031//1333
f 1044//1353 51//1353 747//1353
f 1044//1352 1040//1352 1032//1352
f 1044//1353 1032//1353 51//1353
f 1045//1361 773//1361 776//1361
f 1045//1362 774//1362 773//1362
f 1045//1363 776//1363 1041//1363
f 1045//1302 1041//1302 1034//1302
f 1046//1326 1042//1326 1035//1326
f 1047//1345 1031//1345 1036//1345
f 1047//1348 1036//1348 1040//1348
f 1047//1345 1043//1345 1031//1345
f 1048//1364 775//1364 774//1364
f 1048//1314 1038//1314 1042//1314
f 1048//1365 767//1365 775//1365
f 1048//1366 774//1366 1045//1366
f 1048//1315 1034//1315 1038//1315
f 1048//1315 1045//1315 1034//1315
f 1049//1327 1035//1327 1039//1327
f 1049//1333 1039//1333 1043//1333
f 1049//1327 1046//1327 1035//1327
f 1050//1348 1047//1348 1040//1348
f 1051//1367 768//1367 767//1367
f 1051//1314 1048//1314 1042//1314
f 1051//1368 767//1368 1048//1368
f 1052//1333 1049//1333 1043//1333
f 1053//1353 1044//1353 747//1353
f 1053//1352 1050//1352 1040//1352
f 1053//1352 1040//1352 1044//1352
f 1054//1326 1051//1326 1042//1326
f 1054//1369 769//1369 768//1369
f 1054//1370 802//1370 769//1370
f 1054//1326 1042//1326 1046//1326
f 1054//1327 1046//1327 1049//1327
f 1054//1371 768//1371 1051//1371
f 1055//1345 1052//1345 1043//1345
f 1055//1348 1047//1348 1050//1348
f 1055//1345 1043//1345 1047//1345
f 1056//1327 1054//1327 1049//1327
f 1056//1372 803//1372 802//1372
f 1056//1373 802//1373 1054//1373
f 1057//1348 1055//1348 1050//1348
f 1057//1352 1050//1352 1053//1352
f 1058//1333 1056//1333 1049//1333
f 1058//1374 765//1374 803//1374
f 1058//1375 756//1375 765//1375
f 1058//1376 803//1376 1056//1376
f 1058//1333 1049//1333 1052//1333
f 1059//1352 1057//1352 1053//1352
f 1059//1353 1053//1353 747//1353
f 1060//1345 1052//1345 1055//1345
f 1060//1345 1058//1345 1052//1345
f 1060//1377 756//1377 1058//1377
f 1060//1378 757//1378 756//1378
f 1060//1348 1055//1348 1057//1348
f 1061//1379 757//1379 1060//1379
f 1061//1348 1060//1348 1057//1348
f 1061//1380 758//1380 757//1380
f 1061//1381 759//1381 758//1381
f 1062//1352 1057//1352 1059//1352
f 1062//1353 1059//1353 747//1353
f 1062//1352 1061//1352 1057//1352
f 1062//1382 759//1382 1061//1382
f 1062//1383 748//1383 759//1383
f 1062//1384 747//1384 748//1384
f 1063//1385 46//1385 914//1385
f 1063//1386 914//1386 916//1386
f 1064//1387 1063//1387 916//1387
f 1064//1388 916//1388 918//1388
f 1064//1389 918//1389 920//1389
f 1065//1390 1064//1390 920//1390
f 1065//1391 920//1391 922//1391
f 1066//1392 46//1392 1063//1392
f 1067//1393 1065//1393 922//1393
f 1067//1394 922//1394 924//1394
f 1067//1395 924//1395 926//1395
f 1068//1396 1066//1396 1063//1396
f 1068//1396 1063//1396 1064//1396
f 1069//1397 926//1397 928//1397
f 1069//1398 1067//1398 926//1398
f 1070//1399 1068//1399 1064//1399
f 1070//1399 1064//1399 1065//1399
f 1070//1400 1065//1400 1067//1400
f 1071//1401 1069//1401 928//1401
f 1071//1402 928//1402 930//1402
f 1071//1403 930//1403 932//1403
f 1072//1396 1066//1396 1068//1396
f 1072//1392 46//1392 1066//1392
f 1073//1400 1070//1400 1067//1400
f 1074//1404 932//1404 934//1404
f 1074//1405 1071//1405 932//1405
f 1075//1396 1072//1396 1068//1396
f 1076//1406 1067//1406 1069//1406
f 1076//1406 1073//1406 1067//1406
f 1076//1407 1069//1407 1071//1407
f 1077//1408 1074//1408 934//1408
f 1077//1409 934//1409 935//1409
f 1077//1410 935//1410 933//1410
f 1078//1399 1068//1399 1070//1399
f 1078//1399 1075//1399 1068//1399
f 1079//1407 1076//1407 1071//1407
f 1080//1411 1077//1411 933//1411
f 1080//1412 933//1412 931//1412
f 1080//1413 931//1413 929//1413
f 1081//1392 46//1392 1072//1392
f 1081//1392 801//1392 46//1392
f 1082//1406 1073//1406 1076//1406
f 1082//1400 1078//1400 1070//1400
f 1082//1400 1070//1400 1073//1400
f 1083//1414 1074//1414 1077//1414
f 1083//1415 1079//1415 1071//1415
f 1083//1415 1071//1415 1074//1415
f 1084//1416 929//1416 927//1416
f 1084//1417 1080//1417 929//1417
f 1085//1396 1081//1396 1072//1396
f 1085//1396 1072//1396 1075//1396
f 1086//1406 1082//1406 1076//1406
f 1087//1414 1083//1414 1077//1414
f 1088//1418 1084//1418 927//1418
f 1088//1419 927//1419 925//1419
f 1088//1420 925//1420 923//1420
f 1089//1399 1075//1399 1078//1399
f 1089//1399 1085//1399 1075//1399
f 1090//1407 1076//1407 1079//1407
f 1090//1407 1086//1407 1076//1407
f 1091//1421 1087//1421 1077//1421
f 1091//1421 1077//1421 1080//1421
f 1092//1422 1088//1422 923//1422
f 1092//1423 923//1423 921//1423
f 1093//1392 801//1392 1081//1392
f 1094//1400 1078//1400 1082//1400
f 1094//1400 1089//1400 1078//1400
f 1094//1406 1082//1406 1086//1406
f 1095//1415 1079//1415 1083//1415
f 1095//1415 1090//1415 1079//1415
f 1096//1272 1084//1272 1088//1272
f 1096//1424 1080//1424 1084//1424
f 1096//1424 1091//1424 1080//1424
f 1097//1425 1092//1425 921//1425
f 1097//1426 921//1426 919//1426
f 1097//1427 919//1427 917//1427
f 1098//1396 1093//1396 1081//1396
f 1098//1396 1081//1396 1085//1396
f 1099//1407 1086//1407 1090//1407
f 1099//1406 1094//1406 1086//1406
f 1100//1414 1083//1414 1087//1414
f 1100//1414 1095//1414 1083//1414
f 1100//1421 1087//1421 1091//1421
f 1101//1272 1096//1272 1088//1272
f 1102//1428 1097//1428 917//1428
f 1102//1429 917//1429 915//1429
f 1103//1400 1089//1400 1094//1400
f 1103//1399 1085//1399 1089//1399
f 1103//1399 1098//1399 1085//1399
f 1104//1407 1099//1407 1090//1407
f 1105//1424 1091//1424 1096//1424
f 1105//1421 1100//1421 1091//1421
f 1106//1284 1101//1284 1088//1284
f 1106//1284 1088//1284 1092//1284
f 1107//1430 1102//1430 915//1430
f 1107//1431 915//1431 913//1431
f 1107//1432 913//1432 912//1432
f 1108//1433 807//1433 801//1433
f 1108//1434 806//1434 807//1434
f 1108//1392 801//1392 1093//1392
f 1109//1400 1103//1400 1094//1400
f 1110//1414 1095//1414 1100//1414
f 1110//1415 1104//1415 1090//1415
f 1110//1415 1090//1415 1095//1415
f 1111//1424 1105//1424 1096//1424
f 1112//1293 1092//1293 1097//1293
f 1112//1293 1106//1293 1092//1293
f 1112//1275 1097//1275 1102//1275
f 1113//1435 1107//1435 912//1435
f 1113//1436 912//1436 911//1436
f 1114//1437 808//1437 806//1437
f 1114//1438 809//1438 808//1438
f 1114//1439 806//1439 1108//1439
f 1114//1396 1108//1396 1093//1396
f 1114//1396 1093//1396 1098//1396
f 1115//1406 1109//1406 1094//1406
f 1115//1406 1094//1406 1099//1406
f 1116//1414 1110//1414 1100//1414
f 1117//1272 1096//1272 1101//1272
f 1117//1272 1111//1272 1096//1272
f 1118//1275 1112//1275 1102//1275
f 1119//1440 1113//1440 911//1440
f 1119//1441 911//1441 910//1441
f 1119//1442 910//1442 909//1442
f 1120//1443 816//1443 809//1443
f 1120//1399 1098//1399 1103//1399
f 1120//1444 809//1444 1114//1444
f 1120//1399 1114//1399 1098//1399
f 1121//1407 1099//1407 1104//1407
f 1121//1415 1104//1415 1110//1415
f 1121//1407 1115//1407 1099//1407
f 1122//1421 1100//1421 1105//1421
f 1122//1424 1105//1424 1111//1424
f 1122//1421 1116//1421 1100//1421
f 1123//1284 1101//1284 1106//1284
f 1123//1284 1117//1284 1101//1284
f 1124//1276 1102//1276 1107//1276
f 1124//1295 1107//1295 1113//1295
f 1124//1276 1118//1276 1102//1276
f 1125//1445 909//1445 908//1445
f 1125//1446 1119//1446 909//1446
f 1126//1447 815//1447 816//1447
f 1126//1448 818//1448 815//1448
f 1126//1449 816//1449 1120//1449
f 1126//1400 1103//1400 1109//1400
f 1126//1406 1109//1406 1115//1406
f 1126//1400 1120//1400 1103//1400
f 1127//1415 1121//1415 1110//1415
f 1128//1424 1122//1424 1111//1424
f 1129//1293 1106//1293 1112//1293
f 1129//1293 1123//1293 1106//1293
f 1130//1295 1124//1295 1113//1295
f 1131//1450 1125//1450 908//1450
f 1131//1451 908//1451 907//1451
f 1131//1452 907//1452 906//1452
f 1132//1453 819//1453 818//1453
f 1132//1406 1126//1406 1115//1406
f 1132//1454 818//1454 1126//1454
f 1132//1407 1115//1407 1121//1407
f 1133//1414 1127//1414 1110//1414
f 1133//1414 1110//1414 1116//1414
f 1134//1272 1128//1272 1111//1272
f 1134//1272 1111//1272 1117//1272
f 1135//1275 1129//1275 1112//1275
f 1135//1275 1112//1275 1118//1275
f 1136//1277 1130//1277 1113//1277
f 1136//1277 1113//1277 1119//1277
f 1136//1286 1119//1286 1125//1286
f 1137//1455 906//1455 905//1455
f 1137//1456 1131//1456 906//1456
f 1138//1457 824//1457 819//1457
f 1138//1458 825//1458 824//1458
f 1138//1459 819//1459 1132//1459
f 1138//1407 1132//1407 1121//1407
f 1139//1421 1133//1421 1116//1421
f 1139//1421 1116//1421 1122//1421
f 1140//1284 1134//1284 1117//1284
f 1140//1284 1117//1284 1123//1284
f 1141//1276 1118//1276 1124//1276
f 1141//1276 1135//1276 1118//1276
f 938//1286 1136//1286 1125//1286
f 1142//1460 1137//1460 905//1460
f 1142//1461 905//1461 904//1461
f 1142//1462 904//1462 902//1462
f 1143//1415 1121//1415 1127//1415
f 1143//1463 823//1463 825//1463
f 1143//1464 825//1464 1138//1464
f 1143//1415 1138//1415 1121//1415
f 946//1424 1122//1424 1128//1424
f 946//1424 1139//1424 1122//1424
f 946//1272 1128//1272 1134//1272
f 950//1293 1123//1293 1129//1293
f 950//1293 1140//1293 1123//1293
f 954//1295 1124//1295 1130//1295
f 954//1295 1141//1295 1124//1295
f 958//1266 938//1266 1125//1266
f 958//1278 1131//1278 1137//1278
f 958//1266 1125//1266 1131//1266
f 941//1465 902//1465 900//1465
f 941//1466 1142//1466 902//1466
f 1144//1421 1133//1421 1139//1421
f 1144//1467 826//1467 823//1467
f 1144//1468 827//1468 826//1468
f 1144//1469 823//1469 1143//1469
f 1144//1414 1127//1414 1133//1414
f 1144//1414 1143//1414 1127//1414
f 947//1272 946//1272 1134//1272
f 951//1275 950//1275 1129//1275
f 951//1275 1129//1275 1135//1275
f 955//1286 1136//1286 938//1286
f 955//1277 1130//1277 1136//1277
f 955//1277 954//1277 1130//1277
f 959//1278 958//1278 1137//1278
f 961//1470 941//1470 900//1470
f 961//1471 900//1471 898//1471
f 961//1472 898//1472 896//1472
f 1145//1473 822//1473 827//1473
f 1145//1474 820//1474 822//1474
f 1145//1421 1144//1421 1139//1421
f 1145//1475 827//1475 1144//1475
f 1145//1424 1139//1424 946//1424
f 964//1284 1134//1284 1140//1284
f 964//1284 947//1284 1134//1284
f 952//1276 1135//1276 1141//1276
f 952//1295 1141//1295 954//1295
f 952//1276 951//1276 1135//1276
f 937//1286 955//1286 938//1286
f 940//1287 1137//1287 1142//1287
f 940//1267 1142//1267 941//1267
f 940//1287 959//1287 1137//1287
f 943//1476 961//1476 896//1476
f 943//1477 896//1477 894//1477
f 945//1478 821//1478 820//1478
f 945//1479 820//1479 1145//1479
f 945//1424 1145//1424 946//1424
f 949//1293 1140//1293 950//1293
f 949//1293 964//1293 1140//1293
f 956//1295 952//1295 954//1295
f 936//1266 938//1266 958//1266
f 1146//1480 1147//1480 1148//1480
f 1149//1481 1148//1481 1147//1481
f 1150//1482 1149//1482 1147//1482
f 1151//1483 1147//1483 1146//1483
f 1151//1484 1146//1484 1152//1484
f 1153//1485 1147//1485 1151//1485
f 1154//1486 1147//1486 1153//1486
f 1155//1487 1150//1487 1147//1487
f 1155//1488 1147//1488 1154//1488
f 1155//1489 1156//1489 1150//1489
f 1157//1490 1156//1490 1155//1490
f 1158//1491 1150//1491 1156//1491
f 1158//1492 1156//1492 1157//1492
f 1159//1493 1158//1493 1157//1493
f 1160//1494 1161//1494 1158//1494
f 1160//1495 1158//1495 1159//1495
f 1162//1496 48//1496 45//1496
f 1163//1497 1152//1497 1146//1497
f 1163//1498 1146//1498 1148//1498
f 1164//1499 1165//1499 1163//1499
f 1164//1500 1148//1500 1166//1500
f 1164//1501 1163//1501 1148//1501
f 1167//1502 48//1502 1162//1502
f 1168//1503 49//1503 48//1503
f 1168//1504 48//1504 1167//1504
f 1169//1505 49//1505 1168//1505
f 1170//1506 1152//1506 1163//1506
f 1170//1507 1171//1507 1172//1507
f 1170//1508 1172//1508 1152//1508
f 1173//1509 49//1509 1169//1509
f 1173//1510 1174//1510 49//1510
f 1175//1511 1170//1511 1176//1511
f 1175//1512 1176//1512 1174//1512
f 1175//1513 1171//1513 1170//1513
f 1175//1514 1174//1514 1173//1514
f 1177//1515 1166//1515 1148//1515
f 1178//1516 1172//1516 1171//1516
f 1179//1517 1172//1517 1178//1517
f 1180//1518 1153//1518 1151//1518
f 1180//1519 1154//1519 1153//1519
f 1180//1520 1155//1520 1154//1520
f 1181//1521 1182//1521 1183//1521
f 1181//1522 1161//1522 1160//1522
f 1184//1523 1182//1523 1181//1523
f 1185//1524 1182//1524 1184//1524
f 1186//1525 1182//1525 1185//1525
f 1187//1526 1188//1526 1189//1526
f 1190//1527 1191//1527 1192//1527
f 1193//1528 1191//1528 1190//1528
f 1193//1529 1190//1529 1194//1529
f 1195//1530 1193//1530 1194//1530
f 1196//1531 1192//1531 1191//1531
f 1196//1532 1197//1532 1198//1532
f 1196//1533 1199//1533 1197//1533
f 1196//1534 1198//1534 1192//1534
f 1200//1535 700//1535 1192//1535
f 1201//1536 1165//1536 1202//1536
f 1203//1537 1201//1537 1204//1537
f 1203//1538 1204//1538 96//1538
f 1203//1539 1165//1539 1201//1539
f 1205//1540 96//1540 95//1540
f 1205//1541 1165//1541 1203//1541
f 1205//1542 1163//1542 1165//1542
f 1205//1543 1203//1543 96//1543
f 1206//1544 45//1544 47//1544
f 1207//1545 1162//1545 45//1545
f 1207//1546 45//1546 1206//1546
f 1208//1547 1201//1547 1202//1547
f 1208//1548 1202//1548 1165//1548
f 1209//1549 1162//1549 1207//1549
f 1209//1550 1207//1550 1206//1550
f 1210//1551 1205//1551 95//1551
f 1210//1552 1163//1552 1205//1552
f 1210//1553 1170//1553 1163//1553
f 1211//1554 95//1554 49//1554
f 1211//1555 1176//1555 1170//1555
f 1211//1556 1210//1556 95//1556
f 1211//1557 1170//1557 1210//1557
f 1211//1558 1174//1558 1176//1558
f 1211//1559 49//1559 1174//1559
f 1212//1560 1168//1560 1167//1560
f 1213//1561 1175//1561 1173//1561
f 1213//1562 1173//1562 1214//1562
f 1215//1563 1175//1563 1213//1563
f 1215//1564 1171//1564 1175//1564
f 1216//1565 1151//1565 1152//1565
f 1216//1566 1180//1566 1151//1566
f 1217//1567 1155//1567 1180//1567
f 1218//1568 1181//1568 1183//1568
f 1219//1569 1160//1569 1159//1569
f 1220//1570 1160//1570 1219//1570
f 1221//1571 1189//1571 1222//1571
f 1221//1572 1187//1572 1189//1572
f 1223//1573 1181//1573 1160//1573
f 1223//1574 1160//1574 1220//1574
f 1224//1575 1184//1575 1181//1575
f 1224//1576 1181//1576 1223//1576
f 1225//1577 1185//1577 1184//1577
f 1225//1578 1186//1578 1185//1578
f 1225//1579 1184//1579 1224//1579
f 1225//1580 1187//1580 1186//1580
f 1225//1581 1226//1581 1187//1581
f 1227//1582 1228//1582 1222//1582
f 1227//1583 1229//1583 1230//1583
f 1227//1584 1189//1584 1188//1584
f 1227//1585 1222//1585 1189//1585
f 1227//1586 1230//1586 1228//1586
f 1231//1587 1195//1587 1194//1587
f 1232//1588 1195//1588 1231//1588
f 1233//1589 1196//1589 1191//1589
f 1233//1590 1191//1590 1193//1590
f 1233//1591 1193//1591 1195//1591
f 1234//1592 1196//1592 1233//1592
f 1235//1593 1199//1593 1196//1593
f 1235//1594 1196//1594 1234//1594
f 1236//1595 1237//1595 1200//1595
f 1236//1596 1200//1596 1192//1596
f 1236//1597 1238//1597 1237//1597
f 1239//1598 1199//1598 1235//1598
f 1239//1599 1240//1599 1199//1599
f 1241//1600 1200//1600 1237//1600
f 1241//1601 700//1601 1200//1601
f 1242//1602 94//1602 96//1602
f 1242//1603 1204//1603 1243//1603
f 1242//1604 96//1604 1204//1604
f 1244//1605 1242//1605 1243//1605
f 1245//1606 47//1606 46//1606
f 1246//1607 1206//1607 47//1607
f 1246//1608 47//1608 1245//1608
f 1247//1609 1167//1609 1162//1609
f 1248//1610 1215//1610 1213//1610
f 1248//1611 1213//1611 1214//1611
f 1249//1612 1149//1612 1250//1612
f 1251//1613 1171//1613 1215//1613
f 1251//1614 1178//1614 1171//1614
f 1251//1615 1179//1615 1178//1615
f 1252//1616 1152//1616 1172//1616
f 1252//1617 1172//1617 1179//1617
f 1253//1618 1179//1618 1251//1618
f 1253//1619 1252//1619 1179//1619
f 1254//1620 1149//1620 1150//1620
f 1254//1621 1150//1621 1158//1621
f 1255//1622 1254//1622 1158//1622
f 1255//1623 1158//1623 1161//1623
f 1256//1624 1224//1624 1223//1624
f 1257//1625 1188//1625 1187//1625
f 1257//1626 1187//1626 1226//1626
f 1257//1627 1227//1627 1188//1627
f 1257//1628 1258//1628 1227//1628
f 1259//1629 1257//1629 1226//1629
f 1259//1630 1258//1630 1257//1630
f 1260//1631 1258//1631 1259//1631
f 1260//1632 1227//1632 1258//1632
f 1260//1633 1229//1633 1227//1633
f 1261//1634 1222//1634 1228//1634
f 1261//1635 1228//1635 1230//1635
f 1261//1636 1231//1636 1194//1636
f 1262//1637 1261//1637 1230//1637
f 1262//1638 1230//1638 1229//1638
f 1262//1639 1231//1639 1261//1639
f 1262//1640 1232//1640 1231//1640
f 1263//1641 1229//1641 1260//1641
f 1263//1642 1262//1642 1229//1642
f 1263//1643 1232//1643 1262//1643
f 1263//1644 1260//1644 1259//1644
f 1264//1645 1198//1645 1197//1645
f 1264//1646 1265//1646 1236//1646
f 1264//1646 1240//1646 1265//1646
f 1264//1647 1197//1647 1199//1647
f 1264//1648 1236//1648 1192//1648
f 1264//1649 1199//1649 1240//1649
f 1264//1650 1192//1650 1198//1650
f 1266//1651 1236//1651 1265//1651
f 1266//1652 1238//1652 1236//1652
f 1266//1653 1267//1653 1238//1653
f 1266//1651 1265//1651 1240//1651
f 1268//1654 1240//1654 1239//1654
f 1268//1655 1239//1655 1235//1655
f 1268//1656 1267//1656 1266//1656
f 1268//1657 1266//1657 1240//1657
f 1269//1658 1237//1658 1238//1658
f 1269//1659 1241//1659 1237//1659
f 1269//1660 1238//1660 1267//1660
f 1269//1661 1270//1661 1241//1661
f 1271//1662 801//1662 1272//1662
f 1271//1663 1272//1663 1270//1663
f 1271//1664 1268//1664 801//1664
f 1271//1665 1267//1665 1268//1665
f 1271//1666 1269//1666 1267//1666
f 1271//1667 1270//1667 1269//1667
f 1273//1668 801//1668 700//1668
f 1273//1669 1241//1669 1270//1669
f 1273//1670 700//1670 1241//1670
f 1273//1671 1272//1671 801//1671
f 1273//1669 1270//1669 1272//1669
f 1274//1672 1206//1672 1246//1672
f 1275//1673 1164//1673 1166//1673
f 1276//1674 1275//1674 1166//1674
f 1276//1675 1166//1675 1177//1675
f 1277//1676 1169//1676 1168//1676
f 1277//1677 1168//1677 1212//1677
f 1277//1678 1212//1678 1278//1678
f 1279//1679 1169//1679 1277//1679
f 1279//1680 1173//1680 1169//1680
f 1279//1681 1214//1681 1173//1681
f 1280//1682 1152//1682 1252//1682
f 1280//1683 1216//1683 1152//1683
f 1281//1684 1217//1684 1180//1684
f 1281//1685 1180//1685 1216//1685
f 1282//1686 1155//1686 1217//1686
f 1282//1687 1157//1687 1155//1687
f 1282//1688 1159//1688 1157//1688
f 1283//1689 1190//1689 1192//1689
f 1283//1690 1192//1690 700//1690
f 1283//1691 1194//1691 1190//1691
f 1284//1692 1235//1692 1234//1692
f 1284//1693 1268//1693 1235//1693
f 1284//1694 1234//1694 1233//1694
f 1285//1695 1201//1695 1208//1695
f 1286//1696 1279//1696 1277//1696
f 1287//1697 1214//1697 1279//1697
f 1287//1698 1248//1698 1214//1698
f 1288//1699 1215//1699 1248//1699
f 1288//1700 1251//1700 1215//1700
f 1289//1701 1252//1701 1253//1701
f 1290//1702 1181//1702 1218//1702
f 1291//1703 1219//1703 1159//1703
f 1292//1704 1187//1704 1221//1704
f 1292//1705 1186//1705 1187//1705
f 1292//1706 1221//1706 1222//1706
f 1293//1707 1256//1707 1223//1707
f 1294//1708 1259//1708 1226//1708
f 1295//1709 1246//1709 1245//1709
f 1295//1710 1274//1710 1246//1710
f 1296//1711 1162//1711 1209//1711
f 1296//1712 1209//1712 1297//1712
f 1296//1713 1297//1713 1298//1713
f 1299//1714 1247//1714 1162//1714
f 1299//1715 1300//1715 1247//1715
f 1299//1716 1162//1716 1296//1716
f 1301//1717 1167//1717 1247//1717
f 1301//1718 1212//1718 1167//1718
f 1301//1719 1247//1719 1300//1719
f 1302//1720 1286//1720 1277//1720
f 1302//1721 1277//1721 1278//1721
f 1303//1722 1149//1722 1249//1722
f 1303//1723 1148//1723 1149//1723
f 1304//1724 1289//1724 1253//1724
f 1304//1725 1253//1725 1251//1725
f 1305//1726 1250//1726 1149//1726
f 1305//1727 1254//1727 1255//1727
f 1305//1728 1149//1728 1254//1728
f 1306//1729 1216//1729 1280//1729
f 1306//1730 1307//1730 1216//1730
f 1308//1731 1282//1731 1217//1731
f 1309//1732 1310//1732 1206//1732
f 1311//1733 1296//1733 1298//1733
f 1311//1734 1297//1734 1209//1734
f 1311//1735 1209//1735 1206//1735
f 1311//1736 1206//1736 1310//1736
f 1311//1737 1298//1737 1297//1737
f 1312//1738 1165//1738 1164//1738
f 1312//1739 1208//1739 1165//1739
f 1312//1740 1285//1740 1208//1740
f 1312//1741 1164//1741 1313//1741
f 1314//1742 1312//1742 1313//1742
f 1314//1743 1164//1743 1275//1743
f 1314//1744 1275//1744 1276//1744
f 1314//1745 1313//1745 1164//1745
f 1315//1746 1278//1746 1212//1746
f 1315//1747 1302//1747 1278//1747
f 1316//1748 1287//1748 1279//1748
f 1316//1749 1302//1749 1315//1749
f 1316//1750 1279//1750 1286//1750
f 1316//1751 1286//1751 1302//1751
f 1317//1752 1288//1752 1248//1752
f 1317//1753 1287//1753 1316//1753
f 1317//1754 1248//1754 1287//1754
f 1318//1755 1304//1755 1251//1755
f 1319//1756 1282//1756 1308//1756
f 1319//1757 1159//1757 1282//1757
f 1319//1758 1291//1758 1159//1758
f 1320//1759 1194//1759 1283//1759
f 1320//1760 1283//1760 700//1760
f 1320//1761 1292//1761 1222//1761
f 1320//1762 1222//1762 1261//1762
f 1320//1763 1261//1763 1194//1763
f 1321//1764 1259//1764 1294//1764
f 1321//1765 1263//1765 1259//1765
f 1321//1766 1232//1766 1263//1766
f 1321//1767 1195//1767 1232//1767
f 1322//1768 1243//1768 1204//1768
f 1322//1769 1204//1769 1201//1769
f 1322//1770 1285//1770 1312//1770
f 1322//1771 94//1771 1242//1771
f 1322//1772 1242//1772 1244//1772
f 1322//1773 1244//1773 1243//1773
f 1322//1774 1201//1774 1285//1774
f 1323//1775 1245//1775 46//1775
f 1323//1776 1295//1776 1245//1776
f 1324//1777 1296//1777 1311//1777
f 1324//1778 1299//1778 1296//1778
f 1325//1779 1299//1779 1324//1779
f 1325//1780 1300//1780 1299//1780
f 1325//1781 1301//1781 1300//1781
f 1326//1782 1315//1782 1212//1782
f 1326//1783 1316//1783 1315//1783
f 1327//1784 1318//1784 1251//1784
f 1327//1785 1288//1785 1317//1785
f 1327//1786 1317//1786 1316//1786
f 1327//1787 1251//1787 1288//1787
f 1328//1788 1305//1788 1255//1788
f 1328//1789 1255//1789 1161//1789
f 1328//1790 1161//1790 1181//1790
f 1328//1791 1181//1791 1290//1791
f 1328//1792 1320//1792 700//1792
f 1329//1793 1320//1793 1328//1793
f 1329//1794 1218//1794 1183//1794
f 1329//1795 1290//1795 1218//1795
f 1329//1796 1328//1796 1290//1796
f 1329//1797 1183//1797 1330//1797
f 1331//1798 1220//1798 1219//1798
f 1331//1799 1332//1799 1220//1799
f 1331//1800 1219//1800 1291//1800
f 1331//1801 1291//1801 1319//1801
f 1333//1802 1183//1802 1182//1802
f 1333//1803 1292//1803 1320//1803
f 1333//1804 1320//1804 1329//1804
f 1333//1805 1182//1805 1186//1805
f 1333//1806 1329//1806 1330//1806
f 1333//1807 1330//1807 1183//1807
f 1333//1808 1186//1808 1292//1808
f 1334//1809 1220//1809 1332//1809
f 1334//1810 1223//1810 1220//1810
f 1334//1811 1332//1811 1331//1811
f 1334//1812 1293//1812 1223//1812
f 1334//1813 1331//1813 1321//1813
f 1335//1814 1224//1814 1256//1814
f 1335//1815 1321//1815 1294//1815
f 1335//1816 1334//1816 1321//1816
f 1335//1817 1225//1817 1224//1817
f 1335//1818 1256//1818 1293//1818
f 1335//1819 1226//1819 1225//1819
f 1335//1820 1293//1820 1334//1820
f 1335//1821 1294//1821 1226//1821
f 1336//1822 1309//1822 1206//1822
f 1336//1823 1206//1823 1274//1823
f 1336//1824 1295//1824 1323//1824
f 1336//1825 1323//1825 46//1825
f 1336//1826 1274//1826 1295//1826
f 1337//1827 1311//1827 1310//1827
f 1337//1828 1309//1828 1336//1828
f 1337//1829 1324//1829 1311//1829
f 1337//1830 1336//1830 1324//1830
f 1337//1831 1310//1831 1309//1831
f 1338//1832 1326//1832 1212//1832
f 1338//1833 1212//1833 1301//1833
f 1338//1834 1316//1834 1326//1834
f 1338//1835 1325//1835 1324//1835
f 1338//1836 1301//1836 1325//1836
f 1339//1837 700//1837 94//1837
f 1339//1838 1276//1838 1177//1838
f 1339//1839 1322//1839 1312//1839
f 1339//1840 94//1840 1322//1840
f 1339//1841 1314//1841 1276//1841
f 1339//1842 1148//1842 1303//1842
f 1339//1843 1312//1843 1314//1843
f 1339//1844 1177//1844 1148//1844
f 1339//1845 1328//1845 700//1845
f 1340//1846 1249//1846 1250//1846
f 1340//1847 1250//1847 1341//1847
f 1340//1848 1339//1848 1303//1848
f 1340//1849 1328//1849 1339//1849
f 1340//1850 1303//1850 1249//1850
f 1342//1851 1340//1851 1341//1851
f 1342//1852 1305//1852 1328//1852
f 1342//1853 1250//1853 1305//1853
f 1342//1854 1328//1854 1340//1854
f 1342//1847 1341//1847 1250//1847
f 1343//1855 1318//1855 1327//1855
f 1343//1856 1280//1856 1252//1856
f 1343//1857 1252//1857 1289//1857
f 1343//1858 1316//1858 1338//1858
f 1343//1859 1289//1859 1304//1859
f 1343//1860 1327//1860 1316//1860
f 1343//1861 1336//1861 46//1861
f 1343//1862 1304//1862 1318//1862
f 1343//1863 1324//1863 1336//1863
f 1343//1864 1338//1864 1324//1864
f 1344//1865 1306//1865 1280//1865
f 1344//1866 1343//1866 1331//1866
f 1344//1867 1280//1867 1343//1867
f 1345//1868 1344//1868 1331//1868
f 1345//1869 1281//1869 1216//1869
f 1345//1870 1307//1870 1306//1870
f 1345//1871 1216//1871 1307//1871
f 1345//1872 1306//1872 1344//1872
f 1346//1873 1345//1873 1331//1873
f 1346//1874 1319//1874 1308//1874
f 1346//1875 1308//1875 1217//1875
f 1346//1876 1281//1876 1345//1876
f 1346//1877 1217//1877 1281//1877
f 1346//1878 1331//1878 1319//1878
f 1347//1879 46//1879 801//1879
f 1347//1880 801//1880 1268//1880
f 1347//1881 1284//1881 1233//1881
f 1347//1882 1195//1882 1321//1882
f 1347//1883 1331//1883 1343//1883
f 1347//1884 1343//1884 46//1884
f 1347//1885 1268//1885 1284//1885
f 1347//1886 1321//1886 1331//1886
f 1347//1887 1233//1887 1195//1887
f 1348//1888 1349//1888 1350//1888
f 1351//1889 1349//1889 1348//1889
f 1352//1890 1348//1890 1350//1890
f 1352//1891 1351//1891 1348//1891
f 1353//1892 1352//1892 1350//1892
f 1354//1893 1351//1893 1352//1893
f 1355//1894 1356//1894 1354//1894
f 1355//1895 1357//1895 1356//1895
f 1358//1896 1354//1896 1352//1896
f 1358//1897 1355//1897 1354//1897
f 1359//1898 1352//1898 1353//1898
f 1359//1899 1358//1899 1352//1899
f 1360//1900 1358//1900 1359//1900
f 1361//1901 1355//1901 1358//1901
f 1361//1902 1358//1902 1360//1902
f 1362//1903 1357//1903 1355//1903
f 1362//1904 1355//1904 1361//1904
f 1363//1905 1364//1905 1365//1905
f 1363//1906 1365//1906 1366//1906
f 1367//1907 53//1907 55//1907
f 1368//1908 1367//1908 55//1908
f 1369//1909 55//1909 56//1909
f 1369//1910 1368//1910 55//1910
f 1369//1911 1370//1911 1368//1911
f 1371//1912 1369//1912 56//1912
f 1371//1913 1370//1913 1369//1913
f 1372//1914 1350//1914 1373//1914
f 1372//1915 1373//1915 1374//1915
f 1375//1916 1353//1916 1350//1916
f 1375//1917 1350//1917 1372//1917
f 1376//1918 1377//1918 1378//1918
f 1379//1919 1380//1919 1377//1919
f 1381//1920 1382//1920 1353//1920
f 1381//1921 1353//1921 1375//1921
f 1381//1922 1380//1922 1379//1922
f 1381//1923 1375//1923 1380//1923
f 1383//1924 1353//1924 1382//1924
f 1384//1925 1359//1925 1353//1925
f 1384//1926 1353//1926 1383//1926
f 1384//1927 1360//1927 1359//1927
f 1384//1928 1361//1928 1360//1928
f 1385//1929 1386//1929 1362//1929
f 1385//1930 1362//1930 1387//1930
f 1385//1931 1387//1931 1388//1931
f 1385//1932 1388//1932 1363//1932
f 1389//1933 1390//1933 1364//1933
f 1391//1934 1390//1934 1389//1934
f 1392//1935 1393//1935 1394//1935
f 1392//1936 1395//1936 1393//1936
f 1396//1937 1394//1937 1393//1937
f 1396//1938 1393//1938 1395//1938
f 1397//1939 1398//1939 1399//1939
f 1397//1940 1399//1940 1400//1940
f 1401//1941 1402//1941 1403//1941
f 1401//1942 1404//1942 1402//1942
f 1405//1943 54//1943 53//1943
f 1405//1944 53//1944 1367//1944
f 1405//1945 1406//1945 54//1945
f 1407//1946 1371//1946 56//1946
f 1407//1947 1374//1947 1371//1947
f 1407//1948 1372//1948 1374//1948
f 1407//1949 1375//1949 1372//1949
f 1407//1950 1380//1950 1375//1950
f 1408//1951 83//1951 84//1951
f 1408//1952 56//1952 83//1952
f 1408//1953 1407//1953 56//1953
f 1408//1954 1380//1954 1407//1954
f 1408//1955 84//1955 1378//1955
f 1408//1956 1377//1956 1380//1956
f 1408//1957 1378//1957 1377//1957
f 1409//1958 1378//1958 84//1958
f 1410//1959 1376//1959 1378//1959
f 1411//1960 1377//1960 1376//1960
f 1411//1961 1379//1961 1377//1961
f 1412//1962 1362//1962 1361//1962
f 1412//1963 1387//1963 1362//1963
f 1413//1964 1385//1964 1363//1964
f 1414//1965 1387//1965 1412//1965
f 1415//1966 1365//1966 1364//1966
f 1416//1967 1363//1967 1388//1967
f 1417//1968 1389//1968 1364//1968
f 1417//1969 1364//1969 1363//1969
f 1418//1970 1389//1970 1417//1970
f 1418//1971 1391//1971 1389//1971
f 1419//1972 1391//1972 1418//1972
f 1419//1973 1392//1973 1391//1973
f 1419//1974 1420//1974 1392//1974
f 1421//1975 1396//1975 1395//1975
f 1421//1976 1422//1976 1396//1976
f 1421//1977 1395//1977 1392//1977
f 1421//1978 1392//1978 1420//1978
f 1423//1979 1422//1979 1421//1979
f 1423//1980 1421//1980 1420//1980
f 1424//1981 1425//1981 1422//1981
f 1424//1982 1422//1982 1423//1982
f 1424//1983 1423//1983 1420//1983
f 1426//1984 1427//1984 1425//1984
f 1426//1985 1428//1985 1427//1985
f 1426//1986 1425//1986 1424//1986
f 1429//1987 1430//1987 1428//1987
f 1431//1988 1432//1988 1429//1988
f 1431//1989 1397//1989 1400//1989
f 1431//1990 1400//1990 1432//1990
f 1431//1991 1429//1991 1428//1991
f 1433//1992 1431//1992 1428//1992
f 1433//1993 1434//1993 1397//1993
f 1433//1994 1397//1994 1431//1994
f 1435//1995 1398//1995 1397//1995
f 1436//1996 1435//1996 1397//1996
f 1437//1997 1436//1997 1397//1997
f 1437//1998 1397//1998 1434//1998
f 1437//1999 1438//1999 1436//1999
f 1439//2000 1438//2000 1437//2000
f 1440//2001 1441//2001 1442//2001
f 1440//2002 1442//2002 1443//2002
f 1440//2003 1401//2003 1403//2003
f 1440//2004 1443//2004 1444//2004
f 1440//2005 1403//2005 1441//2005
f 1445//2006 1401//2006 1440//2006
f 1445//2007 1440//2007 1444//2007
f 1445//2008 1444//2008 1438//2008
f 1445//2009 1446//2009 1401//2009
f 1447//2010 1445//2010 1438//2010
f 1447//2011 1446//2011 1445//2011
f 1448//2012 1438//2012 1439//2012
f 1448//2013 1447//2013 1438//2013
f 1449//2014 1403//2014 1402//2014
f 1449//2015 747//2015 1403//2015
f 1449//2016 1402//2016 1404//2016
f 1449//2017 1404//2017 1401//2017
f 1450//2018 1401//2018 1446//2018
f 1450//2019 1449//2019 1401//2019
f 1451//2020 132//2020 1450//2020
f 1451//2021 1450//2021 1446//2021
f 1452//2022 1453//2022 54//2022
f 1454//2023 1370//2023 1371//2023
f 1455//2024 84//2024 82//2024
f 1455//2025 1409//2025 84//2025
f 1456//2026 1351//2026 1457//2026
f 1458//2027 1378//2027 1409//2027
f 1458//2028 1410//2028 1378//2028
f 1459//2029 1356//2029 1357//2029
f 1460//2030 1382//2030 1381//2030
f 1460//2031 1383//2031 1382//2031
f 1460//2032 1381//2032 1379//2032
f 1461//2033 1384//2033 1383//2033
f 1462//2034 1363//2034 1416//2034
f 1462//2035 1417//2035 1363//2035
f 1463//2036 1418//2036 1417//2036
f 1463//2037 1419//2037 1418//2037
f 1464//2038 1424//2038 1420//2038
f 1464//2039 1426//2039 1424//2039
f 1465//2040 1433//2040 1428//2040
f 1465//2041 1426//2041 1464//2041
f 1465//2042 1428//2042 1426//2042
f 1466//2043 1433//2043 1465//2043
f 1466//2044 1465//2044 1464//2044
f 1467//2045 1435//2045 1436//2045
f 1467//2046 1441//2046 1435//2046
f 1468//2047 1467//2047 1436//2047
f 1468//2048 1436//2048 1438//2048
f 1468//2049 1442//2049 1441//2049
f 1468//2050 1443//2050 1442//2050
f 1468//2051 1444//2051 1443//2051
f 1468//2052 1438//2052 1444//2052
f 1468//2053 1441//2053 1467//2053
f 1469//2054 1448//2054 1439//2054
f 1469//2055 1446//2055 1447//2055
f 1469//2056 1451//2056 1446//2056
f 1469//2057 1447//2057 1448//2057
f 1469//2058 132//2058 1451//2058
f 1470//2059 132//2059 747//2059
f 1470//2060 747//2060 1449//2060
f 1470//2061 1450//2061 132//2061
f 1470//2062 1449//2062 1450//2062
f 1471//2063 54//2063 1453//2063
f 1472//2064 1471//2064 1453//2064
f 1473//2065 1474//2065 1405//2065
f 1475//2066 1370//2066 1454//2066
f 1476//2067 1374//2067 1373//2067
f 1477//2068 1373//2068 1478//2068
f 1479//2069 1376//2069 1410//2069
f 1479//2070 1411//2070 1376//2070
f 1480//2071 1379//2071 1411//2071
f 1481//2072 1412//2072 1361//2072
f 1482//2073 1414//2073 1412//2073
f 1483//2074 1416//2074 1388//2074
f 1483//2075 1387//2075 1414//2075
f 1483//2076 1388//2076 1387//2076
f 1484//2077 1425//2077 1427//2077
f 1484//2078 1422//2078 1425//2078
f 1484//2079 1396//2079 1422//2079
f 1484//2080 1427//2080 1428//2080
f 1484//2081 1428//2081 1430//2081
f 1485//2082 1437//2082 1434//2082
f 1485//2083 1439//2083 1437//2083
f 1485//2084 1469//2084 1439//2084
f 1485//2085 132//2085 1469//2085
f 1486//2086 1474//2086 1473//2086
f 1487//2087 1405//2087 1367//2087
f 1488//2088 1373//2088 1477//2088
f 1488//2089 1489//2089 1373//2089
f 1490//2090 1409//2090 1455//2090
f 1490//2091 1458//2091 1409//2091
f 1491//2092 1460//2092 1379//2092
f 1492//2093 1461//2093 1383//2093
f 1492//2094 1383//2094 1460//2094
f 1493//2095 1385//2095 1413//2095
f 1493//2096 1386//2096 1385//2096
f 1494//2097 1363//2097 1366//2097
f 1495//2098 1365//2098 1415//2098
f 1495//2099 1366//2099 1365//2099
f 1495//2100 1494//2100 1366//2100
f 1496//2101 1394//2101 1396//2101
f 1496//2102 1390//2102 1391//2102
f 1496//2103 1392//2103 1394//2103
f 1496//2104 1391//2104 1392//2104
f 1497//2105 1463//2105 1417//2105
f 1498//2106 1464//2106 1420//2106
f 1499//2107 1453//2107 1452//2107
f 1500//2108 1406//2108 1501//2108
f 1500//2109 1452//2109 54//2109
f 1500//2110 54//2110 1406//2110
f 1502//2111 1367//2111 1503//2111
f 1502//2112 1504//2112 1367//2112
f 1505//2113 1350//2113 1506//2113
f 1505//2114 1373//2114 1350//2114
f 1505//2115 1477//2115 1478//2115
f 1505//2116 1478//2116 1373//2116
f 1505//2117 1488//2117 1477//2117
f 1507//2118 1350//2118 1349//2118
f 1508//2119 1349//2119 1351//2119
f 1508//2120 1351//2120 1456//2120
f 1508//2121 1507//2121 1349//2121
f 1509//2122 1479//2122 1410//2122
f 1510//2123 1411//2123 1479//2123
f 1510//2124 1480//2124 1411//2124
f 1511//2125 1481//2125 1361//2125
f 1512//2126 1483//2126 1414//2126
f 1512//2127 1414//2127 1482//2127
f 1513//2128 1398//2128 1435//2128
f 1513//2129 1399//2129 1398//2129
f 1513//2130 1435//2130 1441//2130
f 1513//2131 1403//2131 747//2131
f 1513//2132 1441//2132 1403//2132
f 1513//2133 1432//2133 1400//2133
f 1513//2134 1400//2134 1399//2134
f 1514//2135 1471//2135 1472//2135
f 1514//2136 51//2136 54//2136
f 1514//2137 54//2137 1471//2137
f 1515//2138 1367//2138 1368//2138
f 1515//2139 1503//2139 1367//2139
f 1515//2140 1368//2140 1516//2140
f 1515//2141 1502//2141 1503//2141
f 1517//2142 1368//2142 1370//2142
f 1518//2143 1517//2143 1370//2143
f 1518//2144 1370//2144 1475//2144
f 1519//2145 1371//2145 1374//2145
f 1519//2146 1454//2146 1371//2146
f 1520//2147 1490//2147 1455//2147
f 1521//2148 1522//2148 1354//2148
f 1521//2149 1459//2149 1523//2149
f 1521//2150 1356//2150 1459//2150
f 1521//2151 1354//2151 1356//2151
f 1524//2152 1480//2152 1510//2152
f 1524//2153 1491//2153 1379//2153
f 1524//2154 1379//2154 1480//2154
f 1525//2155 1492//2155 1460//2155
f 1525//2156 1491//2156 1524//2156
f 1525//2157 1460//2157 1491//2157
f 1526//2158 1363//2158 1494//2158
f 1526//2159 1493//2159 1413//2159
f 1526//2160 1494//2160 1495//2160
f 1526//2161 1413//2161 1363//2161
f 1527//2162 1390//2162 1496//2162
f 1527//2163 1364//2163 1390//2163
f 1527//2164 1415//2164 1364//2164
f 1527//2165 1526//2165 1495//2165
f 1527//2166 1495//2166 1415//2166
f 1528//2167 1434//2167 1433//2167
f 1528//2168 132//2168 1485//2168
f 1528//2169 1485//2169 1434//2169
f 1528//2170 1433//2170 1466//2170
f 1528//2171 1464//2171 1498//2171
f 1528//2172 1466//2172 1464//2172
f 1529//2173 1500//2173 1501//2173
f 1529//2174 1405//2174 1530//2174
f 1529//2175 1406//2175 1405//2175
f 1529//2176 1501//2176 1406//2176
f 1531//2177 1529//2177 1530//2177
f 1531//2178 1530//2178 1405//2178
f 1531//2179 1405//2179 1474//2179
f 1532//2180 1474//2180 1486//2180
f 1532//2181 1531//2181 1474//2181
f 1533//2182 1374//2182 1476//2182
f 1533//2183 1476//2183 1534//2183
f 1533//2184 1519//2184 1374//2184
f 1535//2185 1476//2185 1373//2185
f 1535//2186 1534//2186 1476//2186
f 1535//2187 1373//2187 1489//2187
f 1535//2188 1533//2188 1534//2188
f 1536//2189 1506//2189 1350//2189
f 1536//2190 1507//2190 1508//2190
f 1536//2191 1350//2191 1507//2191
f 1536//2192 1505//2192 1506//2192
f 1537//2148 1354//2148 1522//2148
f 1537//2193 1522//2193 1521//2193
f 1537//2194 1508//2194 1456//2194
f 1537//2195 1457//2195 1351//2195
f 1537//2196 1351//2196 1354//2196
f 1537//2197 1536//2197 1508//2197
f 1537//2198 1456//2198 1457//2198
f 1538//2199 1509//2199 1410//2199
f 1538//2200 1490//2200 1520//2200
f 1538//2201 1458//2201 1490//2201
f 1538//2202 1410//2202 1458//2202
f 1539//2203 1524//2203 1510//2203
f 1539//2204 1510//2204 1479//2204
f 1539//2205 1538//2205 1524//2205
f 1539//2206 1509//2206 1538//2206
f 1539//2207 1479//2207 1509//2207
f 1540//2208 1523//2208 1459//2208
f 1540//2209 1357//2209 1541//2209
f 1540//2210 1537//2210 1521//2210
f 1540//2211 1521//2211 1523//2211
f 1540//2212 1459//2212 1357//2212
f 1542//2213 1483//2213 1512//2213
f 1542//2214 1462//2214 1416//2214
f 1542//2215 1416//2215 1483//2215
f 1542//2216 132//2216 1528//2216
f 1543//2217 1462//2217 1542//2217
f 1543//2218 1417//2218 1462//2218
f 1543//2219 1497//2219 1417//2219
f 1543//2220 1542//2220 1528//2220
f 1544//2221 1497//2221 1543//2221
f 1544//2222 1528//2222 1498//2222
f 1544//2223 1419//2223 1463//2223
f 1544//2224 1420//2224 1419//2224
f 1544//2225 1463//2225 1497//2225
f 1544//2226 1498//2226 1420//2226
f 1544//2227 1543//2227 1528//2227
f 1545//2228 1472//2228 1453//2228
f 1545//2229 51//2229 1514//2229
f 1545//2230 1453//2230 1499//2230
f 1545//2231 1514//2231 1472//2231
f 1546//2232 1529//2232 1545//2232
f 1546//2233 1545//2233 1499//2233
f 1546//2234 1500//2234 1529//2234
f 1546//2235 1499//2235 1452//2235
f 1546//2236 1452//2236 1500//2236
f 1547//2237 1405//2237 1487//2237
f 1547//2238 1473//2238 1405//2238
f 1547//2239 1529//2239 1531//2239
f 1547//2240 1532//2240 1486//2240
f 1547//2241 1531//2241 1532//2241
f 1547//2242 1487//2242 1548//2242
f 1547//2243 1486//2243 1473//2243
f 1549//2244 1547//2244 1548//2244
f 1549//2245 1515//2245 1547//2245
f 1549//2246 1502//2246 1515//2246
f 1549//2247 1487//2247 1367//2247
f 1549//2248 1367//2248 1504//2248
f 1549//2249 1548//2249 1487//2249
f 1549//2250 1504//2250 1502//2250
f 1550//2251 1545//2251 1529//2251
f 1550//2252 1547//2252 1515//2252
f 1550//2253 1368//2253 1517//2253
f 1550//2254 51//2254 1545//2254
f 1550//2255 1516//2255 1368//2255
f 1550//2256 1529//2256 1547//2256
f 1550//2257 1515//2257 1516//2257
f 1550//2258 1517//2258 1518//2258
f 1551//2259 1536//2259 1550//2259
f 1551//2260 1518//2260 1475//2260
f 1551//2261 1475//2261 1454//2261
f 1551//2262 1550//2262 1518//2262
f 1551//2263 1454//2263 1519//2263
f 1551//2264 1519//2264 1533//2264
f 1552//2265 1505//2265 1536//2265
f 1552//2266 1536//2266 1551//2266
f 1552//2267 1551//2267 1533//2267
f 1552//2268 1533//2268 1535//2268
f 1552//2269 1489//2269 1488//2269
f 1552//2270 1535//2270 1489//2270
f 1552//2271 1488//2271 1505//2271
f 1553//2272 1455//2272 82//2272
f 1553//2273 1520//2273 1455//2273
f 1553//2274 1538//2274 1520//2274
f 1554//2275 1540//2275 1541//2275
f 1554//2276 1541//2276 1357//2276
f 1554//2277 1536//2277 1537//2277
f 1554//2278 1386//2278 1493//2278
f 1554//2279 1362//2279 1386//2279
f 1554//2280 1537//2280 1540//2280
f 1554//2281 1357//2281 1362//2281
f 1554//2282 1493//2282 1526//2282
f 1555//2283 82//2283 132//2283
f 1555//2284 1461//2284 1492//2284
f 1555//2285 1553//2285 82//2285
f 1555//2286 1538//2286 1553//2286
f 1555//2287 132//2287 1542//2287
f 1555//2288 1524//2288 1538//2288
f 1555//2289 1525//2289 1524//2289
f 1555//2290 1492//2290 1525//2290
f 1555//2291 1384//2291 1461//2291
f 1556//2292 1555//2292 1542//2292
f 1556//2293 1511//2293 1361//2293
f 1556//2294 1384//2294 1555//2294
f 1556//2295 1361//2295 1384//2295
f 1557//2296 1482//2296 1412//2296
f 1557//2297 1512//2297 1482//2297
f 1557//2298 1556//2298 1542//2298
f 1557//2299 1542//2299 1512//2299
f 1557//2300 1481//2300 1511//2300
f 1557//2301 1412//2301 1481//2301
f 1557//2302 1511//2302 1556//2302
f 1558//2303 1550//2303 1536//2303
f 1558//2304 747//2304 51//2304
f 1558//2305 1513//2305 747//2305
f 1558//2306 1429//2306 1432//2306
f 1558//2307 51//2307 1550//2307
f 1558//2308 1432//2308 1513//2308
f 1558//2309 1554//2309 1526//2309
f 1558//2310 1484//2310 1430//2310
f 1558//2311 1536//2311 1554//2311
f 1558//2312 1496//2312 1396//2312
f 1558//2313 1527//2313 1496//2313
f 1558//2314 1396//2314 1484//2314
f 1558//2315 1526//2315 1527//2315
f 1558//2316 1430//2316 1429//2316
f 1559//2317 1560//2317 1561//2317
f 1559//2317 1562//2317 1560//2317
f 1563//2318 1564//2318 1565//2318
f 1566//2319 1567//2319 879//2319
f 1566//2320 879//2320 880//2320
f 1566//2321 880//2321 881//2321
f 1568//2322 1569//2322 1570//2322
f 1568//2323 729//2323 728//2323
f 1568//2324 725//2324 729//2324
f 1568//2325 1571//2325 1572//2325
f 1568//2326 728//2326 1569//2326
f 1568//2322 1570//2322 1571//2322
f 1573//2327 1574//2327 1575//2327
f 1573//2327 1575//2327 1576//2327
f 1573//2328 1576//2328 1577//2328
f 1578//2329 1579//2329 1580//2329
f 1578//2329 1580//2329 1581//2329
f 1582//2330 1559//2330 1561//2330
f 1582//2330 1561//2330 1583//2330
f 1584//2331 1563//2331 1565//2331
f 1584//2331 1565//2331 1585//2331
f 1586//2332 1566//2332 881//2332
f 1586//2333 881//2333 882//2333
f 1587//2334 731//2334 725//2334
f 1587//2335 725//2335 1568//2335
f 1587//2325 1568//2325 1572//2325
f 1588//2328 1573//2328 1577//2328
f 1588//2336 1577//2336 1579//2336
f 1589//2337 1581//2337 1562//2337
f 1589//2337 1578//2337 1581//2337
f 1589//2317 1562//2317 1559//2317
f 1590//2338 1582//2338 1583//2338
f 1590//2338 1583//2338 1564//2338
f 1590//2318 1564//2318 1563//2318
f 1591//2339 1584//2339 1585//2339
f 1591//2339 1585//2339 1567//2339
f 1591//2340 1567//2340 1566//2340
f 1592//2341 1586//2341 882//2341
f 1592//2342 882//2342 883//2342
f 1592//2343 883//2343 884//2343
f 1593//2344 1572//2344 1574//2344
f 1593//2344 1587//2344 1572//2344
f 1593//2345 731//2345 1587//2345
f 1593//2346 730//2346 731//2346
f 1593//2347 737//2347 730//2347
f 1594//2336 1588//2336 1579//2336
f 1595//2317 1589//2317 1559//2317
f 1596//2318 1590//2318 1563//2318
f 1597//2340 1591//2340 1566//2340
f 1598//2348 885//2348 886//2348
f 1598//2349 1592//2349 884//2349
f 1598//2350 884//2350 885//2350
f 1599//2351 739//2351 737//2351
f 1599//2327 1593//2327 1574//2327
f 1599//2328 1573//2328 1588//2328
f 1599//2327 1574//2327 1573//2327
f 1599//2352 737//2352 1593//2352
f 1600//2329 1579//2329 1578//2329
f 1600//2329 1594//2329 1579//2329
f 1601//2330 1559//2330 1582//2330
f 1601//2338 1582//2338 1590//2338
f 1601//2330 1595//2330 1559//2330
f 1602//2331 1596//2331 1563//2331
f 1602//2331 1563//2331 1584//2331
f 1603//2353 1597//2353 1566//2353
f 1603//2353 1566//2353 1586//2353
f 1604//2354 886//2354 887//2354
f 1604//2355 1598//2355 886//2355
f 1605//2356 738//2356 739//2356
f 1605//2357 741//2357 738//2357
f 1605//2358 739//2358 1599//2358
f 1605//2328 1599//2328 1588//2328
f 1606//2337 1600//2337 1578//2337
f 1606//2337 1578//2337 1589//2337
f 1607//2338 1601//2338 1590//2338
f 1608//2339 1602//2339 1584//2339
f 1608//2339 1584//2339 1591//2339
f 1609//2359 1603//2359 1586//2359
f 1609//2359 1586//2359 1592//2359
f 1610//2360 887//2360 888//2360
f 1610//2361 888//2361 889//2361
f 1610//2362 1604//2362 887//2362
f 1611//2336 1605//2336 1588//2336
f 1611//2363 742//2363 741//2363
f 1611//2336 1588//2336 1594//2336
f 1611//2364 741//2364 1605//2364
f 1612//2317 1589//2317 1595//2317
f 1612//2317 1606//2317 1589//2317
f 1613//2318 1607//2318 1590//2318
f 1613//2318 1590//2318 1596//2318
f 1614//2340 1608//2340 1591//2340
f 1614//2340 1591//2340 1597//2340
f 1614//2353 1597//2353 1603//2353
f 1615//2365 1592//2365 1598//2365
f 1615//2365 1609//2365 1592//2365
f 1616//2366 889//2366 891//2366
f 1616//2367 1610//2367 889//2367
f 1617//2329 1611//2329 1594//2329
f 1617//2368 743//2368 742//2368
f 1617//2369 740//2369 743//2369
f 1617//2329 1594//2329 1600//2329
f 1617//2370 742//2370 1611//2370
f 1618//2330 1612//2330 1595//2330
f 1618//2338 1601//2338 1607//2338
f 1618//2330 1595//2330 1601//2330
f 1619//2331 1613//2331 1596//2331
f 1619//2331 1596//2331 1602//2331
f 1620//2353 1614//2353 1603//2353
f 1621//2371 1598//2371 1604//2371
f 1621//2371 1615//2371 1598//2371
f 1622//2372 891//2372 893//2372
f 1622//2373 893//2373 895//2373
f 1622//2374 1616//2374 891//2374
f 1623//2375 745//2375 740//2375
f 1623//2376 740//2376 1617//2376
f 1623//2337 1617//2337 1600//2337
f 1623//2317 1606//2317 1612//2317
f 1623//2337 1600//2337 1606//2337
f 1624//2338 1618//2338 1607//2338
f 1625//2339 1619//2339 1602//2339
f 1625//2339 1602//2339 1608//2339
f 1625//2340 1608//2340 1614//2340
f 1626//2359 1603//2359 1609//2359
f 1626//2359 1620//2359 1603//2359
f 1626//2365 1609//2365 1615//2365
f 1627//2377 1604//2377 1610//2377
f 1627//2377 1621//2377 1604//2377
f 1628//2378 895//2378 897//2378
f 1628//2379 1622//2379 895//2379
f 1629//2380 745//2380 1623//2380
f 1629//2381 744//2381 745//2381
f 1629//2382 746//2382 744//2382
f 1629//2317 1623//2317 1612//2317
f 1630//2318 1607//2318 1613//2318
f 1630//2318 1624//2318 1607//2318
f 1631//2340 1625//2340 1614//2340
f 1632//2365 1626//2365 1615//2365
f 1633//2383 1610//2383 1616//2383
f 1633//2383 1627//2383 1610//2383
f 1634//2384 897//2384 899//2384
f 1634//2385 899//2385 901//2385
f 1634//2386 1628//2386 897//2386
f 1635//2387 751//2387 746//2387
f 1635//2388 746//2388 1629//2388
f 1635//2330 1612//2330 1618//2330
f 1635//2330 1629//2330 1612//2330
f 1636//2331 1630//2331 1613//2331
f 1636//2331 1613//2331 1619//2331
f 1637//2353 1614//2353 1620//2353
f 1637//2359 1620//2359 1626//2359
f 1637//2353 1631//2353 1614//2353
f 1638//2371 1615//2371 1621//2371
f 1638//2371 1632//2371 1615//2371
f 1639//2389 1633//2389 1616//2389
f 1639//2389 1616//2389 1622//2389
f 1640//2390 901//2390 903//2390
f 1640//2391 903//2391 61//2391
f 1640//2392 1634//2392 901//2392
f 1641//2338 1635//2338 1618//2338
f 1641//2338 1618//2338 1624//2338
f 1641//2393 752//2393 751//2393
f 1641//2394 750//2394 752//2394
f 1641//2395 751//2395 1635//2395
f 1641//2318 1624//2318 1630//2318
f 1642//2339 1619//2339 1625//2339
f 1642//2340 1625//2340 1631//2340
f 1642//2339 1636//2339 1619//2339
f 1643//2359 1637//2359 1626//2359
f 1644//2377 1621//2377 1627//2377
f 1644//2383 1627//2383 1633//2383
f 1644//2377 1638//2377 1621//2377
f 1645//2396 1639//2396 1622//2396
f 1645//2396 1622//2396 1628//2396
f 1646//2318 1641//2318 1630//2318
f 1646//2397 754//2397 750//2397
f 1646//2398 750//2398 1641//2398
f 1647//2340 1642//2340 1631//2340
f 1648//2371 1632//2371 1638//2371
f 1648//2365 1643//2365 1626//2365
f 1648//2365 1626//2365 1632//2365
f 1649//2383 1644//2383 1633//2383
f 1650//2399 1634//2399 1640//2399
f 1650//2400 1645//2400 1628//2400
f 1650//2400 1628//2400 1634//2400
f 1651//2401 754//2401 1646//2401
f 1651//2331 1646//2331 1630//2331
f 1651//2402 753//2402 754//2402
f 1651//2403 755//2403 753//2403
f 1651//2331 1630//2331 1636//2331
f 1652//2353 1647//2353 1631//2353
f 1652//2353 1631//2353 1637//2353
f 1652//2359 1637//2359 1643//2359
f 1653//2371 1648//2371 1638//2371
f 1654//2396 1639//2396 1645//2396
f 1654//2389 1649//2389 1633//2389
f 1654//2389 1633//2389 1639//2389
f 1655//2404 1640//2404 61//2404
f 1655//2399 1650//2399 1640//2399
f 1656//2405 755//2405 1651//2405
f 1656//2339 1636//2339 1642//2339
f 1656//2406 761//2406 755//2406
f 1656//2339 1651//2339 1636//2339
f 1657//2359 1652//2359 1643//2359
f 1658//2377 1638//2377 1644//2377
f 1658//2377 1653//2377 1638//2377
f 1658//2383 1644//2383 1649//2383
f 1659//2396 1654//2396 1645//2396
f 1660//2407 761//2407 1656//2407
f 1660//2340 1656//2340 1642//2340
f 1660//2408 762//2408 761//2408
f 1660//2409 760//2409 762//2409
f 1660//2340 1642//2340 1647//2340
f 1660//2353 1647//2353 1652//2353
f 1661//2371 1648//2371 1653//2371
f 1661//2365 1657//2365 1643//2365
f 1661//2365 1643//2365 1648//2365
f 1662//2383 1658//2383 1649//2383
f 1663//2400 1659//2400 1645//2400
f 1663//2400 1645//2400 1650//2400
f 1664//2410 763//2410 760//2410
f 1664//2411 760//2411 1660//2411
f 1664//2353 1660//2353 1652//2353
f 1665//2371 1661//2371 1653//2371
f 1666//2389 1649//2389 1654//2389
f 1666//2389 1662//2389 1649//2389
f 1667//2404 61//2404 456//2404
f 1667//2399 1650//2399 1655//2399
f 1667//2404 1655//2404 61//2404
f 1667//2399 1663//2399 1650//2399
f 1668//2412 763//2412 1664//2412
f 1668//2413 766//2413 763//2413
f 1668//2359 1652//2359 1657//2359
f 1668//2414 764//2414 766//2414
f 1668//2359 1664//2359 1652//2359
f 1669//2377 1665//2377 1653//2377
f 1669//2383 1658//2383 1662//2383
f 1669//2377 1653//2377 1658//2377
f 1670//2396 1654//2396 1659//2396
f 1670//2396 1666//2396 1654//2396
f 1670//2400 1659//2400 1663//2400
f 1671//2365 1668//2365 1657//2365
f 1671//2415 764//2415 1668//2415
f 1671//2416 770//2416 764//2416
f 1671//2417 772//2417 770//2417
f 1671//2365 1657//2365 1661//2365
f 1672//2383 1669//2383 1662//2383
f 1673//2400 1670//2400 1663//2400
f 1674//2371 1671//2371 1661//2371
f 1674//2418 771//2418 772//2418
f 1674//2371 1661//2371 1665//2371
f 1674//2377 1665//2377 1669//2377
f 1674//2419 772//2419 1671//2419
f 1675//2389 1672//2389 1662//2389
f 1675//2389 1662//2389 1666//2389
f 1676//2399 1673//2399 1663//2399
f 1676//2404 1667//2404 456//2404
f 1676//2399 1663//2399 1667//2399
f 1677//2420 771//2420 1674//2420
f 1677//2421 778//2421 771//2421
f 1677//2422 777//2422 778//2422
f 1677//2377 1674//2377 1669//2377
f 1678//2400 1670//2400 1673//2400
f 1678//2396 1675//2396 1666//2396
f 1678//2396 1666//2396 1670//2396
f 1679//2389 1672//2389 1675//2389
f 1679//2383 1677//2383 1669//2383
f 1679//2383 1669//2383 1672//2383
f 1679//2423 784//2423 777//2423
f 1679//2424 777//2424 1677//2424
f 1680//2400 1678//2400 1673//2400
f 1681//2425 784//2425 1679//2425
f 1681//2426 785//2426 784//2426
f 1681//2427 786//2427 785//2427
f 1681//2389 1679//2389 1675//2389
f 1681//2396 1675//2396 1678//2396
f 1682//2404 1676//2404 456//2404
f 1682//2399 1680//2399 1673//2399
f 1682//2399 1673//2399 1676//2399
f 1683//2428 786//2428 1681//2428
f 1683//2396 1681//2396 1678//2396
f 1683//2429 783//2429 786//2429
f 1684//2400 1683//2400 1678//2400
f 1684//2430 783//2430 1683//2430
f 1684//2431 791//2431 783//2431
f 1684//2432 792//2432 791//2432
f 1684//2400 1678//2400 1680//2400
f 1685//2404 1682//2404 456//2404
f 1685//2399 1684//2399 1680//2399
f 1685//2399 1680//2399 1682//2399
f 1685//2433 792//2433 1684//2433
f 1685//2434 790//2434 792//2434
f 1685//2435 456//2435 790//2435
f 1686//2436 68//2436 828//2436
f 1686//2437 828//2437 829//2437
f 1687//2438 1686//2438 829//2438
f 1687//2439 829//2439 830//2439
f 1687//2440 830//2440 831//2440
f 1688//2441 1687//2441 831//2441
f 1688//2442 831//2442 832//2442
f 1689//2443 68//2443 1686//2443
f 1690//2444 1688//2444 832//2444
f 1690//2445 832//2445 833//2445
f 1690//2446 833//2446 834//2446
f 1691//2447 1689//2447 1686//2447
f 1691//2447 1686//2447 1687//2447
f 1692//2448 834//2448 835//2448
f 1692//2449 1690//2449 834//2449
f 1693//2450 1691//2450 1687//2450
f 1693//2450 1687//2450 1688//2450
f 1693//2451 1688//2451 1690//2451
f 1694//2452 1692//2452 835//2452
f 1694//2453 835//2453 836//2453
f 1694//2454 836//2454 837//2454
f 1695//2443 68//2443 1689//2443
f 1696//2451 1693//2451 1690//2451
f 1697//2455 837//2455 838//2455
f 1697//2456 1694//2456 837//2456
f 1698//2447 1689//2447 1691//2447
f 1698//2447 1695//2447 1689//2447
f 1699//2457 1690//2457 1692//2457
f 1699//2457 1696//2457 1690//2457
f 1700//2458 1697//2458 838//2458
f 1700//2459 838//2459 839//2459
f 1700//2460 839//2460 840//2460
f 1701//2450 1691//2450 1693//2450
f 1701//2451 1693//2451 1696//2451
f 1701//2450 1698//2450 1691//2450
f 1702//2461 1699//2461 1692//2461
f 1702//2461 1692//2461 1694//2461
f 1702//2462 1694//2462 1697//2462
f 1703//2463 1700//2463 840//2463
f 1703//2464 840//2464 841//2464
f 1703//2465 841//2465 842//2465
f 1704//2443 68//2443 1695//2443
f 1704//2443 327//2443 68//2443
f 1704//2447 1695//2447 1698//2447
f 1705//2451 1701//2451 1696//2451
f 1706//2462 1702//2462 1697//2462
f 1706//2466 1697//2466 1700//2466
f 1707//2467 1703//2467 842//2467
f 1707//2468 842//2468 843//2468
f 1708//2447 1704//2447 1698//2447
f 1709//2457 1696//2457 1699//2457
f 1709//2457 1705//2457 1696//2457
f 1710//2466 1706//2466 1700//2466
f 1711//2469 1707//2469 843//2469
f 1711//2470 843//2470 844//2470
f 1711//2471 844//2471 845//2471
f 1712//2450 1708//2450 1698//2450
f 1712//2450 1698//2450 1701//2450
f 1713//2461 1709//2461 1699//2461
f 1713//2461 1699//2461 1702//2461
f 1713//2462 1702//2462 1706//2462
f 1714//2472 1710//2472 1700//2472
f 1714//2472 1700//2472 1703//2472
f 1714//2473 1703//2473 1707//2473
f 1715//2474 1711//2474 845//2474
f 1715//2475 845//2475 846//2475
f 1716//2443 327//2443 1704//2443
f 1717//2451 1701//2451 1705//2451
f 1717//2451 1712//2451 1701//2451
f 1718//2462 1713//2462 1706//2462
f 1719//2473 1714//2473 1707//2473
f 1720//2476 846//2476 847//2476
f 1720//2477 847//2477 848//2477
f 1720//2478 1715//2478 846//2478
f 1721//2447 1716//2447 1704//2447
f 1721//2447 1704//2447 1708//2447
f 1722//2457 1717//2457 1705//2457
f 1722//2457 1705//2457 1709//2457
f 1723//2466 1706//2466 1710//2466
f 1723//2466 1718//2466 1706//2466
f 1723//2472 1710//2472 1714//2472
f 1724//2322 1707//2322 1711//2322
f 1724//2322 1719//2322 1707//2322
f 1725//2479 1720//2479 848//2479
f 1725//2480 848//2480 849//2480
f 1726//2450 1708//2450 1712//2450
f 1726//2450 1721//2450 1708//2450
f 1727//2461 1722//2461 1709//2461
f 1727//2461 1709//2461 1713//2461
f 1728//2472 1723//2472 1714//2472
f 1729//2325 1724//2325 1711//2325
f 1729//2325 1711//2325 1715//2325
f 1730//2481 1725//2481 849//2481
f 1730//2482 849//2482 850//2482
f 1730//2483 850//2483 851//2483
f 1731//2484 749//2484 327//2484
f 1731//2485 732//2485 749//2485
f 1731//2443 327//2443 1716//2443
f 1732//2451 1726//2451 1712//2451
f 1732//2451 1712//2451 1717//2451
f 1733//2462 1727//2462 1713//2462
f 1733//2462 1713//2462 1718//2462
f 1734//2473 1728//2473 1714//2473
f 1734//2473 1714//2473 1719//2473
f 1735//2344 1729//2344 1715//2344
f 1735//2344 1715//2344 1720//2344
f 1736//2486 1730//2486 851//2486
f 1736//2487 851//2487 852//2487
f 1737//2488 733//2488 732//2488
f 1737//2489 734//2489 733//2489
f 1737//2447 1731//2447 1716//2447
f 1737//2447 1716//2447 1721//2447
f 1737//2490 732//2490 1731//2490
f 1738//2457 1732//2457 1717//2457
f 1738//2457 1717//2457 1722//2457
f 1739//2466 1733//2466 1718//2466
f 1739//2466 1718//2466 1723//2466
f 1740//2322 1734//2322 1719//2322
f 1740//2322 1719//2322 1724//2322
f 1741//2328 1725//2328 1730//2328
f 1741//2327 1720//2327 1725//2327
f 1741//2327 1735//2327 1720//2327
f 1742//2491 1736//2491 852//2491
f 1742//2492 852//2492 853//2492
f 1742//2493 853//2493 854//2493
f 1743//2494 735//2494 734//2494
f 1743//2450 1737//2450 1721//2450
f 1743//2450 1721//2450 1726//2450
f 1743//2451 1726//2451 1732//2451
f 1743//2495 734//2495 1737//2495
f 1744//2462 1727//2462 1733//2462
f 1744//2461 1738//2461 1722//2461
f 1744//2461 1722//2461 1727//2461
f 1745//2472 1723//2472 1728//2472
f 1745//2472 1739//2472 1723//2472
f 1746//2325 1724//2325 1729//2325
f 1746//2344 1729//2344 1735//2344
f 1746//2325 1740//2325 1724//2325
f 1747//2328 1741//2328 1730//2328
f 1748//2496 1742//2496 854//2496
f 1748//2497 854//2497 870//2497
f 1749//2498 736//2498 735//2498
f 1749//2499 721//2499 736//2499
f 1749//2500 735//2500 1743//2500
f 1749//2451 1743//2451 1732//2451
f 1750//2462 1744//2462 1733//2462
f 1751//2473 1728//2473 1734//2473
f 1751//2473 1745//2473 1728//2473
f 1752//2327 1735//2327 1741//2327
f 1752//2344 1746//2344 1735//2344
f 1753//2336 1747//2336 1730//2336
f 1753//2336 1730//2336 1736//2336
f 1754//2501 1748//2501 870//2501
f 1754//2502 870//2502 871//2502
f 1754//2503 871//2503 872//2503
f 1755//2504 718//2504 721//2504
f 1755//2457 1732//2457 1738//2457
f 1755//2457 1749//2457 1732//2457
f 1755//2505 721//2505 1749//2505
f 1756//2466 1750//2466 1733//2466
f 1756//2466 1733//2466 1739//2466
f 1757//2322 1734//2322 1740//2322
f 1757//2322 1751//2322 1734//2322
f 1758//2327 1752//2327 1741//2327
f 1759//2329 1753//2329 1736//2329
f 1759//2329 1736//2329 1742//2329
f 1760//2506 872//2506 873//2506
f 1760//2507 1754//2507 872//2507
f 1761//2508 719//2508 718//2508
f 1761//2509 720//2509 719//2509
f 1761//2510 718//2510 1755//2510
f 1761//2461 1755//2461 1738//2461
f 1761//2461 1738//2461 1744//2461
f 1762//2473 1745//2473 1751//2473
f 1762//2472 1756//2472 1739//2472
f 1762//2472 1739//2472 1745//2472
f 1763//2325 1740//2325 1746//2325
f 1763//2344 1746//2344 1752//2344
f 1763//2325 1757//2325 1740//2325
f 1764//2328 1758//2328 1741//2328
f 1764//2328 1741//2328 1747//2328
f 1764//2336 1747//2336 1753//2336
f 1560//2337 1759//2337 1742//2337
f 1560//2337 1742//2337 1748//2337
f 1765//2511 1760//2511 873//2511
f 1765//2512 873//2512 874//2512
f 1765//2513 874//2513 875//2513
f 1766//2514 722//2514 720//2514
f 1766//2515 720//2515 1761//2515
f 1766//2462 1761//2462 1744//2462
f 1766//2462 1744//2462 1750//2462
f 1570//2473 1762//2473 1751//2473
f 1575//2344 1763//2344 1752//2344
f 1580//2329 1753//2329 1759//2329
f 1580//2336 1764//2336 1753//2336
f 1561//2317 1748//2317 1754//2317
f 1561//2317 1560//2317 1748//2317
f 1565//2516 875//2516 876//2516
f 1565//2517 1765//2517 875//2517
f 1767//2518 723//2518 722//2518
f 1767//2519 724//2519 723//2519
f 1767//2466 1750//2466 1756//2466
f 1767//2520 722//2520 1766//2520
f 1767//2466 1766//2466 1750//2466
f 1571//2322 1751//2322 1757//2322
f 1571//2322 1570//2322 1751//2322
f 1576//2327 1752//2327 1758//2327
f 1576//2328 1758//2328 1764//2328
f 1576//2327 1575//2327 1752//2327
f 1581//2329 1580//2329 1759//2329
f 1583//2330 1754//2330 1760//2330
f 1583//2338 1760//2338 1765//2338
f 1583//2330 1561//2330 1754//2330
f 1585//2521 1565//2521 876//2521
f 1585//2522 876//2522 877//2522
f 1585//2523 877//2523 878//2523
f 1768//2524 726//2524 724//2524
f 1768//2525 727//2525 726//2525
f 1768//2526 724//2526 1767//2526
f 1768//2472 1767//2472 1756//2472
f 1768//2472 1756//2472 1762//2472
f 1768//2473 1762//2473 1570//2473
f 1572//2325 1571//2325 1757//2325
f 1572//2325 1757//2325 1763//2325
f 1577//2328 1576//2328 1764//2328
f 1562//2337 1759//2337 1560//2337
f 1562//2337 1581//2337 1759//2337
f 1564//2338 1583//2338 1765//2338
f 1564//2318 1765//2318 1565//2318
f 1567//2527 1585//2527 878//2527
f 1567//2528 878//2528 879//2528
f 1569//2529 728//2529 727//2529
f 1569//2530 727//2530 1768//2530
f 1569//2473 1768//2473 1570//2473
f 1574//2344 1572//2344 1763//2344
f 1574//2344 1763//2344 1575//2344
f 1579//2336 1577//2336 1764//2336
f 1579//2336 1764//2336 1580//2336
usemtl mat0
f 1769//3 1770//3 1771//3
f 1771//3 1770//3 1772//3
f 1773//4 1771//4 1774//4
f 1773//4 1769//4 1771//4
f 1775//1 1773//1 1776//1
f 1776//1 1773//1 1774//1
f 1770//2 1776//2 1772//2
f 1770//2 1775//2 1776//2
f 1773//5 1775//5 1769//5
f 1769//5 1775//5 1770//5
f 1776//6 1771//6 1772//6
f 1776//6 1774//6 1771//6
f 1777//3 1778//3 1779//3
f 1779//3 1778//3 1780//3
f 1781//4 1779//4 1782//4
f 1781//4 1777//4 1779//4
f 1783//1 1781//1 1784//1
f 1784//1 1781//1 1782//1
f 1778//2 1784//2 1780//2
f 1778//2 1783//2 1784//2
f 1781//5 1783//5 1777//5
f 1777//5 1783//5 1778//5
f 1784//6 1779//6 1780//6
f 1784//6 1782//6 1779//6
f 1785//3 1786//3 1787//3
f 1787//3 1786//3 1788//3
f 1789//4 1787//4 1790//4
f 1789//4 1785//4 1787//4
f 1791//1 1789//1 1792//1
f 1792//1 1789//1 1790//1
f 1786//2 1792//2 1788//2
f 1786//2 1791//2 1792//2
f 1789//5 1791//5 1785//5
f 1785//5 1791//5 1786//5
f 1792//6 1787//6 1788//6
f 1792//6 1790//6 1787//6
f 1793//3 1794//3 1795//3
f 1795//3 1794//3 1796//3
f 1797//4 1795//4 1798//4
f 1797//4 1793//4 1795//4
f 1799//1 1797//1 1800//1
f 1800//1 1797//1 1798//1
f 1794//2 1800//2 1796//2
f 1794//2 1799//2 1800//2
f 1797//5 1799//5 1793//5
f 1793//5 1799//5 1794//5
f 1800//6 1795//6 1796//6
f 1800//6 1798//6 1795//6
f 1801//3 1802//3 1803//3
f 1803//3 1802//3 1804//3
f 1805//4 1803//4 1806//4
f 1805//4 1801//4 1803//4
f 1807//1 1805//1 1808//1
f 1808//1 1805//1 1806//1
f 1802//2 1808//2 1804//2
f 1802//2 1807//2 1808//2
f 1805//5 1807//5 1801//5
f 1801//5 1807//5 1802//5
f 1808//6 1803//6 1804//6
f 1808//6 1806//6 1803//6
f 1809//3 1810//3 1811//3
f 1811//3 1810//3 1812//3
f 1813//4 1811//4 1814//4
f 1813//4 1809//4 1811//4
f 1815//1 1813//1 1816//1
f 1816//1 1813//1 1814//1
f 1810//2 1816//2 1812//2
f 1810//2 1815//2 1816//2
f 1813//5 1815//5 1809//5
f 1809//5 1815//5 1810//5
f 1816//6 1811//6 1812//6
f 1816//6 1814//6 1811//6
f 1817//3 1818//3 1819//3
f 1819//3 1818//3 1820//3
f 1821//4 1819//4 1822//4
f 1821//4 1817//4 1819//4
f 1823//1 1821//1 1824//1
f 1824//1 1821//1 1822//1
f 1818//2 1824//2 1820//2
f 1818//2 1823//2 1824//2
f 1821//5 1823//5 1817//5
f 1817//5 1823//5 1818//5
f 1824//6 1819//6 1820//6
f 1824//6 1822//6 1819//6
f 1825//3 1826//3 1827//3
f 1827//3 1826//3 1828//3
f 1829//4 1827//4 1830//4
f 1829//4 1825//4 1827//4
f 1831//1 1829//1 1832//1
f 1832//1 1829//1 1830//1
f 1826//2 1832//2 1828//2
f 1826//2 1831//2 1832//2
f 1829//5 1831//5 1825//5
f 1825//5 1831//5 1826//5
f 1832//6 1827//6 1828//6
f 1832//6 1830//6 1827//6
f 1833//3 1834//3 1835//3
f 1835//3 1834//3 1836//3
f 1837//4 1835//4 1838//4
f 1837//4 1833//4 1835//4
f 1839//1 1837//1 1840//1
f 1840//1 1837//1 1838//1
f 1834//2 1840//2 1836//2
f 1834//2 1839//2 1840//2
f 1837//5 1839//5 1833//5
f 1833//5 1839//5 1834//5
f 1840//6 1835//6 1836//6
f 1840//6 1838//6 1835//6
f 1841//3 1842//3 1843//3
f 1843//3 1842//3 1844//3
f 1845//4 1843//4 1846//4
f 1845//4 1841//4 1843//4
f 1847//1 1845//1 1848//1
f 1848//1 1845//1 1846//1
f 1842//2 1848//2 1844//2
f 1842//2 1847//2 1848//2
f 1845//5 1847//5 1841//5
f 1841//5 1847//5 1842//5
f 1848//6 1843//6 1844//6
f 1848//6 1846//6 1843//6
f 1849//3 1850//3 1851//3
f 1851//3 1850//3 1852//3
f 1853//4 1851//4 1854//4
f 1853//4 1849//4 1851//4
f 1855//1 1853//1 1856//1
f 1856//1 1853//1 1854//1
f 1850//2 1856//2 1852//2
f 1850//2 1855//2 1856//2
f 1853//5 1855//5 1849//5
f 1849//5 1855//5 1850//5
f 1856//6 1851//6 1852//6
f 1856//6 1854//6 1851//6
f 1857//3 1858//3 1859//3
f 1859//3 1858//3 1860//3
f 1861//4 1859//4 1862//4
f 1861//4 1857//4 1859//4
f 1863//1 1861//1 1864//1
f 1864//1 1861//1 1862//1
f 1858//2 1864//2 1860//2
f 1858//2 1863//2 1864//2
f 1861//5 1863//5 1857//5
f 1857//5 1863//5 1858//5
f 1864//6 1859//6 1860//6
f 1864//6 1862//6 1859//6
f 1865//3 1866//3 1867//3
f 1867//3 1866//3 1868//3
f 1869//4 1867//4 1870//4
f 1869//4 1865//4 1867//4
f 1871//1 1869//1 1872//1
f 1872//1 1869//1 1870//1
f 1866//2 1872//2 1868//2
f 1866//2 1871//2 1872//2
f 1869//5 1871//5 1865//5
f 1865//5 1871//5 1866//5
f 1872//6 1867//6 1868//6
f 1872//6 1870//6 1867//6
f 1873//3 1874//3 1875//3
f 1875//3 1874//3 1876//3
f 1877//4 1875//4 1878//4
f 1877//4 1873//4 1875//4
f 1879//1 1877//1 1880//1
f 1880//1 1877//1 1878//1
f 1874//2 1880//2 1876//2
f 1874//2 1879//2 1880//2
f 1877//5 1879//5 1873//5
f 1873//5 1879//5 1874//5
f 1880//6 1875//6 1876//6
f 1880//6 1878//6 1875//6
f 1881//3 1882//3 1883//3
f 1883//3 1882//3 1884//3
f 1885//4 1883//4 1886//4
f 1885//4 1881//4 1883//4
f 1887//1 1885//1 1888//1
f 1888//1 1885//1 1886//1
f 1882//2 1888//2 1884//2
f 1882//2 1887//2 1888//2
f 1885//5 1887//5 1881//5
f 1881//5 1887//5 1882//5
f 1888//6 1883//6 1884//6
f 1888//6 1886//6 1883//6
f 1889//3 1890//3 1891//3
f 1891//3 1890//3 1892//3
f 1893//4 1891//4 1894//4
f 1893//4 1889//4 1891//4
f 1895//1 1893//1 1896//1
f 1896//1 1893//1 1894//1
f 1890//2 1896//2 1892//2
f 1890//2 1895//2 1896//2
f 1893//5 1895//5 1889//5
f 1889//5 1895//5 1890//5
f 1896//6 1891//6 1892//6
f 1896//6 1894//6 1891//6
f 1897//3 1898//3 1899//3
f 1899//3 1898//3 1900//3
f 1901//4 1899//4 1902//4
f 1901//4 1897//4 1899//4
f 1903//1 1901//1 1904//1
f 1904//1 1901//1 1902//1
f 1898//2 1904//2 1900//2
f 1898//2 1903//2 1904//2
f 1901//5 1903//5 1897//5
f 1897//5 1903//5 1898//5
f 1904//6 1899//6 1900//6
f 1904//6 1902//6 1899//6
f 1905//3 1906//3 1907//3
f 1907//3 1906//3 1908//3
f 1909//4 1907//4 1910//4
f 1909//4 1905//4 1907//4
f 1911//1 1909//1 1912//1
f 1912//1 1909//1 1910//1
f 1906//2 1912//2 1908//2
f 1906//2 1911//2 1912//2
f 1909//5 1911//5 1905//5
f 1905//5 1911//5 1906//5
f 1912//6 1907//6 1908//6
f 1912//6 1910//6 1907//6
f 1913//3 1914//3 1915//3
f 1915//3 1914//3 1916//3
f 1917//4 1915//4 1918//4
f 1917//4 1913//4 1915//4
f 1919//1 1917//1 1920//1
f 1920//1 1917//1 1918//1
f 1914//2 1920//2 1916//2
f 1914//2 1919//2 1920//2
f 1917//5 1919//5 1913//5
f 1913//5 1919//5 1914//5
f 1920//6 1915//6 1916//6
f 1920//6 1918//6 1915//6
f 1921//3 1922//3 1923//3
f 1923//3 1922//3 1924//3
f 1925//4 1923//4 1926//4
f 1925//4 1921//4 1923//4
f 1927//1 1925//1 1928//1
f 1928//1 1925//1 1926//1
f 1922//2 1928//2 1924//2
f 1922//2 1927//2 1928//2
f 1925//5 1927//5 1921//5
f 1921//5 1927//5 1922//5
f 1928//6 1923//6 1924//6
f 1928//6 1926//6 1923//6
f 1929//3 1930//3 1931//3
f 1931//3 1930//3 1932//3
f 1933//4 1931//4 1934//4
f 1933//4 1929//4 1931//4
f 1935//1 1933//1 1936//1
f 1936//1 1933//1 1934//1
f 1930//2 1936//2 1932//2
f 1930//2 1935//2 1936//2
f 1933//5 1935//5 1929//5
f 1929//5 1935//5 1930//5
f 1936//6 1931//6 1932//6
f 1936//6 1934//6 1931//6
f 1937//3 1938//3 1939//3
f 1939//3 1938//3 1940//3
f 1941//4 1939//4 1942//4
f 1941//4 1937//4 1939//4
f 1943//1 1941//1 1944//1
f 1944//1 1941//1 1942//1
f 1938//2 1944//2 1940//2
f 1938//2 1943//2 1944//2
f 1941//5 1943//5 1937//5
f 1937//5 1943//5 1938//5
f 1944//6 1939//6 1940//6
f 1944//6 1942//6 1939//6
f 1945//3 1946//3 1947//3
f 1947//3 1946//3 1948//3
f 1949//4 1947//4 1950//4
f 1949//4 1945//4 1947//4
f 1951//1 1949//1 1952//1
f 1952//1 1949//1 1950//1
f 1946//2 1952//2 1948//2
f 1946//2 1951//2 1952//2
f 1949//5 1951//5 1945//5
f 1945//5 1951//5 1946//5
f 1952//6 1947//6 1948//6
f 1952//6 1950//6 1947//6
f 1953//3 1954//3 1955//3
f 1955//3 1954//3 1956//3
f 1957//4 1955//4 1958//4
f 1957//4 1953//4 1955//4
f 1959//1 1957//1 1960//1
f 1960//1 1957//1 1958//1
f 1954//2 1960//2 1956//2
f 1954//2 1959//2 1960//2
f 1957//5 1959//5 1953//5
f 1953//5 1959//5 1954//5
f 1960//6 1955//6 1956//6
f 1960//6 1958//6 1955//6
f 1961//3 1962//3 1963//3
f 1963//3 1962//3 1964//3
f 1965//4 1963//4 1966//4
f 1965//4 1961//4 1963//4
f 1967//1 1965//1 1968//1
f 1968//1 1965//1 1966//1
f 1962//2 1968//2 1964//2
f 1962//2 1967//2 1968//2
f 1965//5 1967//5 1961//5
f 1961//5 1967//5 1962//5
f 1968//6 1963//6 1964//6
f 1968//6 1966//6 1963//6
f 1969//1 1970//1 1971//1
f 1971//1 1970//1 1972//1
f 1973//4 1971//4 1974//4
f 1973//4 1969//4 1971//4
f 1975//3 1973//3 1976//3
f 1976//3 1973//3 1974//3
f 1970//2 1976//2 1972//2
f 1970//2 1975//2 1976//2
f 1973//6 1975//6 1969//6
f 1969//6 1975//6 1970//6
f 1976//5 1971//5 1972//5
f 1976//5 1974//5 1971//5
f 1977//1 1978//1 1979//1
f 1979//1 1978//1 1980//1
f 1981//4 1979//4 1982//4
f 1981//4 1977//4 1979//4
f 1983//3 1981//3 1984//3
f 1984//3 1981//3 1982//3
f 1978//2 1984//2 1980//2
f 1978//2 1983//2 1984//2
f 1981//6 1983//6 1977//6
f 1977//6 1983//6 1978//6
f 1984//5 1979//5 1980//5
f 1984//5 1982//5 1979//5
f 1985//1 1986//1 1987//1
f 1987//1 1986//1 1988//1
f 1989//4 1987//4 1990//4
f 1989//4 1985//4 1987//4
f 1991//3 1989//3 1992//3
f 1992//3 1989//3 1990//3
f 1986//2 1992//2 1988//2
f 1986//2 1991//2 1992//2
f 1989//6 1991//6 1985//6
f 1985//6 1991//6 1986//6
f 1992//5 1987//5 1988//5
f 1992//5 1990//5 1987//5
f 1993//1 1994//1 1995//1
f 1995//1 1994//1 1996//1
f 1997//4 1995//4 1998//4
f 1997//4 1993//4 1995//4
f 1999//3 1997//3 2000//3
f 2000//3 1997//3 1998//3
f 1994//2 2000//2 1996//2
f 1994//2 1999//2 2000//2
f 1997//6 1999//6 1993//6
f 1993//6 1999//6 1994//6
f 2000//5 1995//5 1996//5
f 2000//5 1998//5 1995//5
f 2001//1 2002//1 2003//1
f 2003//1 2002//1 2004//1
f 2005//4 2003//4 2006//4
f 2005//4 2001//4 2003//4
f 2007//3 2005//3 2008//3
f 2008//3 2005//3 2006//3
f 2002//2 2008//2 2004//2
f 2002//2 2007//2 2008//2
f 2005//6 2007//6 2001//6
f 2001//6 2007//6 2002//6
f 2008//5 2003//5 2004//5
f 2008//5 2006//5 2003//5
f 2009//1 2010//1 2011//1
f 2011//1 2010//1 2012//1
f 2013//4 2011//4 2014//4
f 2013//4 2009//4 2011//4
f 2015//3 2013//3 2016//3
f 2016//3 2013//3 2014//3
f 2010//2 2016//2 2012//2
f 2010//2 2015//2 2016//2
f 2013//6 2015//6 2009//6
f 2009//6 2015//6 2010//6
f 2016//5 2011//5 2012//5
f 2016//5 2014//5 2011//5
f 2017//1 2018//1 2019//1
f 2019//1 2018//1 2020//1
f 2021//4 2019//4 2022//4
f 2021//4 2017//4 2019//4
f 2023//3 2021//3 2024//3
f 2024//3 2021//3 2022//3
f 2018//2 2024//2 2020//2
f 2018//2 2023//2 2024//2
f 2021//6 2023//6 2017//6
f 2017//6 2023//6 2018//6
f 2024//5 2019//5 2020//5
f 2024//5 2022//5 2019//5
f 2025//1 2026//1 2027//1
f 2027//1 2026//1 2028//1
f 2029//4 2027//4 2030//4
f 2029//4 2025//4 2027//4
f 2031//3 2029//3 2032//3
f 2032//3 2029//3 2030//3
f 2026//2 2032//2 2028//2
f 2026//2 2031//2 2032//2
f 2029//6 2031//6 2025//6
f 2025//6 2031//6 2026//6
f 2032//5 2027//5 2028//5
f 2032//5 2030//5 2027//5
f 2033//1 2034//1 2035//1
f 2035//1 2034//1 2036//1
f 2037//4 2035//4 2038//4
f 2037//4 2033//4 2035//4
f 2039//3 2037//3 2040//3
f 2040//3 2037//3 2038//3
f 2034//2 2040//2 2036//2
f 2034//2 2039//2 2040//2
f 2037//6 2039//6 2033//6
f 2033//6 2039//6 2034//6
f 2040//5 2035//5 2036//5
f 2040//5 2038//5 2035//5
f 2041//1 2042//1 2043//1
f 2043//1 2042//1 2044//1
f 2045//4 2043//4 2046//4
f 2045//4 2041//4 2043//4
f 2047//3 2045//3 2048//3
f 2048//3 2045//3 2046//3
f 2042//2 2048//2 2044//2
f 2042//2 2047//2 2048//2
f 2045//6 2047//6 2041//6
f 2041//6 2047//6 2042//6
f 2048//5 2043//5 2044//5
f 2048//5 2046//5 2043//5
f 2049//1 2050//1 2051//1
f 2051//1 2050//1 2052//1
f 2053//4 2051//4 2054//4
f 2053//4 2049//4 2051//4
f 2055//3 2053//3 2056//3
f 2056//3 2053//3 2054//3
f 2050//2 2056//2 2052//2
f 2050//2 2055//2 2056//2
f 2053//6 2055//6 2049//6
f 2049//6 2055//6 2050//6
f 2056//5 2051//5 2052//5
f 2056//5 2054//5 2051//5
f 2057//1 2058//1 2059//1
f 2059//1 2058//1 2060//1
f 2061//4 2059//4 2062//4
f 2061//4 2057//4 2059//4
f 2063//3 2061//3 2064//3
f 2064//3 2061//3 2062//3
f 2058//2 2064//2 2060//2
f 2058//2 2063//2 2064//2
f 2061//6 2063//6 2057//6
f 2057//6 2063//6 2058//6
f 2064//5 2059//5 2060//5
f 2064//5 2062//5 2059//5
f 2065//1 2066//1 2067//1
f 2067//1 2066//1 2068//1
f 2069//4 2067//4 2070//4
f 2069//4 2065//4 2067//4
f 2071//3 2069//3 2072//3
f 2072//3 2069//3 2070//3
f 2066//2 2072//2 2068//2
f 2066//2 2071//2 2072//2
f 2069//6 2071//6 2065//6
f 2065//6 2071//6 2066//6
f 2072//5 2067//5 2068//5
f 2072//5 2070//5 2067//5
f 2073//1 2074//1 2075//1
f 2075//1 2074//1 2076//1
f 2077//4 2075//4 2078//4
f 2077//4 2073//4 2075//4
f 2079//3 2077//3 2080//3
f 2080//3 2077//3 2078//3
f 2074//2 2080//2 2076//2
f 2074//2 2079//2 2080//2
f 2077//6 2079//6 2073//6
f 2073//6 2079//6 2074//6
f 2080//5 2075//5 2076//5
f 2080//5 2078//5 2075//5
f 2081//1 2082//1 2083//1
f 2083//1 2082//1 2084//1
f 2085//4 2083//4 2086//4
f 2085//4 2081//4 2083//4
f 2087//3 2085//3 2088//3
f 2088//3 2085//3 2086//3
f 2082//2 2088//2 2084//2
f 2082//2 2087//2 2088//2
f 2085//6 2087//6 2081//6
f 2081//6 2087//6 2082//6
f 2088//5 2083//5 2084//5
f 2088//5 2086//5 2083//5
f 2089//1 2090//1 2091//1
f 2091//1 2090//1 2092//1
f 2093//4 2091//4 2094//4
f 2093//4 2089//4 2091//4
f 2095//3 2093//3 2096//3
f 2096//3 2093//3 2094//3
f 2090//2 2096//2 2092//2
f 2090//2 2095//2 2096//2
f 2093//6 2095//6 2089//6
f 2089//6 2095//6 2090//6
f 2096//5 2091//5 2092//5
f 2096//5 2094//5 2091//5
f 2097//1 2098//1 2099//1
f 2099//1 2098//1 2100//1
f 2101//4 2099//4 2102//4
f 2101//4 2097//4 2099//4
f 2103//3 2101//3 2104//3
f 2104//3 2101//3 2102//3
f 2098//2 2104//2 2100//2
f 2098//2 2103//2 2104//2
f 2101//6 2103//6 2097//6
f 2097//6 2103//6 2098//6
f 2104//5 2099//5 2100//5
f 2104//5 2102//5 2099//5
f 2105//1 2106//1 2107//1
f 2107//1 2106//1 2108//1
f 2109//4 2107//4 2110//4
f 2109//4 2105//4 2107//4
f 2111//3 2109//3 2112//3
f 2112//3 2109//3 2110//3
f 2106//2 2112//2 2108//2
f 2106//2 2111//2 2112//2
f 2109//6 2111//6 2105//6
f 2105//6 2111//6 2106//6
f 2112//5 2107//5 2108//5
f 2112//5 2110//5 2107//5
f 2113//1 2114//1 2115//1
f 2115//1 2114//1 2116//1
f 2117//4 2115//4 2118//4
f 2117//4 2113//4 2115//4
f 2119//3 2117//3 2120//3
f 2120//3 2117//3 2118//3
f 2114//2 2120//2 2116//2
f 2114//2 2119//2 2120//2
f 2117//6 2119//6 2113//6
f 2113//6 2119//6 2114//6
f 2120//5 2115//5 2116//5
f 2120//5 2118//5 2115//5
f 2121//1 2122//1 2123//1
f 2123//1 2122//1 2124//1
f 2125//4 2123//4 2126//4
f 2125//4 2121//4 2123//4
f 2127//3 2125//3 2128//3
f 2128//3 2125//3 2126//3
f 2122//2 2128//2 2124//2
f 2122//2 2127//2 2128//2
f 2125//6 2127//6 2121//6
f 2121//6 2127//6 2122//6
f 2128//5 2123//5 2124//5
f 2128//5 2126//5 2123//5
f 2129//1 2130//1 2131//1
f 2131//1 2130//1 2132//1
f 2133//4 2131//4 2134//4
f 2133//4 2129//4 2131//4
f 2135//3 2133//3 2136//3
f 2136//3 2133//3 2134//3
f 2130//2 2136//2 2132//2
f 2130//2 2135//2 2136//2
f 2133//6 2135//6 2129//6
f 2129//6 2135//6 2130//6
f 2136//5 2131//5 2132//5
f 2136//5 2134//5 2131//5
f 2137//1 2138//1 2139//1
f 2139//1 2138//1 2140//1
f 2141//4 2139//4 2142//4
f 2141//4 2137//4 2139//4
f 2143//3 2141//3 2144//3
f 2144//3 2141//3 2142//3
f 2138//2 2144//2 2140//2
f 2138//2 2143//2 2144//2
f 2141//6 2143//6 2137//6
f 2137//6 2143//6 2138//6
f 2144//5 2139//5 2140//5
f 2144//5 2142//5 2139//5
f 2145//1 2146//1 2147//1
f 2147//1 2146//1 2148//1
f 2149//4 2147//4 2150//4
f 2149//4 2145//4 2147//4
f 2151//3 2149//3 2152//3
f 2152//3 2149//3 2150//3
f 2146//2 2152//2 2148//2
f 2146//2 2151//2 2152//2
f 2149//6 2151//6 2145//6
f 2145//6 2151//6 2146//6
f 2152//5 2147//5 2148//5
f 2152//5 2150//5 2147//5
f 2153//1 2154//1 2155//1
f 2155//1 2154//1 2156//1
f 2157//4 2155//4 2158//4
f 2157//4 2153//4 2155//4
f 2159//3 2157//3 2160//3
f 2160//3 2157//3 2158//3
f 2154//2 2160//2 2156//2
f 2154//2 2159//2 2160//2
f 2157//6 2159//6 2153//6
f 2153//6 2159//6 2154//6
f 2160//5 2155//5 2156//5
f 2160//5 2158//5 2155//5
f 2161//1 2162//1 2163//1
f 2163//1 2162//1 2164//1
f 2165//4 2163//4 2166//4
f 2165//4 2161//4 2163//4
f 2167//3 2165//3 2168//3
f 2168//3 2165//3 2166//3
f 2162//2 2168//2 2164//2
f 2162//2 2167//2 2168//2
f 2165//6 2167//6 2161//6
f 2161//6 2167//6 2162//6
f 2168//5 2163//5 2164//5
f 2168//5 2166//5 2163//5
f 2169//3 2170//3 2171//3
f 2171//3 2170//3 2172//3
f 2173//4 2171//4 2174//4
f 2173//4 2169//4 2171//4
f 2175//1 2173//1 2176//1
f 2176//1 2173//1 2174//1
f 2170//2 2176//2 2172//2
f 2170//2 2175//2 2176//2
f 2173//5 2175//5 2169//5
f 2169//5 2175//5 2170//5
f 2176//6 2171//6 2172//6
f 2176//6 2174//6 2171//6
f 2177//3 2178//3 2179//3
f 2179//3 2178//3 2180//3
f 2181//4 2179//4 2182//4
f 2181//4 2177//4 2179//4
f 2183//1 2181//1 2184//1
f 2184//1 2181//1 2182//1
f 2178//2 2184//2 2180//2
f 2178//2 2183//2 2184//2
f 2181//5 2183//5 2177//5
f 2177//5 2183//5 2178//5
f 2184//6 2179//6 2180//6
f 2184//6 2182//6 2179//6
f 2185//3 2186//3 2187//3
f 2187//3 2186//3 2188//3
f 2189//4 2187//4 2190//4
f 2189//4 2185//4 2187//4
f 2191//1 2189//1 2192//1
f 2192//1 2189//1 2190//1
f 2186//2 2192//2 2188//2
f 2186//2 2191//2 2192//2
f 2189//5 2191//5 2185//5
f 2185//5 2191//5 2186//5
f 2192//6 2187//6 2188//6
f 2192//6 2190//6 2187//6
f 2193//3 2194//3 2195//3
f 2195//3 2194//3 2196//3
f 2197//4 2195//4 2198//4
f 2197//4 2193//4 2195//4
f 2199//1 2197//1 2200//1
f 2200//1 2197//1 2198//1
f 2194//2 2200//2 2196//2
f 2194//2 2199//2 2200//2
f 2197//5 2199//5 2193//5
f 2193//5 2199//5 2194//5
f 2200//6 2195//6 2196//6
f 2200//6 2198//6 2195//6
f 2201//3 2202//3 2203//3
f 2203//3 2202//3 2204//3
f 2205//4 2203//4 2206//4
f 2205//4 2201//4 2203//4
f 2207//1 2205//1 2208//1
f 2208//1 2205//1 2206//1
f 2202//2 2208//2 2204//2
f 2202//2 2207//2 2208//2
f 2205//5 2207//5 2201//5
f 2201//5 2207//5 2202//5
f 2208//6 2203//6 2204//6
f 2208//6 2206//6 2203//6
f 2209//3 2210//3 2211//3
f 2211//3 2210//3 2212//3
f 2213//4 2211//4 2214//4
f 2213//4 2209//4 2211//4
f 2215//1 2213//1 2216//1
f 2216//1 2213//1 2214//1
f 2210//2 2216//2 2212//2
f 2210//2 2215//2 2216//2
f 2213//5 2215//5 2209//5
f 2209//5 2215//5 2210//5
f 2216//6 2211//6 2212//6
f 2216//6 2214//6 2211//6
f 2217//3 2218//3 2219//3
f 2219//3 2218//3 2220//3
f 2221//4 2219//4 2222//4
f 2221//4 2217//4 2219//4
f 2223//1 2221//1 2224//1
f 2224//1 2221//1 2222//1
f 2218//2 2224//2 2220//2
f 2218//2 2223//2 2224//2
f 2221//5 2223//5 2217//5
f 2217//5 2223//5 2218//5
f 2224//6 2219//6 2220//6
f 2224//6 2222//6 2219//6
f 2225//3 2226//3 2227//3
f 2227//3 2226//3 2228//3
f 2229//4 2227//4 2230//4
f 2229//4 2225//4 2227//4
f 2231//1 2229//1 2232//1
f 2232//1 2229//1 2230//1
f 2226//2 2232//2 2228//2
f 2226//2 2231//2 2232//2
f 2229//5 2231//5 2225//5
f 2225//5 2231//5 2226//5
f 2232//6 2227//6 2228//6
f 2232//6 2230//6 2227//6
f 2233//3 2234//3 2235//3
f 2235//3 2234//3 2236//3
f 2237//4 2235//4 2238//4
f 2237//4 2233//4 2235//4
f 2239//1 2237//1 2240//1
f 2240//1 2237//1 2238//1
f 2234//2 2240//2 2236//2
f 2234//2 2239//2 2240//2
f 2237//5 2239//5 2233//5
f 2233//5 2239//5 2234//5
f 2240//6 2235//6 2236//6
f 2240//6 2238//6 2235//6
f 2241//3 2242//3 2243//3
f 2243//3 2242//3 2244//3
f 2245//4 2243//4 2246//4
f 2245//4 2241//4 2243//4
f 2247//1 2245//1 2248//1
f 2248//1 2245//1 2246//1
f 2242//2 2248//2 2244//2
f 2242//2 2247//2 2248//2
f 2245//5 2247//5 2241//5
f 2241//5 2247//5 2242//5
f 2248//6 2243//6 2244//6
f 2248//6 2246//6 2243//6
f 2249//3 2250//3 2251//3
f 2251//3 2250//3 2252//3
f 2253//4 2251//4 2254//4
f 2253//4 2249//4 2251//4
f 2255//1 2253//1 2256//1
f 2256//1 2253//1 2254//1
f 2250//2 2256//2 2252//2
f 2250//2 2255//2 2256//2
f 2253//5 2255//5 2249//5
f 2249//5 2255//5 2250//5
f 2256//6 2251//6 2252//6
f 2256//6 2254//6 2251//6
f 2257//3 2258//3 2259//3
f 2259//3 2258//3 2260//3
f 2261//4 2259//4 2262//4
f 2261//4 2257//4 2259//4
f 2263//1 2261//1 2264//1
f 2264//1 2261//1 2262//1
f 2258//2 2264//2 2260//2
f 2258//2 2263//2 2264//2
f 2261//5 2263//5 2257//5
f 2257//5 2263//5 2258//5
f 2264//6 2259//6 2260//6
f 2264//6 2262//6 2259//6
f 2265//3 2266//3 2267//3
f 2267//3 2266//3 2268//3
f 2269//4 2267//4 2270//4
f 2269//4 2265//4 2267//4
f 2271//1 2269//1 2272//1
f 2272//1 2269//1 2270//1
f 2266//2 2272//2 2268//2
f 2266//2 2271//2 2272//2
f 2269//5 2271//5 2265//5
f 2265//5 2271//5 2266//5
f 2272//6 2267//6 2268//6
f 2272//6 2270//6 2267//6
f 2273//3 2274//3 2275//3
f 2275//3 2274//3 2276//3
f 2277//4 2275//4 2278//4
f 2277//4 2273//4 2275//4
f 2279//1 2277//1 2280//1
f 2280//1 2277//1 2278//1
f 2274//2 2280//2 2276//2
f 2274//2 2279//2 2280//2
f 2277//5 2279//5 2273//5
f 2273//5 2279//5 2274//5
f 2280//6 2275//6 2276//6
f 2280//6 2278//6 2275//6
f 2281//3 2282//3 2283//3
f 2283//3 2282//3 2284//3
f 2285//4 2283//4 2286//4
f 2285//4 2281//4 2283//4
f 2287//1 2285//1 2288//1
f 2288//1 2285//1 2286//1
f 2282//2 2288//2 2284//2
f 2282//2 2287//2 2288//2
f 2285//5 2287//5 2281//5
f 2281//5 2287//5 2282//5
f 2288//6 2283//6 2284//6
f 2288//6 2286//6 2283//6
f 2289//3 2290//3 2291//3
f 2291//3 2290//3 2292//3
f 2293//4 2291//4 2294//4
f 2293//4 2289//4 2291//4
f 2295//1 2293//1 2296//1
f 2296//1 2293//1 2294//1
f 2290//2 2296//2 2292//2
f 2290//2 2295//2 2296//2
f 2293//5 2295//5 2289//5
f 2289//5 2295//5 2290//5
f 2296//6 2291//6 2292//6
f 2296//6 2294//6 2291//6
f 2297//3 2298//3 2299//3
f 2299//3 2298//3 2300//3
f 2301//4 2299//4 2302//4
f 2301//4 2297//4 2299//4
f 2303//1 2301//1 2304//1
f 2304//1 2301//1 2302//1
f 2298//2 2304//2 2300//2
f 2298//2 2303//2 2304//2
f 2301//5 2303//5 2297//5
f 2297//5 2303//5 2298//5
f 2304//6 2299//6 2300//6
f 2304//6 2302//6 2299//6
f 2305//3 2306//3 2307//3
f 2307//3 2306//3 2308//3
f 2309//4 2307//4 2310//4
f 2309//4 2305//4 2307//4
f 2311//1 2309//1 2312//1
f 2312//1 2309//1 2310//1
f 2306//2 2312//2 2308//2
f 2306//2 2311//2 2312//2
f 2309//5 2311//5 2305//5
f 2305//5 2311//5 2306//5
f 2312//6 2307//6 2308//6
f 2312//6 2310//6 2307//6
f 2313//3 2314//3 2315//3
f 2315//3 2314//3 2316//3
f 2317//4 2315//4 2318//4
f 2317//4 2313//4 2315//4
f 2319//1 2317//1 2320//1
f 2320//1 2317//1 2318//1
f 2314//2 2320//2 2316//2
f 2314//2 2319//2 2320//2
f 2317//5 2319//5 2313//5
f 2313//5 2319//5 2314//5
f 2320//6 2315//6 2316//6
f 2320//6 2318//6 2315//6
f 2321//3 2322//3 2323//3
f 2323//3 2322//3 2324//3
f 2325//4 2323//4 2326//4
f 2325//4 2321//4 2323//4
f 2327//1 2325//1 2328//1
f 2328//1 2325//1 2326//1
f 2322//2 2328//2 2324//2
f 2322//2 2327//2 2328//2
f 2325//5 2327//5 2321//5
f 2321//5 2327//5 2322//5
f 2328//6 2323//6 2324//6
f 2328//6 2326//6 2323//6
f 2329//3 2330//3 2331//3
f 2331//3 2330//3 2332//3
f 2333//4 2331//4 2334//4
f 2333//4 2329//4 2331//4
f 2335//1 2333//1 2336//1
f 2336//1 2333//1 2334//1
f 2330//2 2336//2 2332//2
f 2330//2 2335//2 2336//2
f 2333//5 2335//5 2329//5
f 2329//5 2335//5 2330//5
f 2336//6 2331//6 2332//6
f 2336//6 2334//6 2331//6
f 2337//3 2338//3 2339//3
f 2339//3 2338//3 2340//3
f 2341//4 2339//4 2342//4
f 2341//4 2337//4 2339//4
f 2343//1 2341//1 2344//1
f 2344//1 2341//1 2342//1
f 2338//2 2344//2 2340//2
f 2338//2 2343//2 2344//2
f 2341//5 2343//5 2337//5
f 2337//5 2343//5 2338//5
f 2344//6 2339//6 2340//6
f 2344//6 2342//6 2339//6
f 2345//3 2346//3 2347//3
f 2347//3 2346//3 2348//3
f 2349//4 2347//4 2350//4
f 2349//4 2345//4 2347//4
f 2351//1 2349//1 2352//1
f 2352//1 2349//1 2350//1
f 2346//2 2352//2 2348//2
f 2346//2 2351//2 2352//2
f 2349//5 2351//5 2345//5
f 2345//5 2351//5 2346//5
f 2352//6 2347//6 2348//6
f 2352//6 2350//6 2347//6
f 2353//3 2354//3 2355//3
f 2355//3 2354//3 2356//3
f 2357//4 2355//4 2358//4
f 2357//4 2353//4 2355//4
f 2359//1 2357//1 2360//1
f 2360//1 2357//1 2358//1
f 2354//2 2360//2 2356//2
f 2354//2 2359//2 2360//2
f 2357//5 2359//5 2353//5
f 2353//5 2359//5 2354//5
f 2360//6 2355//6 2356//6
f 2360//6 2358//6 2355//6
f 2361//3 2362//3 2363//3
f 2363//3 2362//3 2364//3
f 2365//4 2363//4 2366//4
f 2365//4 2361//4 2363//4
f 2367//1 2365//1 2368//1
f 2368//1 2365//1 2366//1
f 2362//2 2368//2 2364//2
f 2362//2 2367//2 2368//2
f 2365//5 2367//5 2361//5
f 2361//5 2367//5 2362//5
f 2368//6 2363//6 2364//6
f 2368//6 2366//6 2363//6
f 2369//1 2370//1 2371//1
f 2371//1 2370//1 2372//1
f 2373//4 2371//4 2374//4
f 2373//4 2369//4 2371//4
f 2375//3 2373//3 2376//3
f 2376//3 2373//3 2374//3
f 2370//2 2376//2 2372//2
f 2370//2 2375//2 2376//2
f 2373//6 2375//6 2369//6
f 2369//6 2375//6 2370//6
f 2376//5 2371//5 2372//5
f 2376//5 2374//5 2371//5
f 2377//1 2378//1 2379//1
f 2379//1 2378//1 2380//1
f 2381//4 2379//4 2382//4
f 2381//4 2377//4 2379//4
f 2383//3 2381//3 2384//3
f 2384//3 2381//3 2382//3
f 2378//2 2384//2 2380//2
f 2378//2 2383//2 2384//2
f 2381//6 2383//6 2377//6
f 2377//6 2383//6 2378//6
f 2384//5 2379//5 2380//5
f 2384//5 2382//5 2379//5
f 2385//1 2386//1 2387//1
f 2387//1 2386//1 2388//1
f 2389//4 2387//4 2390//4
f 2389//4 2385//4 2387//4
f 2391//3 2389//3 2392//3
f 2392//3 2389//3 2390//3
f 2386//2 2392//2 2388//2
f 2386//2 2391//2 2392//2
f 2389//6 2391//6 2385//6
f 2385//6 2391//6 2386//6
f 2392//5 2387//5 2388//5
f 2392//5 2390//5 2387//5
f 2393//1 2394//1 2395//1
f 2395//1 2394//1 2396//1
f 2397//4 2395//4 2398//4
f 2397//4 2393//4 2395//4
f 2399//3 2397//3 2400//3
f 2400//3 2397//3 2398//3
f 2394//2 2400//2 2396//2
f 2394//2 2399//2 2400//2
f 2397//6 2399//6 2393//6
f 2393//6 2399//6 2394//6
f 2400//5 2395//5 2396//5
f 2400//5 2398//5 2395//5
f 2401//1 2402//1 2403//1
f 2403//1 2402//1 2404//1
f 2405//4 2403//4 2406//4
f 2405//4 2401//4 2403//4
f 2407//3 2405//3 2408//3
f 2408//3 2405//3 2406//3
f 2402//2 2408//2 2404//2
f 2402//2 2407//2 2408//2
f 2405//6 2407//6 2401//6
f 2401//6 2407//6 2402//6
f 2408//5 2403//5 2404//5
f 2408//5 2406//5 2403//5
f 2409//1 2410//1 2411//1
f 2411//1 2410//1 2412//1
f 2413//4 2411//4 2414//4
f 2413//4 2409//4 2411//4
f 2415//3 2413//3 2416//3
f 2416//3 2413//3 2414//3
f 2410//2 2416//2 2412//2
f 2410//2 2415//2 2416//2
f 2413//6 2415//6 2409//6
f 2409//6 2415//6 2410//6
f 2416//5 2411//5 2412//5
f 2416//5 2414//5 2411//5
f 2417//1 2418//1 2419//1
f 2419//1 2418//1 2420//1
f 2421//4 2419//4 2422//4
f 2421//4 2417//4 2419//4
f 2423//3 2421//3 2424//3
f 2424//3 2421//3 2422//3
f 2418//2 2424//2 2420//2
f 2418//2 2423//2 2424//2
f 2421//6 2423//6 2417//6
f 2417//6 2423//6 2418//6
f 2424//5 2419//5 2420//5
f 2424//5 2422//5 2419//5
f 2425//1 2426//1 2427//1
f 2427//1 2426//1 2428//1
f 2429//4 2427//4 2430//4
f 2429//4 2425//4 2427//4
f 2431//3 2429//3 2432//3
f 2432//3 2429//3 2430//3
f 2426//2 2432//2 2428//2
f 2426//2 2431//2 2432//2
f 2429//6 2431//6 2425//6
f 2425//6 2431//6 2426//6
f 2432//5 2427//5 2428//5
f 2432//5 2430//5 2427//5
f 2433//1 2434//1 2435//1
f 2435//1 2434//1 2436//1
f 2437//4 2435//4 2438//4
f 2437//4 2433//4 2435//4
f 2439//3 2437//3 2440//3
f 2440//3 2437//3 2438//3
f 2434//2 2440//2 2436//2
f 2434//2 2439//2 2440//2
f 2437//6 2439//6 2433//6
f 2433//6 2439//6 2434//6
f 2440//5 2435//5 2436//5
f 2440//5 2438//5 2435//5
f 2441//1 2442//1 2443//1
f 2443//1 2442//1 2444//1
f 2445//4 2443//4 2446//4
f 2445//4 2441//4 2443//4
f 2447//3 2445//3 2448//3
f 2448//3 2445//3 2446//3
f 2442//2 2448//2 2444//2
f 2442//2 2447//2 2448//2
f 2445//6 2447//6 2441//6
f 2441//6 2447//6 2442//6
f 2448//5 2443//5 2444//5
f 2448//5 2446//5 2443//5
f 2449//1 2450//1 2451//1
f 2451//1 2450//1 2452//1
f 2453//4 2451//4 2454//4
f 2453//4 2449//4 2451//4
f 2455//3 2453//3 2456//3
f 2456//3 2453//3 2454//3
f 2450//2 2456//2 2452//2
f 2450//2 2455//2 2456//2
f 2453//6 2455//6 2449//6
f 2449//6 2455//6 2450//6
f 2456//5 2451//5 2452//5
f 2456//5 2454//5 2451//5
f 2457//1 2458//1 2459//1
f 2459//1 2458//1 2460//1
f 2461//4 2459//4 2462//4
f 2461//4 2457//4 2459//4
f 2463//3 2461//3 2464//3
f 2464//3 2461//3 2462//3
f 2458//2 2464//2 2460//2
f 2458//2 2463//2 2464//2
f 2461//6 2463//6 2457//6
f 2457//6 2463//6 2458//6
f 2464//5 2459//5 2460//5
f 2464//5 2462//5 2459//5
f 2465//1 2466//1 2467//1
f 2467//1 2466//1 2468//1
f 2469//4 2467//4 2470//4
f 2469//4 2465//4 2467//4
f 2471//3 2469//3 2472//3
f 2472//3 2469//3 2470//3
f 2466//2 2472//2 2468//2
f 2466//2 2471//2 2472//2
f 2469//6 2471//6 2465//6
f 2465//6 2471//6 2466//6
f 2472//5 2467//5 2468//5
f 2472//5 2470//5 2467//5
f 2473//1 2474//1 2475//1
f 2475//1 2474//1 2476//1
f 2477//4 2475//4 2478//4
f 2477//4 2473//4 2475//4
f 2479//3 2477//3 2480//3
f 2480//3 2477//3 2478//3
f 2474//2 2480//2 2476//2
f 2474//2 2479//2 2480//2
f 2477//6 2479//6 2473//6
f 2473//6 2479//6 2474//6
f 2480//5 2475//5 2476//5
f 2480//5 2478//5 2475//5
f 2481//1 2482//1 2483//1
f 2483//1 2482//1 2484//1
f 2485//4 2483//4 2486//4
f 2485//4 2481//4 2483//4
f 2487//3 2485//3 2488//3
f 2488//3 2485//3 2486//3
f 2482//2 2488//2 2484//2
f 2482//2 2487//2 2488//2
f 2485//6 2487//6 2481//6
f 2481//6 2487//6 2482//6
f 2488//5 2483//5 2484//5
f 2488//5 2486//5 2483//5
f 2489//1 2490//1 2491//1
f 2491//1 2490//1 2492//1
f 2493//4 2491//4 2494//4
f 2493//4 2489//4 2491//4
f 2495//3 2493//3 2496//3
f 2496//3 2493//3 2494//3
f 2490//2 2496//2 2492//2
f 2490//2 2495//2 2496//2
f 2493//6 2495//6 2489//6
f 2489//6 2495//6 2490//6
f 2496//5 2491//5 2492//5
f 2496//5 2494//5 2491//5
f 2497//1 2498//1 2499//1
f 2499//1 2498//1 2500//1
f 2501//4 2499//4 2502//4
f 2501//4 2497//4 2499//4
f 2503//3 2501//3 2504//3
f 2504//3 2501//3 2502//3
f 2498//2 2504//2 2500//2
f 2498//2 2503//2 2504//2
f 2501//6 2503//6 2497//6
f 2497//6 2503//6 2498//6
f 2504//5 2499//5 2500//5
f 2504//5 2502//5 2499//5
f 2505//1 2506//1 2507//1
f 2507//1 2506//1 2508//1
f 2509//4 2507//4 2510//4
f 2509//4 2505//4 2507//4
f 2511//3 2509//3 2512//3
f 2512//3 2509//3 2510//3
f 2506//2 2512//2 2508//2
f 2506//2 2511//2 2512//2
f 2509//6 2511//6 2505//6
f 2505//6 2511//6 2506//6
f 2512//5 2507//5 2508//5
f 2512//5 2510//5 2507//5
f 2513//1 2514//1 2515//1
f 2515//1 2514//1 2516//1
f 2517//4 2515//4 2518//4
f 2517//4 2513//4 2515//4
f 2519//3 2517//3 2520//3
f 2520//3 2517//3 2518//3
f 2514//2 2520//2 2516//2
f 2514//2 2519//2 2520//2
f 2517//6 2519//6 2513//6
f 2513//6 2519//6 2514//6
f 2520//5 2515//5 2516//5
f 2520//5 2518//5 2515//5
f 2521//1 2522//1 2523//1
f 2523//1 2522//1 2524//1
f 2525//4 2523//4 2526//4
f 2525//4 2521//4 2523//4
f 2527//3 2525//3 2528//3
f 2528//3 2525//3 2526//3
f 2522//2 2528//2 2524//2
f 2522//2 2527//2 2528//2
f 2525//6 2527//6 2521//6
f 2521//6 2527//6 2522//6
f 2528//5 2523//5 2524//5
f 2528//5 2526//5 2523//5
f 2529//1 2530//1 2531//1
f 2531//1 2530//1 2532//1
f 2533//4 2531//4 2534//4
f 2533//4 2529//4 2531//4
f 2535//3 2533//3 2536//3
f 2536//3 2533//3 2534//3
f 2530//2 2536//2 2532//2
f 2530//2 2535//2 2536//2
f 2533//6 2535//6 2529//6
f 2529//6 2535//6 2530//6
f 2536//5 2531//5 2532//5
f 2536//5 2534//5 2531//5
f 2537//1 2538//1 2539//1
f 2539//1 2538//1 2540//1
f 2541//4 2539//4 2542//4
f 2541//4 2537//4 2539//4
f 2543//3 2541//3 2544//3
f 2544//3 2541//3 2542//3
f 2538//2 2544//2 2540//2
f 2538//2 2543//2 2544//2
f 2541//6 2543//6 2537//6
f 2537//6 2543//6 2538//6
f 2544//5 2539//5 2540//5
f 2544//5 2542//5 2539//5
f 2545//1 2546//1 2547//1
f 2547//1 2546//1 2548//1
f 2549//4 2547//4 2550//4
f 2549//4 2545//4 2547//4
f 2551//3 2549//3 2552//3
f 2552//3 2549//3 2550//3
f 2546//2 2552//2 2548//2
f 2546//2 2551//2 2552//2
f 2549//6 2551//6 2545//6
f 2545//6 2551//6 2546//6
f 2552//5 2547//5 2548//5
f 2552//5 2550//5 2547//5
f 2553//1 2554//1 2555//1
f 2555//1 2554//1 2556//1
f 2557//4 2555//4 2558//4
f 2557//4 2553//4 2555//4
f 2559//3 2557//3 2560//3
f 2560//3 2557//3 2558//3
f 2554//2 2560//2 2556//2
f 2554//2 2559//2 2560//2
f 2557//6 2559//6 2553//6
f 2553//6 2559//6 2554//6
f 2560//5 2555//5 2556//5
f 2560//5 2558//5 2555//5
f 2561//1 2562//1 2563//1
f 2563//1 2562//1 2564//1
f 2565//4 2563//4 2566//4
f 2565//4 2561//4 2563//4
f 2567//3 2565//3 2568//3
f 2568//3 2565//3 2566//3
f 2562//2 2568//2 2564//2
f 2562//2 2567//2 2568//2
f 2565//6 2567//6 2561//6
f 2561//6 2567//6 2562//6
f 2568//5 2563//5 2564//5
f 2568//5 2566//5 2563//5
f 2569//3 2570//3 2571//3
f 2571//3 2570//3 2572//3
f 2573//4 2571//4 2574//4
f 2573//4 2569//4 2571//4
f 2575//1 2573//1 2576//1
f 2576//1 2573//1 2574//1
f 2570//2 2576//2 2572//2
f 2570//2 2575//2 2576//2
f 2573//5 2575//5 2569//5
f 2569//5 2575//5 2570//5
f 2576//6 2571//6 2572//6
f 2576//6 2574//6 2571//6
f 2577//3 2578//3 2579//3
f 2579//3 2578//3 2580//3
f 2581//4 2579//4 2582//4
f 2581//4 2577//4 2579//4
f 2583//1 2581//1 2584//1
f 2584//1 2581//1 2582//1
f 2578//2 2584//2 2580//2
f 2578//2 2583//2 2584//2
f 2581//5 2583//5 2577//5
f 2577//5 2583//5 2578//5
f 2584//6 2579//6 2580//6
f 2584//6 2582//6 2579//6
f 2585//3 2586//3 2587//3
f 2587//3 2586//3 2588//3
f 2589//4 2587//4 2590//4
f 2589//4 2585//4 2587//4
f 2591//1 2589//1 2592//1
f 2592//1 2589//1 2590//1
f 2586//2 2592//2 2588//2
f 2586//2 2591//2 2592//2
f 2589//5 2591//5 2585//5
f 2585//5 2591//5 2586//5
f 2592//6 2587//6 2588//6
f 2592//6 2590//6 2587//6
f 2593//3 2594//3 2595//3
f 2595//3 2594//3 2596//3
f 2597//4 2595//4 2598//4
f 2597//4 2593//4 2595//4
f 2599//1 2597//1 2600//1
f 2600//1 2597//1 2598//1
f 2594//2 2600//2 2596//2
f 2594//2 2599//2 2600//2
f 2597//5 2599//5 2593//5
f 2593//5 2599//5 2594//5
f 2600//6 2595//6 2596//6
f 2600//6 2598//6 2595//6
f 2601//3 2602//3 2603//3
f 2603//3 2602//3 2604//3
f 2605//4 2603//4 2606//4
f 2605//4 2601//4 2603//4
f 2607//1 2605//1 2608//1
f 2608//1 2605//1 2606//1
f 2602//2 2608//2 2604//2
f 2602//2 2607//2 2608//2
f 2605//5 2607//5 2601//5
f 2601//5 2607//5 2602//5
f 2608//6 2603//6 2604//6
f 2608//6 2606//6 2603//6
f 2609//3 2610//3 2611//3
f 2611//3 2610//3 2612//3
f 2613//4 2611//4 2614//4
f 2613//4 2609//4 2611//4
f 2615//1 2613//1 2616//1
f 2616//1 2613//1 2614//1
f 2610//2 2616//2 2612//2
f 2610//2 2615//2 2616//2
f 2613//5 2615//5 2609//5
f 2609//5 2615//5 2610//5
f 2616//6 2611//6 2612//6
f 2616//6 2614//6 2611//6
f 2617//3 2618//3 2619//3
f 2619//3 2618//3 2620//3
f 2621//4 2619//4 2622//4
f 2621//4 2617//4 2619//4
f 2623//1 2621//1 2624//1
f 2624//1 2621//1 2622//1
f 2618//2 2624//2 2620//2
f 2618//2 2623//2 2624//2
f 2621//5 2623//5 2617//5
f 2617//5 2623//5 2618//5
f 2624//6 2619//6 2620//6
f 2624//6 2622//6 2619//6
f 2625//3 2626//3 2627//3
f 2627//3 2626//3 2628//3
f 2629//4 2627//4 2630//4
f 2629//4 2625//4 2627//4
f 2631//1 2629//1 2632//1
f 2632//1 2629//1 2630//1
f 2626//2 2632//2 2628//2
f 2626//2 2631//2 2632//2
f 2629//5 2631//5 2625//5
f 2625//5 2631//5 2626//5
f 2632//6 2627//6 2628//6
f 2632//6 2630//6 2627//6
f 2633//3 2634//3 2635//3
f 2635//3 2634//3 2636//3
f 2637//4 2635//4 2638//4
f 2637//4 2633//4 2635//4
f 2639//1 2637//1 2640//1
f 2640//1 2637//1 2638//1
f 2634//2 2640//2 2636//2
f 2634//2 2639//2 2640//2
f 2637//5 2639//5 2633//5
f 2633//5 2639//5 2634//5
f 2640//6 2635//6 2636//6
f 2640//6 2638//6 2635//6
f 2641//3 2642//3 2643//3
f 2643//3 2642//3 2644//3
f 2645//4 2643//4 2646//4
f 2645//4 2641//4 2643//4
f 2647//1 2645//1 2648//1
f 2648//1 2645//1 2646//1
f 2642//2 2648//2 2644//2
f 2642//2 2647//2 2648//2
f 2645//5 2647//5 2641//5
f 2641//5 2647//5 2642//5
f 2648//6 2643//6 2644//6
f 2648//6 2646//6 2643//6
f 2649//3 2650//3 2651//3
f 2651//3 2650//3 2652//3
f 2653//4 2651//4 2654//4
f 2653//4 2649//4 2651//4
f 2655//1 2653//1 2656//1
f 2656//1 2653//1 2654//1
f 2650//2 2656//2 2652//2
f 2650//2 2655//2 2656//2
f 2653//5 2655//5 2649//5
f 2649//5 2655//5 2650//5
f 2656//6 2651//6 2652//6
f 2656//6 2654//6 2651//6
f 2657//3 2658//3 2659//3
f 2659//3 2658//3 2660//3
f 2661//4 2659//4 2662//4
f 2661//4 2657//4 2659//4
f 2663//1 2661//1 2664//1
f 2664//1 2661//1 2662//1
f 2658//2 2664//2 2660//2
f 2658//2 2663//2 2664//2
f 2661//5 2663//5 2657//5
f 2657//5 2663//5 2658//5
f 2664//6 2659//6 2660//6
f 2664//6 2662//6 2659//6
f 2665//3 2666//3 2667//3
f 2667//3 2666//3 2668//3
f 2669//4 2667//4 2670//4
f 2669//4 2665//4 2667//4
f 2671//1 2669//1 2672//1
f 2672//1 2669//1 2670//1
f 2666//2 2672//2 2668//2
f 2666//2 2671//2 2672//2
f 2669//5 2671//5 2665//5
f 2665//5 2671//5 2666//5
f 2672//6 2667//6 2668//6
f 2672//6 2670//6 2667//6
f 2673//3 2674//3 2675//3
f 2675//3 2674//3 2676//3
f 2677//4 2675//4 2678//4
f 2677//4 2673//4 2675//4
f 2679//1 2677//1 2680//1
f 2680//1 2677//1 2678//1
f 2674//2 2680//2 2676//2
f 2674//2 2679//2 2680//2
f 2677//5 2679//5 2673//5
f 2673//5 2679//5 2674//5
f 2680//6 2675//6 2676//6
f 2680//6 2678//6 2675//6
f 2681//3 2682//3 2683//3
f 2683//3 2682//3 2684//3
f 2685//4 2683//4 2686//4
f 2685//4 2681//4 2683//4
f 2687//1 2685//1 2688//1
f 2688//1 2685//1 2686//1
f 2682//2 2688//2 2684//2
f 2682//2 2687//2 2688//2
f 2685//5 2687//5 2681//5
f 2681//5 2687//5 2682//5
f 2688//6 2683//6 2684//6
f 2688//6 2686//6 2683//6
f 2689//3 2690//3 2691//3
f 2691//3 2690//3 2692//3
f 2693//4 2691//4 2694//4
f 2693//4 2689//4 2691//4
f 2695//1 2693//1 2696//1
f 2696//1 2693//1 2694//1
f 2690//2 2696//2 2692//2
f 2690//2 2695//2 2696//2
f 2693//5 2695//5 2689//5
f 2689//5 2695//5 2690//5
f 2696//6 2691//6 2692//6
f 2696//6 2694//6 2691//6
f 2697//3 2698//3 2699//3
f 2699//3 2698//3 2700//3
f 2701//4 2699//4 2702//4
f 2701//4 2697//4 2699//4
f 2703//1 2701//1 2704//1
f 2704//1 2701//1 2702//1
f 2698//2 2704//2 2700//2
f 2698//2 2703//2 2704//2
f 2701//5 2703//5 2697//5
f 2697//5 2703//5 2698//5
f 2704//6 2699//6 2700//6
f 2704//6 2702//6 2699//6
f 2705//3 2706//3 2707//3
f 2707//3 2706//3 2708//3
f 2709//4 2707//4 2710//4
f 2709//4 2705//4 2707//4
f 2711//1 2709//1 2712//1
f 2712//1 2709//1 2710//1
f 2706//2 2712//2 2708//2
f 2706//2 2711//2 2712//2
f 2709//5 2711//5 2705//5
f 2705//5 2711//5 2706//5
f 2712//6 2707//6 2708//6
f 2712//6 2710//6 2707//6
f 2713//3 2714//3 2715//3
f 2715//3 2714//3 2716//3
f 2717//4 2715//4 2718//4
f 2717//4 2713//4 2715//4
f 2719//1 2717//1 2720//1
f 2720//1 2717//1 2718//1
f 2714//2 2720//2 2716//2
f 2714//2 2719//2 2720//2
f 2717//5 2719//5 2713//5
f 2713//5 2719//5 2714//5
f 2720//6 2715//6 2716//6
f 2720//6 2718//6 2715//6
f 2721//3 2722//3 2723//3
f 2723//3 2722//3 2724//3
f 2725//4 2723//4 2726//4
f 2725//4 2721//4 2723//4
f 2727//1 2725//1 2728//1
f 2728//1 2725//1 2726//1
f 2722//2 2728//2 2724//2
f 2722//2 2727//2 2728//2
f 2725//5 2727//5 2721//5
f 2721//5 2727//5 2722//5
f 2728//6 2723//6 2724//6
f 2728//6 2726//6 2723//6
f 2729//3 2730//3 2731//3
f 2731//3 2730//3 2732//3
f 2733//4 2731//4 2734//4
f 2733//4 2729//4 2731//4
f 2735//1 2733//1 2736//1
f 2736//1 2733//1 2734//1
f 2730//2 2736//2 2732//2
f 2730//2 2735//2 2736//2
f 2733//5 2735//5 2729//5
f 2729//5 2735//5 2730//5
f 2736//6 2731//6 2732//6
f 2736//6 2734//6 2731//6
f 2737//3 2738//3 2739//3
f 2739//3 2738//3 2740//3
f 2741//4 2739//4 2742//4
f 2741//4 2737//4 2739//4
f 2743//1 2741//1 2744//1
f 2744//1 2741//1 2742//1
f 2738//2 2744//2 2740//2
f 2738//2 2743//2 2744//2
f 2741//5 2743//5 2737//5
f 2737//5 2743//5 2738//5
f 2744//6 2739//6 2740//6
f 2744//6 2742//6 2739//6
f 2745//3 2746//3 2747//3
f 2747//3 2746//3 2748//3
f 2749//4 2747//4 2750//4
f 2749//4 2745//4 2747//4
f 2751//1 2749//1 2752//1
f 2752//1 2749//1 2750//1
f 2746//2 2752//2 2748//2
f 2746//2 2751//2 2752//2
f 2749//5 2751//5 2745//5
f 2745//5 2751//5 2746//5
f 2752//6 2747//6 2748//6
f 2752//6 2750//6 2747//6
f 2753//3 2754//3 2755//3
f 2755//3 2754//3 2756//3
f 2757//4 2755//4 2758//4
f 2757//4 2753//4 2755//4
f 2759//1 2757//1 2760//1
f 2760//1 2757//1 2758//1
f 2754//2 2760//2 2756//2
f 2754//2 2759//2 2760//2
f 2757//5 2759//5 2753//5
f 2753//5 2759//5 2754//5
f 2760//6 2755//6 2756//6
f 2760//6 2758//6 2755//6
f 2761//3 2762//3 2763//3
f 2763//3 2762//3 2764//3
f 2765//4 2763//4 2766//4
f 2765//4 2761//4 2763//4
f 2767//1 2765//1 2768//1
f 2768//1 2765//1 2766//1
f 2762//2 2768//2 2764//2
f 2762//2 2767//2 2768//2
f 2765//5 2767//5 2761//5
f 2761//5 2767//5 2762//5
f 2768//6 2763//6 2764//6
f 2768//6 2766//6 2763//6
f 2769//1 2770//1 2771//1
f 2771//1 2770//1 2772//1
f 2773//4 2771//4 2774//4
f 2773//4 2769//4 2771//4
f 2775//3 2773//3 2776//3
f 2776//3 2773//3 2774//3
f 2770//2 2776//2 2772//2
f 2770//2 2775//2 2776//2
f 2773//6 2775//6 2769//6
f 2769//6 2775//6 2770//6
f 2776//5 2771//5 2772//5
f 2776//5 2774//5 2771//5
f 2777//1 2778//1 2779//1
f 2779//1 2778//1 2780//1
f 2781//4 2779//4 2782//4
f 2781//4 2777//4 2779//4
f 2783//3 2781//3 2784//3
f 2784//3 2781//3 2782//3
f 2778//2 2784//2 2780//2
f 2778//2 2783//2 2784//2
f 2781//6 2783//6 2777//6
f 2777//6 2783//6 2778//6
f 2784//5 2779//5 2780//5
f 2784//5 2782//5 2779//5
f 2785//1 2786//1 2787//1
f 2787//1 2786//1 2788//1
f 2789//4 2787//4 2790//4
f 2789//4 2785//4 2787//4
f 2791//3 2789//3 2792//3
f 2792//3 2789//3 2790//3
f 2786//2 2792//2 2788//2
f 2786//2 2791//2 2792//2
f 2789//6 2791//6 2785//6
f 2785//6 2791//6 2786//6
f 2792//5 2787//5 2788//5
f 2792//5 2790//5 2787//5
f 2793//1 2794//1 2795//1
f 2795//1 2794//1 2796//1
f 2797//4 2795//4 2798//4
f 2797//4 2793//4 2795//4
f 2799//3 2797//3 2800//3
f 2800//3 2797//3 2798//3
f 2794//2 2800//2 2796//2
f 2794//2 2799//2 2800//2
f 2797//6 2799//6 2793//6
f 2793//6 2799//6 2794//6
f 2800//5 2795//5 2796//5
f 2800//5 2798//5 2795//5
f 2801//1 2802//1 2803//1
f 2803//1 2802//1 2804//1
f 2805//4 2803//4 2806//4
f 2805//4 2801//4 2803//4
f 2807//3 2805//3 2808//3
f 2808//3 2805//3 2806//3
f 2802//2 2808//2 2804//2
f 2802//2 2807//2 2808//2
f 2805//6 2807//6 2801//6
f 2801//6 2807//6 2802//6
f 2808//5 2803//5 2804//5
f 2808//5 2806//5 2803//5
f 2809//1 2810//1 2811//1
f 2811//1 2810//1 2812//1
f 2813//4 2811//4 2814//4
f 2813//4 2809//4 2811//4
f 2815//3 2813//3 2816//3
f 2816//3 2813//3 2814//3
f 2810//2 2816//2 2812//2
f 2810//2 2815//2 2816//2
f 2813//6 2815//6 2809//6
f 2809//6 2815//6 2810//6
f 2816//5 2811//5 2812//5
f 2816//5 2814//5 2811//5
f 2817//1 2818//1 2819//1
f 2819//1 2818//1 2820//1
f 2821//4 2819//4 2822//4
f 2821//4 2817//4 2819//4
f 2823//3 2821//3 2824//3
f 2824//3 2821//3 2822//3
f 2818//2 2824//2 2820//2
f 2818//2 2823//2 2824//2
f 2821//6 2823//6 2817//6
f 2817//6 2823//6 2818//6
f 2824//5 2819//5 2820//5
f 2824//5 2822//5 2819//5
f 2825//1 2826//1 2827//1
f 2827//1 2826//1 2828//1
f 2829//4 2827//4 2830//4
f 2829//4 2825//4 2827//4
f 2831//3 2829//3 2832//3
f 2832//3 2829//3 2830//3
f 2826//2 2832//2 2828//2
f 2826//2 2831//2 2832//2
f 2829//6 2831//6 2825//6
f 2825//6 2831//6 2826//6
f 2832//5 2827//5 2828//5
f 2832//5 2830//5 2827//5
f 2833//1 2834//1 2835//1
f 2835//1 2834//1 2836//1
f 2837//4 2835//4 2838//4
f 2837//4 2833//4 2835//4
f 2839//3 2837//3 2840//3
f 2840//3 2837//3 2838//3
f 2834//2 2840//2 2836//2
f 2834//2 2839//2 2840//2
f 2837//6 2839//6 2833//6
f 2833//6 2839//6 2834//6
f 2840//5 2835//5 2836//5
f 2840//5 2838//5 2835//5
f 2841//1 2842//1 2843//1
f 2843//1 2842//1 2844//1
f 2845//4 2843//4 2846//4
f 2845//4 2841//4 2843//4
f 2847//3 2845//3 2848//3
f 2848//3 2845//3 2846//3
f 2842//2 2848//2 2844//2
f 2842//2 2847//2 2848//2
f 2845//6 2847//6 2841//6
f 2841//6 2847//6 2842//6
f 2848//5 2843//5 2844//5
f 2848//5 2846//5 2843//5
f 2849//1 2850//1 2851//1
f 2851//1 2850//1 2852//1
f 2853//4 2851//4 2854//4
f 2853//4 2849//4 2851//4
f 2855//3 2853//3 2856//3
f 2856//3 2853//3 2854//3
f 2850//2 2856//2 2852//2
f 2850//2 2855//2 2856//2
f 2853//6 2855//6 2849//6
f 2849//6 2855//6 2850//6
f 2856//5 2851//5 2852//5
f 2856//5 2854//5 2851//5
f 2857//1 2858//1 2859//1
f 2859//1 2858//1 2860//1
f 2861//4 2859//4 2862//4
f 2861//4 2857//4 2859//4
f 2863//3 2861//3 2864//3
f 2864//3 2861//3 2862//3
f 2858//2 2864//2 2860//2
f 2858//2 2863//2 2864//2
f 2861//6 2863//6 2857//6
f 2857//6 2863//6 2858//6
f 2864//5 2859//5 2860//5
f 2864//5 2862//5 2859//5
f 2865//1 2866//1 2867//1
f 2867//1 2866//1 2868//1
f 2869//4 2867//4 2870//4
f 2869//4 2865//4 2867//4
f 2871//3 2869//3 2872//3
f 2872//3 2869//3 2870//3
f 2866//2 2872//2 2868//2
f 2866//2 2871//2 2872//2
f 2869//6 2871//6 2865//6
f 2865//6 2871//6 2866//6
f 2872//5 2867//5 2868//5
f 2872//5 2870//5 2867//5
f 2873//1 2874//1 2875//1
f 2875//1 2874//1 2876//1
f 2877//4 2875//4 2878//4
f 2877//4 2873//4 2875//4
f 2879//3 2877//3 2880//3
f 2880//3 2877//3 2878//3
f 2874//2 2880//2 2876//2
f 2874//2 2879//2 2880//2
f 2877//6 2879//6 2873//6
f 2873//6 2879//6 2874//6
f 2880//5 2875//5 2876//5
f 2880//5 2878//5 2875//5
f 2881//1 2882//1 2883//1
f 2883//1 2882//1 2884//1
f 2885//4 2883//4 2886//4
f 2885//4 2881//4 2883//4
f 2887//3 2885//3 2888//3
f 2888//3 2885//3 2886//3
f 2882//2 2888//2 2884//2
f 2882//2 2887//2 2888//2
f 2885//6 2887//6 2881//6
f 2881//6 2887//6 2882//6
f 2888//5 2883//5 2884//5
f 2888//5 2886//5 2883//5
f 2889//1 2890//1 2891//1
f 2891//1 2890//1 2892//1
f 2893//4 2891//4 2894//4
f 2893//4 2889//4 2891//4
f 2895//3 2893//3 2896//3
f 2896//3 2893//3 2894//3
f 2890//2 2896//2 2892//2
f 2890//2 2895//2 2896//2
f 2893//6 2895//6 2889//6
f 2889//6 2895//6 2890//6
f 2896//5 2891//5 2892//5
f 2896//5 2894//5 2891//5
f 2897//1 2898//1 2899//1
f 2899//1 2898//1 2900//1
f 2901//4 2899//4 2902//4
f 2901//4 2897//4 2899//4
f 2903//3 2901//3 2904//3
f 2904//3 2901//3 2902//3
f 2898//2 2904//2 2900//2
f 2898//2 2903//2 2904//2
f 2901//6 2903//6 2897//6
f 2897//6 2903//6 2898//6
f 2904//5 2899//5 2900//5
f 2904//5 2902//5 2899//5
f 2905//1 2906//1 2907//1
f 2907//1 2906//1 2908//1
f 2909//4 2907//4 2910//4
f 2909//4 2905//4 2907//4
f 2911//3 2909//3 2912//3
f 2912//3 2909//3 2910//3
f 2906//2 2912//2 2908//2
f 2906//2 2911//2 2912//2
f 2909//6 2911//6 2905//6
f 2905//6 2911//6 2906//6
f 2912//5 2907//5 2908//5
f 2912//5 2910//5 2907//5
f 2913//1 2914//1 2915//1
f 2915//1 2914//1 2916//1
f 2917//4 2915//4 2918//4
f 2917//4 2913//4 2915//4
f 2919//3 2917//3 2920//3
f 2920//3 2917//3 2918//3
f 2914//2 2920//2 2916//2
f 2914//2 2919//2 2920//2
f 2917//6 2919//6 2913//6
f 2913//6 2919//6 2914//6
f 2920//5 2915//5 2916//5
f 2920//5 2918//5 2915//5
f 2921//1 2922//1 2923//1
f 2923//1 2922//1 2924//1
f 2925//4 2923//4 2926//4
f 2925//4 2921//4 2923//4
f 2927//3 2925//3 2928//3
f 2928//3 2925//3 2926//3
f 2922//2 2928//2 2924//2
f 2922//2 2927//2 2928//2
f 2925//6 2927//6 2921//6
f 2921//6 2927//6 2922//6
f 2928//5 2923//5 2924//5
f 2928//5 2926//5 2923//5
f 2929//1 2930//1 2931//1
f 2931//1 2930//1 2932//1
f 2933//4 2931//4 2934//4
f 2933//4 2929//4 2931//4
f 2935//3 2933//3 2936//3
f 2936//3 2933//3 2934//3
f 2930//2 2936//2 2932//2
f 2930//2 2935//2 2936//2
f 2933//6 2935//6 2929//6
f 2929//6 2935//6 2930//6
f 2936//5 2931//5 2932//5
f 2936//5 2934//5 2931//5
f 2937//1 2938//1 2939//1
f 2939//1 2938//1 2940//1
f 2941//4 2939//4 2942//4
f 2941//4 2937//4 2939//4
f 2943//3 2941//3 2944//3
f 2944//3 2941//3 2942//3
f 2938//2 2944//2 2940//2
f 2938//2 2943//2 2944//2
f 2941//6 2943//6 2937//6
f 2937//6 2943//6 2938//6
f 2944//5 2939//5 2940//5
f 2944//5 2942//5 2939//5
f 2945//1 2946//1 2947//1
f 2947//1 2946//1 2948//1
f 2949//4 2947//4 2950//4
f 2949//4 2945//4 2947//4
f 2951//3 2949//3 2952//3
f 2952//3 2949//3 2950//3
f 2946//2 2952//2 2948//2
f 2946//2 2951//2 2952//2
f 2949//6 2951//6 2945//6
f 2945//6 2951//6 2946//6
f 2952//5 2947//5 2948//5
f 2952//5 2950//5 2947//5
f 2953//1 2954//1 2955//1
f 2955//1 2954//1 2956//1
f 2957//4 2955//4 2958//4
f 2957//4 2953//4 2955//4
f 2959//3 2957//3 2960//3
f 2960//3 2957//3 2958//3
f 2954//2 2960//2 2956//2
f 2954//2 2959//2 2960//2
f 2957//6 2959//6 2953//6
f 2953//6 2959//6 2954//6
f 2960//5 2955//5 2956//5
f 2960//5 2958//5 2955//5
f 2961//1 2962//1 2963//1
f 2963//1 2962//1 2964//1
f 2965//4 2963//4 2966//4
f 2965//4 2961//4 2963//4
f 2967//3 2965//3 2968//3
f 2968//3 2965//3 2966//3
f 2962//2 2968//2 2964//2
f 2962//2 2967//2 2968//2
f 2965//6 2967//6 2961//6
f 2961//6 2967//6 2962//6
f 2968//5 2963//5 2964//5
f 2968//5 2966//5 2963//5
f 2969//3 2970//3 2971//3
f 2971//3 2970//3 2972//3
f 2973//4 2971//4 2974//4
f 2973//4 2969//4 2971//4
f 2975//1 2973//1 2976//1
f 2976//1 2973//1 2974//1
f 2970//2 2976//2 2972//2
f 2970//2 2975//2 2976//2
f 2973//5 2975//5 2969//5
f 2969//5 2975//5 2970//5
f 2976//6 2971//6 2972//6
f 2976//6 2974//6 2971//6
f 2977//3 2978//3 2979//3
f 2979//3 2978//3 2980//3
f 2981//4 2979//4 2982//4
f 2981//4 2977//4 2979//4
f 2983//1 2981//1 2984//1
f 2984//1 2981//1 2982//1
f 2978//2 2984//2 2980//2
f 2978//2 2983//2 2984//2
f 2981//5 2983//5 2977//5
f 2977//5 2983//5 2978//5
f 2984//6 2979//6 2980//6
f 2984//6 2982//6 2979//6
f 2985//3 2986//3 2987//3
f 2987//3 2986//3 2988//3
f 2989//4 2987//4 2990//4
f 2989//4 2985//4 2987//4
f 2991//1 2989//1 2992//1
f 2992//1 2989//1 2990//1
f 2986//2 2992//2 2988//2
f 2986//2 2991//2 2992//2
f 2989//5 2991//5 2985//5
f 2985//5 2991//5 2986//5
f 2992//6 2987//6 2988//6
f 2992//6 2990//6 2987//6
f 2993//3 2994//3 2995//3
f 2995//3 2994//3 2996//3
f 2997//4 2995//4 2998//4
f 2997//4 2993//4 2995//4
f 2999//1 2997//1 3000//1
f 3000//1 2997//1 2998//1
f 2994//2 3000//2 2996//2
f 2994//2 2999//2 3000//2
f 2997//5 2999//5 2993//5
f 2993//5 2999//5 2994//5
f 3000//6 2995//6 2996//6
f 3000//6 2998//6 2995//6
f 3001//3 3002//3 3003//3
f 3003//3 3002//3 3004//3
f 3005//4 3003//4 3006//4
f 3005//4 3001//4 3003//4
f 3007//1 3005//1 3008//1
f 3008//1 3005//1 3006//1
f 3002//2 3008//2 3004//2
f 3002//2 3007//2 3008//2
f 3005//5 3007//5 3001//5
f 3001//5 3007//5 3002//5
f 3008//6 3003//6 3004//6
f 3008//6 3006//6 3003//6
f 3009//3 3010//3 3011//3
f 3011//3 3010//3 3012//3
f 3013//4 3011//4 3014//4
f 3013//4 3009//4 3011//4
f 3015//1 3013//1 3016//1
f 3016//1 3013//1 3014//1
f 3010//2 3016//2 3012//2
f 3010//2 3015//2 3016//2
f 3013//5 3015//5 3009//5
f 3009//5 3015//5 3010//5
f 3016//6 3011//6 3012//6
f 3016//6 3014//6 3011//6
f 3017//3 3018//3 3019//3
f 3019//3 3018//3 3020//3
f 3021//4 3019//4 3022//4
f 3021//4 3017//4 3019//4
f 3023//1 3021//1 3024//1
f 3024//1 3021//1 3022//1
f 3018//2 3024//2 3020//2
f 3018//2 3023//2 3024//2
f 3021//5 3023//5 3017//5
f 3017//5 3023//5 3018//5
f 3024//6 3019//6 3020//6
f 3024//6 3022//6 3019//6
f 3025//3 3026//3 3027//3
f 3027//3 3026//3 3028//3
f 3029//4 3027//4 3030//4
f 3029//4 3025//4 3027//4
f 3031//1 3029//1 3032//1
f 3032//1 3029//1 3030//1
f 3026//2 3032//2 3028//2
f 3026//2 3031//2 3032//2
f 3029//5 3031//5 3025//5
f 3025//5 3031//5 3026//5
f 3032//6 3027//6 3028//6
f 3032//6 3030//6 3027//6
f 3033//3 3034//3 3035//3
f 3035//3 3034//3 3036//3
f 3037//4 3035//4 3038//4
f 3037//4 3033//4 3035//4
f 3039//1 3037//1 3040//1
f 3040//1 3037//1 3038//1
f 3034//2 3040//2 3036//2
f 3034//2 3039//2 3040//2
f 3037//5 3039//5 3033//5
f 3033//5 3039//5 3034//5
f 3040//6 3035//6 3036//6
f 3040//6 3038//6 3035//6
f 3041//3 3042//3 3043//3
f 3043//3 3042//3 3044//3
f 3045//4 3043//4 3046//4
f 3045//4 3041//4 3043//4
f 3047//1 3045//1 3048//1
f 3048//1 3045//1 3046//1
f 3042//2 3048//2 3044//2
f 3042//2 3047//2 3048//2
f 3045//5 3047//5 3041//5
f 3041//5 3047//5 3042//5
f 3048//6 3043//6 3044//6
f 3048//6 3046//6 3043//6
f 3049//3 3050//3 3051//3
f 3051//3 3050//3 3052//3
f 3053//4 3051//4 3054//4
f 3053//4 3049//4 3051//4
f 3055//1 3053//1 3056//1
f 3056//1 3053//1 3054//1
f 3050//2 3056//2 3052//2
f 3050//2 3055//2 3056//2
f 3053//5 3055//5 3049//5
f 3049//5 3055//5 3050//5
f 3056//6 3051//6 3052//6
f 3056//6 3054//6 3051//6
f 3057//3 3058//3 3059//3
f 3059//3 3058//3 3060//3
f 3061//4 3059//4 3062//4
f 3061//4 3057//4 3059//4
f 3063//1 3061//1 3064//1
f 3064//1 3061//1 3062//1
f 3058//2 3064//2 3060//2
f 3058//2 3063//2 3064//2
f 3061//5 3063//5 3057//5
f 3057//5 3063//5 3058//5
f 3064//6 3059//6 3060//6
f 3064//6 3062//6 3059//6
f 3065//3 3066//3 3067//3
f 3067//3 3066//3 3068//3
f 3069//4 3067//4 3070//4
f 3069//4 3065//4 3067//4
f 3071//1 3069//1 3072//1
f 3072//1 3069//1 3070//1
f 3066//2 3072//2 3068//2
f 3066//2 3071//2 3072//2
f 3069//5 3071//5 3065//5
f 3065//5 3071//5 3066//5
f 3072//6 3067//6 3068//6
f 3072//6 3070//6 3067//6
f 3073//3 3074//3 3075//3
f 3075//3 3074//3 3076//3
f 3077//4 3075//4 3078//4
f 3077//4 3073//4 3075//4
f 3079//1 3077//1 3080//1
f 3080//1 3077//1 3078//1
f 3074//2 3080//2 3076//2
f 3074//2 3079//2 3080//2
f 3077//5 3079//5 3073//5
f 3073//5 3079//5 3074//5
f 3080//6 3075//6 3076//6
f 3080//6 3078//6 3075//6
f 3081//3 3082//3 3083//3
f 3083//3 3082//3 3084//3
f 3085//4 3083//4 3086//4
f 3085//4 3081//4 3083//4
f 3087//1 3085//1 3088//1
f 3088//1 3085//1 3086//1
f 3082//2 3088//2 3084//2
f 3082//2 3087//2 3088//2
f 3085//5 3087//5 3081//5
f 3081//5 3087//5 3082//5
f 3088//6 3083//6 3084//6
f 3088//6 3086//6 3083//6
f 3089//3 3090//3 3091//3
f 3091//3 3090//3 3092//3
f 3093//4 3091//4 3094//4
f 3093//4 3089//4 3091//4
f 3095//1 3093//1 3096//1
f 3096//1 3093//1 3094//1
f 3090//2 3096//2 3092//2
f 3090//2 3095//2 3096//2
f 3093//5 3095//5 3089//5
f 3089//5 3095//5 3090//5
f 3096//6 3091//6 3092//6
f 3096//6 3094//6 3091//6
f 3097//3 3098//3 3099//3
f 3099//3 3098//3 3100//3
f 3101//4 3099//4 3102//4
f 3101//4 3097//4 3099//4
f 3103//1 3101//1 3104//1
f 3104//1 3101//1 3102//1
f 3098//2 3104//2 3100//2
f 3098//2 3103//2 3104//2
f 3101//5 3103//5 3097//5
f 3097//5 3103//5 3098//5
f 3104//6 3099//6 3100//6
f 3104//6 3102//6 3099//6
f 3105//3 3106//3 3107//3
f 3107//3 3106//3 3108//3
f 3109//4 3107//4 3110//4
f 3109//4 3105//4 3107//4
f 3111//1 3109//1 3112//1
f 3112//1 3109//1 3110//1
f 3106//2 3112//2 3108//2
f 3106//2 3111//2 3112//2
f 3109//5 3111//5 3105//5
f 3105//5 3111//5 3106//5
f 3112//6 3107//6 3108//6
f 3112//6 3110//6 3107//6
f 3113//3 3114//3 3115//3
f 3115//3 3114//3 3116//3
f 3117//4 3115//4 3118//4
f 3117//4 3113//4 3115//4
f 3119//1 3117//1 3120//1
f 3120//1 3117//1 3118//1
f 3114//2 3120//2 3116//2
f 3114//2 3119//2 3120//2
f 3117//5 3119//5 3113//5
f 3113//5 3119//5 3114//5
f 3120//6 3115//6 3116//6
f 3120//6 3118//6 3115//6
f 3121//3 3122//3 3123//3
f 3123//3 3122//3 3124//3
f 3125//4 3123//4 3126//4
f 3125//4 3121//4 3123//4
f 3127//1 3125//1 3128//1
f 3128//1 3125//1 3126//1
f 3122//2 3128//2 3124//2
f 3122//2 3127//2 3128//2
f 3125//5 3127//5 3121//5
f 3121//5 3127//5 3122//5
f 3128//6 3123//6 3124//6
f 3128//6 3126//6 3123//6
f 3129//3 3130//3 3131//3
f 3131//3 3130//3 3132//3
f 3133//4 3131//4 3134//4
f 3133//4 3129//4 3131//4
f 3135//1 3133//1 3136//1
f 3136//1 3133//1 3134//1
f 3130//2 3136//2 3132//2
f 3130//2 3135//2 3136//2
f 3133//5 3135//5 3129//5
f 3129//5 3135//5 3130//5
f 3136//6 3131//6 3132//6
f 3136//6 3134//6 3131//6
f 3137//3 3138//3 3139//3
f 3139//3 3138//3 3140//3
f 3141//4 3139//4 3142//4
f 3141//4 3137//4 3139//4
f 3143//1 3141//1 3144//1
f 3144//1 3141//1 3142//1
f 3138//2 3144//2 3140//2
f 3138//2 3143//2 3144//2
f 3141//5 3143//5 3137//5
f 3137//5 3143//5 3138//5
f 3144//6 3139//6 3140//6
f 3144//6 3142//6 3139//6
f 3145//3 3146//3 3147//3
f 3147//3 3146//3 3148//3
f 3149//4 3147//4 3150//4
f 3149//4 3145//4 3147//4
f 3151//1 3149//1 3152//1
f 3152//1 3149//1 3150//1
f 3146//2 3152//2 3148//2
f 3146//2 3151//2 3152//2
f 3149//5 3151//5 3145//5
f 3145//5 3151//5 3146//5
f 3152//6 3147//6 3148//6
f 3152//6 3150//6 3147//6
f 3153//3 3154//3 3155//3
f 3155//3 3154//3 3156//3
f 3157//4 3155//4 3158//4
f 3157//4 3153//4 3155//4
f 3159//1 3157//1 3160//1
f 3160//1 3157//1 3158//1
f 3154//2 3160//2 3156//2
f 3154//2 3159//2 3160//2
f 3157//5 3159//5 3153//5
f 3153//5 3159//5 3154//5
f 3160//6 3155//6 3156//6
f 3160//6 3158//6 3155//6
f 3161//3 3162//3 3163//3
f 3163//3 3162//3 3164//3
f 3165//4 3163//4 3166//4
f 3165//4 3161//4 3163//4
f 3167//1 3165//1 3168//1
f 3168//1 3165//1 3166//1
f 3162//2 3168//2 3164//2
f 3162//2 3167//2 3168//2
f 3165//5 3167//5 3161//5
f 3161//5 3167//5 3162//5
f 3168//6 3163//6 3164//6
f 3168//6 3166//6 3163//6
f 3169//1 3170//1 3171//1
f 3171//1 3170//1 3172//1
f 3173//4 3171//4 3174//4
f 3173//4 3169//4 3171//4
f 3175//3 3173//3 3176//3
f 3176//3 3173//3 3174//3
f 3170//2 3176//2 3172//2
f 3170//2 3175//2 3176//2
f 3173//6 3175//6 3169//6
f 3169//6 3175//6 3170//6
f 3176//5 3171//5 3172//5
f 3176//5 3174//5 3171//5
f 3177//1 3178//1 3179//1
f 3179//1 3178//1 3180//1
f 3181//4 3179//4 3182//4
f 3181//4 3177//4 3179//4
f 3183//3 3181//3 3184//3
f 3184//3 3181//3 3182//3
f 3178//2 3184//2 3180//2
f 3178//2 3183//2 3184//2
f 3181//6 3183//6 3177//6
f 3177//6 3183//6 3178//6
f 3184//5 3179//5 3180//5
f 3184//5 3182//5 3179//5
f 3185//1 3186//1 3187//1
f 3187//1 3186//1 3188//1
f 3189//4 3187//4 3190//4
f 3189//4 3185//4 3187//4
f 3191//3 3189//3 3192//3
f 3192//3 3189//3 3190//3
f 3186//2 3192//2 3188//2
f 3186//2 3191//2 3192//2
f 3189//6 3191//6 3185//6
f 3185//6 3191//6 3186//6
f 3192//5 3187//5 3188//5
f 3192//5 3190//5 3187//5
f 3193//1 3194//1 3195//1
f 3195//1 3194//1 3196//1
f 3197//4 3195//4 3198//4
f 3197//4 3193//4 3195//4
f 3199//3 3197//3 3200//3
f 3200//3 3197//3 3198//3
f 3194//2 3200//2 3196//2
f 3194//2 3199//2 3200//2
f 3197//6 3199//6 3193//6
f 3193//6 3199//6 3194//6
f 3200//5 3195//5 3196//5
f 3200//5 3198//5 3195//5
f 3201//1 3202//1 3203//1
f 3203//1 3202//1 3204//1
f 3205//4 3203//4 3206//4
f 3205//4 3201//4 3203//4
f 3207//3 3205//3 3208//3
f 3208//3 3205//3 3206//3
f 3202//2 3208//2 3204//2
f 3202//2 3207//2 3208//2
f 3205//6 3207//6 3201//6
f 3201//6 3207//6 3202//6
f 3208//5 3203//5 3204//5
f 3208//5 3206//5 3203//5
f 3209//1 3210//1 3211//1
f 3211//1 3210//1 3212//1
f 3213//4 3211//4 3214//4
f 3213//4 3209//4 3211//4
f 3215//3 3213//3 3216//3
f 3216//3 3213//3 3214//3
f 3210//2 3216//2 3212//2
f 3210//2 3215//2 3216//2
f 3213//6 3215//6 3209//6
f 3209//6 3215//6 3210//6
f 3216//5 3211//5 3212//5
f 3216//5 3214//5 3211//5
f 3217//1 3218//1 3219//1
f 3219//1 3218//1 3220//1
f 3221//4 3219//4 3222//4
f 3221//4 3217//4 3219//4
f 3223//3 3221//3 3224//3
f 3224//3 3221//3 3222//3
f 3218//2 3224//2 3220//2
f 3218//2 3223//2 3224//2
f 3221//6 3223//6 3217//6
f 3217//6 3223//6 3218//6
f 3224//5 3219//5 3220//5
f 3224//5 3222//5 3219//5
f 3225//1 3226//1 3227//1
f 3227//1 3226//1 3228//1
f 3229//4 3227//4 3230//4
f 3229//4 3225//4 3227//4
f 3231//3 3229//3 3232//3
f 3232//3 3229//3 3230//3
f 3226//2 3232//2 3228//2
f 3226//2 3231//2 3232//2
f 3229//6 3231//6 3225//6
f 3225//6 3231//6 3226//6
f 3232//5 3227//5 3228//5
f 3232//5 3230//5 3227//5
f 3233//1 3234//1 3235//1
f 3235//1 3234//1 3236//1
f 3237//4 3235//4 3238//4
f 3237//4 3233//4 3235//4
f 3239//3 3237//3 3240//3
f 3240//3 3237//3 3238//3
f 3234//2 3240//2 3236//2
f 3234//2 3239//2 3240//2
f 3237//6 3239//6 3233//6
f 3233//6 3239//6 3234//6
f 3240//5 3235//5 3236//5
f 3240//5 3238//5 3235//5
f 3241//1 3242//1 3243//1
f 3243//1 3242//1 3244//1
f 3245//4 3243//4 3246//4
f 3245//4 3241//4 3243//4
f 3247//3 3245//3 3248//3
f 3248//3 3245//3 3246//3
f 3242//2 3248//2 3244//2
f 3242//2 3247//2 3248//2
f 3245//6 3247//6 3241//6
f 3241//6 3247//6 3242//6
f 3248//5 3243//5 3244//5
f 3248//5 3246//5 3243//5
f 3249//1 3250//1 3251//1
f 3251//1 3250//1 3252//1
f 3253//4 3251//4 3254//4
f 3253//4 3249//4 3251//4
f 3255//3 3253//3 3256//3
f 3256//3 3253//3 3254//3
f 3250//2 3256//2 3252//2
f 3250//2 3255//2 3256//2
f 3253//6 3255//6 3249//6
f 3249//6 3255//6 3250//6
f 3256//5 3251//5 3252//5
f 3256//5 3254//5 3251//5
f 3257//1 3258//1 3259//1
f 3259//1 3258//1 3260//1
f 3261//4 3259//4 3262//4
f 3261//4 3257//4 3259//4
f 3263//3 3261//3 3264//3
f 3264//3 3261//3 3262//3
f 3258//2 3264//2 3260//2
f 3258//2 3263//2 3264//2
f 3261//6 3263//6 3257//6
f 3257//6 3263//6 3258//6
f 3264//5 3259//5 3260//5
f 3264//5 3262//5 3259//5
f 3265//1 3266//1 3267//1
f 3267//1 3266//1 3268//1
f 3269//4 3267//4 3270//4
f 3269//4 3265//4 3267//4
f 3271//3 3269//3 3272//3
f 3272//3 3269//3 3270//3
f 3266//2 3272//2 3268//2
f 3266//2 3271//2 3272//2
f 3269//6 3271//6 3265//6
f 3265//6 3271//6 3266//6
f 3272//5 3267//5 3268//5
f 3272//5 3270//5 3267//5
f 3273//1 3274//1 3275//1
f 3275//1 3274//1 3276//1
f 3277//4 3275//4 3278//4
f 3277//4 3273//4 3275//4
f 3279//3 3277//3 3280//3
f 3280//3 3277//3 3278//3
f 3274//2 3280//2 3276//2
f 3274//2 3279//2 3280//2
f 3277//6 3279//6 3273//6
f 3273//6 3279//6 3274//6
f 3280//5 3275//5 3276//5
f 3280//5 3278//5 3275//5
f 3281//1 3282//1 3283//1
f 3283//1 3282//1 3284//1
f 3285//4 3283//4 3286//4
f 3285//4 3281//4 3283//4
f 3287//3 3285//3 3288//3
f 3288//3 3285//3 3286//3
f 3282//2 3288//2 3284//2
f 3282//2 3287//2 3288//2
f 3285//6 3287//6 3281//6
f 3281//6 3287//6 3282//6
f 3288//5 3283//5 3284//5
f 3288//5 3286//5 3283//5
f 3289//1 3290//1 3291//1
f 3291//1 3290//1 3292//1
f 3293//4 3291//4 3294//4
f 3293//4 3289//4 3291//4
f 3295//3 3293//3 3296//3
f 3296//3 3293//3 3294//3
f 3290//2 3296//2 3292//2
f 3290//2 3295//2 3296//2
f 3293//6 3295//6 3289//6
f 3289//6 3295//6 3290//6
f 3296//5 3291//5 3292//5
f 3296//5 3294//5 3291//5
f 3297//1 3298//1 3299//1
f 3299//1 3298//1 3300//1
f 3301//4 3299//4 3302//4
f 3301//4 3297//4 3299//4
f 3303//3 3301//3 3304//3
f 3304//3 3301//3 3302//3
f 3298//2 3304//2 3300//2
f 3298//2 3303//2 3304//2
f 3301//6 3303//6 3297//6
f 3297//6 3303//6 3298//6
f 3304//5 3299//5 3300//5
f 3304//5 3302//5 3299//5
f 3305//1 3306//1 3307//1
f 3307//1 3306//1 3308//1
f 3309//4 3307//4 3310//4
f 3309//4 3305//4 3307//4
f 3311//3 3309//3 3312//3
f 3312//3 3309//3 3310//3
f 3306//2 3312//2 3308//2
f 3306//2 3311//2 3312//2
f 3309//6 3311//6 3305//6
f 3305//6 3311//6 3306//6
f 3312//5 3307//5 3308//5
f 3312//5 3310//5 3307//5
f 3313//1 3314//1 3315//1
f 3315//1 3314//1 3316//1
f 3317//4 3315//4 3318//4
f 3317//4 3313//4 3315//4
f 3319//3 3317//3 3320//3
f 3320//3 3317//3 3318//3
f 3314//2 3320//2 3316//2
f 3314//2 3319//2 3320//2
f 3317//6 3319//6 3313//6
f 3313//6 3319//6 3314//6
f 3320//5 3315//5 3316//5
f 3320//5 3318//5 3315//5
f 3321//1 3322//1 3323//1
f 3323//1 3322//1 3324//1
f 3325//4 3323//4 3326//4
f 3325//4 3321//4 3323//4
f 3327//3 3325//3 3328//3
f 3328//3 3325//3 3326//3
f 3322//2 3328//2 3324//2
f 3322//2 3327//2 3328//2
f 3325//6 3327//6 3321//6
f 3321//6 3327//6 3322//6
f 3328//5 3323//5 3324//5
f 3328//5 3326//5 3323//5
f 3329//1 3330//1 3331//1
f 3331//1 3330//1 3332//1
f 3333//4 3331//4 3334//4
f 3333//4 3329//4 3331//4
f 3335//3 3333//3 3336//3
f 3336//3 3333//3 3334//3
f 3330//2 3336//2 3332//2
f 3330//2 3335//2 3336//2
f 3333//6 3335//6 3329//6
f 3329//6 3335//6 3330//6
f 3336//5 3331//5 3332//5
f 3336//5 3334//5 3331//5
f 3337//1 3338//1 3339//1
f 3339//1 3338//1 3340//1
f 3341//4 3339//4 3342//4
f 3341//4 3337//4 3339//4
f 3343//3 3341//3 3344//3
f 3344//3 3341//3 3342//3
f 3338//2 3344//2 3340//2
f 3338//2 3343//2 3344//2
f 3341//6 3343//6 3337//6
f 3337//6 3343//6 3338//6
f 3344//5 3339//5 3340//5
f 3344//5 3342//5 3339//5
f 3345//1 3346//1 3347//1
f 3347//1 3346//1 3348//1
f 3349//4 3347//4 3350//4
f 3349//4 3345//4 3347//4
f 3351//3 3349//3 3352//3
f 3352//3 3349//3 3350//3
f 3346//2 3352//2 3348//2
f 3346//2 3351//2 3352//2
f 3349//6 3351//6 3345//6
f 3345//6 3351//6 3346//6
f 3352//5 3347//5 3348//5
f 3352//5 3350//5 3347//5
f 3353//1 3354//1 3355//1
f 3355//1 3354//1 3356//1
f 3357//4 3355//4 3358//4
f 3357//4 3353//4 3355//4
f 3359//3 3357//3 3360//3
f 3360//3 3357//3 3358//3
f 3354//2 3360//2 3356//2
f 3354//2 3359//2 3360//2
f 3357//6 3359//6 3353//6
f 3353//6 3359//6 3354//6
f 3360//5 3355//5 3356//5
f 3360//5 3358//5 3355//5
f 3361//1 3362//1 3363//1
f 3363//1 3362//1 3364//1
f 3365//4 3363//4 3366//4
f 3365//4 3361//4 3363//4
f 3367//3 3365//3 3368//3
f 3368//3 3365//3 3366//3
f 3362//2 3368//2 3364//2
f 3362//2 3367//2 3368//2
f 3365//6 3367//6 3361//6
f 3361//6 3367//6 3362//6
f 3368//5 3363//5 3364//5
f 3368//5 3366//5 3363//5
f 3369//3 3370//3 3371//3
f 3371//3 3370//3 3372//3
f 3373//4 3371//4 3374//4
f 3373//4 3369//4 3371//4
f 3375//1 3373//1 3376//1
f 3376//1 3373//1 3374//1
f 3370//2 3376//2 3372//2
f 3370//2 3375//2 3376//2
f 3373//5 3375//5 3369//5
f 3369//5 3375//5 3370//5
f 3376//6 3371//6 3372//6
f 3376//6 3374//6 3371//6
f 3377//3 3378//3 3379//3
f 3379//3 3378//3 3380//3
f 3381//4 3379//4 3382//4
f 3381//4 3377//4 3379//4
f 3383//1 3381//1 3384//1
f 3384//1 3381//1 3382//1
f 3378//2 3384//2 3380//2
f 3378//2 3383//2 3384//2
f 3381//5 3383//5 3377//5
f 3377//5 3383//5 3378//5
f 3384//6 3379//6 3380//6
f 3384//6 3382//6 3379//6
f 3385//3 3386//3 3387//3
f 3387//3 3386//3 3388//3
f 3389//4 3387//4 3390//4
f 3389//4 3385//4 3387//4
f 3391//1 3389//1 3392//1
f 3392//1 3389//1 3390//1
f 3386//2 3392//2 3388//2
f 3386//2 3391//2 3392//2
f 3389//5 3391//5 3385//5
f 3385//5 3391//5 3386//5
f 3392//6 3387//6 3388//6
f 3392//6 3390//6 3387//6
f 3393//3 3394//3 3395//3
f 3395//3 3394//3 3396//3
f 3397//4 3395//4 3398//4
f 3397//4 3393//4 3395//4
f 3399//1 3397//1 3400//1
f 3400//1 3397//1 3398//1
f 3394//2 3400//2 3396//2
f 3394//2 3399//2 3400//2
f 3397//5 3399//5 3393//5
f 3393//5 3399//5 3394//5
f 3400//6 3395//6 3396//6
f 3400//6 3398//6 3395//6
f 3401//3 3402//3 3403//3
f 3403//3 3402//3 3404//3
f 3405//4 3403//4 3406//4
f 3405//4 3401//4 3403//4
f 3407//1 3405//1 3408//1
f 3408//1 3405//1 3406//1
f 3402//2 3408//2 3404//2
f 3402//2 3407//2 3408//2
f 3405//5 3407//5 3401//5
f 3401//5 3407//5 3402//5
f 3408//6 3403//6 3404//6
f 3408//6 3406//6 3403//6
f 3409//3 3410//3 3411//3
f 3411//3 3410//3 3412//3
f 3413//4 3411//4 3414//4
f 3413//4 3409//4 3411//4
f 3415//1 3413//1 3416//1
f 3416//1 3413//1 3414//1
f 3410//2 3416//2 3412//2
f 3410//2 3415//2 3416//2
f 3413//5 3415//5 3409//5
f 3409//5 3415//5 3410//5
f 3416//6 3411//6 3412//6
f 3416//6 3414//6 3411//6
f 3417//3 3418//3 3419//3
f 3419//3 3418//3 3420//3
f 3421//4 3419//4 3422//4
f 3421//4 3417//4 3419//4
f 3423//1 3421//1 3424//1
f 3424//1 3421//1 3422//1
f 3418//2 3424//2 3420//2
f 3418//2 3423//2 3424//2
f 3421//5 3423//5 3417//5
f 3417//5 3423//5 3418//5
f 3424//6 3419//6 3420//6
f 3424//6 3422//6 3419//6
f 3425//3 3426//3 3427//3
f 3427//3 3426//3 3428//3
f 3429//4 3427//4 3430//4
f 3429//4 3425//4 3427//4
f 3431//1 3429//1 3432//1
f 3432//1 3429//1 3430//1
f 3426//2 3432//2 3428//2
f 3426//2 3431//2 3432//2
f 3429//5 3431//5 3425//5
f 3425//5 3431//5 3426//5
f 3432//6 3427//6 3428//6
f 3432//6 3430//6 3427//6
f 3433//3 3434//3 3435//3
f 3435//3 3434//3 3436//3
f 3437//4 3435//4 3438//4
f 3437//4 3433//4 3435//4
f 3439//1 3437//1 3440//1
f 3440//1 3437//1 3438//1
f 3434//2 3440//2 3436//2
f 3434//2 3439//2 3440//2
f 3437//5 3439//5 3433//5
f 3433//5 3439//5 3434//5
f 3440//6 3435//6 3436//6
f 3440//6 3438//6 3435//6
f 3441//3 3442//3 3443//3
f 3443//3 3442//3 3444//3
f 3445//4 3443//4 3446//4
f 3445//4 3441//4 3443//4
f 3447//1 3445//1 3448//1
f 3448//1 3445//1 3446//1
f 3442//2 3448//2 3444//2
f 3442//2 3447//2 3448//2
f 3445//5 3447//5 3441//5
f 3441//5 3447//5 3442//5
f 3448//6 3443//6 3444//6
f 3448//6 3446//6 3443//6
f 3449//3 3450//3 3451//3
f 3451//3 3450//3 3452//3
f 3453//4 3451//4 3454//4
f 3453//4 3449//4 3451//4
f 3455//1 3453//1 3456//1
f 3456//1 3453//1 3454//1
f 3450//2 3456//2 3452//2
f 3450//2 3455//2 3456//2
f 3453//5 3455//5 3449//5
f 3449//5 3455//5 3450//5
f 3456//6 3451//6 3452//6
f 3456//6 3454//6 3451//6
f 3457//3 3458//3 3459//3
f 3459//3 3458//3 3460//3
f 3461//4 3459//4 3462//4
f 3461//4 3457//4 3459//4
f 3463//1 3461//1 3464//1
f 3464//1 3461//1 3462//1
f 3458//2 3464//2 3460//2
f 3458//2 3463//2 3464//2
f 3461//5 3463//5 3457//5
f 3457//5 3463//5 3458//5
f 3464//6 3459//6 3460//6
f 3464//6 3462//6 3459//6
f 3465//3 3466//3 3467//3
f 3467//3 3466//3 3468//3
f 3469//4 3467//4 3470//4
f 3469//4 3465//4 3467//4
f 3471//1 3469//1 3472//1
f 3472//1 3469//1 3470//1
f 3466//2 3472//2 3468//2
f 3466//2 3471//2 3472//2
f 3469//5 3471//5 3465//5
f 3465//5 3471//5 3466//5
f 3472//6 3467//6 3468//6
f 3472//6 3470//6 3467//6
f 3473//3 3474//3 3475//3
f 3475//3 3474//3 3476//3
f 3477//4 3475//4 3478//4
f 3477//4 3473//4 3475//4
f 3479//1 3477//1 3480//1
f 3480//1 3477//1 3478//1
f 3474//2 3480//2 3476//2
f 3474//2 3479//2 3480//2
f 3477//5 3479//5 3473//5
f 3473//5 3479//5 3474//5
f 3480//6 3475//6 3476//6
f 3480//6 3478//6 3475//6
f 3481//3 3482//3 3483//3
f 3483//3 3482//3 3484//3
f 3485//4 3483//4 3486//4
f 3485//4 3481//4 3483//4
f 3487//1 3485//1 3488//1
f 3488//1 3485//1 3486//1
f 3482//2 3488//2 3484//2
f 3482//2 3487//2 3488//2
f 3485//5 3487//5 3481//5
f 3481//5 3487//5 3482//5
f 3488//6 3483//6 3484//6
f 3488//6 3486//6 3483//6
f 3489//3 3490//3 3491//3
f 3491//3 3490//3 3492//3
f 3493//4 3491//4 3494//4
f 3493//4 3489//4 3491//4
f 3495//1 3493//1 3496//1
f 3496//1 3493//1 3494//1
f 3490//2 3496//2 3492//2
f 3490//2 3495//2 3496//2
f 3493//5 3495//5 3489//5
f 3489//5 3495//5 3490//5
f 3496//6 3491//6 3492//6
f 3496//6 3494//6 3491//6
f 3497//3 3498//3 3499//3
f 3499//3 3498//3 3500//3
f 3501//4 3499//4 3502//4
f 3501//4 3497//4 3499//4
f 3503//1 3501//1 3504//1
f 3504//1 3501//1 3502//1
f 3498//2 3504//2 3500//2
f 3498//2 3503//2 3504//2
f 3501//5 3503//5 3497//5
f 3497//5 3503//5 3498//5
f 3504//6 3499//6 3500//6
f 3504//6 3502//6 3499//6
f 3505//3 3506//3 3507//3
f 3507//3 3506//3 3508//3
f 3509//4 3507//4 3510//4
f 3509//4 3505//4 3507//4
f 3511//1 3509//1 3512//1
f 3512//1 3509//1 3510//1
f 3506//2 3512//2 3508//2
f 3506//2 3511//2 3512//2
f 3509//5 3511//5 3505//5
f 3505//5 3511//5 3506//5
f 3512//6 3507//6 3508//6
f 3512//6 3510//6 3507//6
f 3513//3 3514//3 3515//3
f 3515//3 3514//3 3516//3
f 3517//4 3515//4 3518//4
f 3517//4 3513//4 3515//4
f 3519//1 3517//1 3520//1
f 3520//1 3517//1 3518//1
f 3514//2 3520//2 3516//2
f 3514//2 3519//2 3520//2
f 3517//5 3519//5 3513//5
f 3513//5 3519//5 3514//5
f 3520//6 3515//6 3516//6
f 3520//6 3518//6 3515//6
f 3521//3 3522//3 3523//3
f 3523//3 3522//3 3524//3
f 3525//4 3523//4 3526//4
f 3525//4 3521//4 3523//4
f 3527//1 3525//1 3528//1
f 3528//1 3525//1 3526//1
f 3522//2 3528//2 3524//2
f 3522//2 3527//2 3528//2
f 3525//5 3527//5 3521//5
f 3521//5 3527//5 3522//5
f 3528//6 3523//6 3524//6
f 3528//6 3526//6 3523//6
f 3529//3 3530//3 3531//3
f 3531//3 3530//3 3532//3
f 3533//4 3531//4 3534//4
f 3533//4 3529//4 3531//4
f 3535//1 3533//1 3536//1
f 3536//1 3533//1 3534//1
f 3530//2 3536//2 3532//2
f 3530//2 3535//2 3536//2
f 3533//5 3535//5 3529//5
f 3529//5 3535//5 3530//5
f 3536//6 3531//6 3532//6
f 3536//6 3534//6 3531//6
f 3537//3 3538//3 3539//3
f 3539//3 3538//3 3540//3
f 3541//4 3539//4 3542//4
f 3541//4 3537//4 3539//4
f 3543//1 3541//1 3544//1
f 3544//1 3541//1 3542//1
f 3538//2 3544//2 3540//2
f 3538//2 3543//2 3544//2
f 3541//5 3543//5 3537//5
f 3537//5 3543//5 3538//5
f 3544//6 3539//6 3540//6
f 3544//6 3542//6 3539//6
f 3545//3 3546//3 3547//3
f 3547//3 3546//3 3548//3
f 3549//4 3547//4 3550//4
f 3549//4 3545//4 3547//4
f 3551//1 3549//1 3552//1
f 3552//1 3549//1 3550//1
f 3546//2 3552//2 3548//2
f 3546//2 3551//2 3552//2
f 3549//5 3551//5 3545//5
f 3545//5 3551//5 3546//5
f 3552//6 3547//6 3548//6
f 3552//6 3550//6 3547//6
f 3553//3 3554//3 3555//3
f 3555//3 3554//3 3556//3
f 3557//4 3555//4 3558//4
f 3557//4 3553//4 3555//4
f 3559//1 3557//1 3560//1
f 3560//1 3557//1 3558//1
f 3554//2 3560//2 3556//2
f 3554//2 3559//2 3560//2
f 3557//5 3559//5 3553//5
f 3553//5 3559//5 3554//5
f 3560//6 3555//6 3556//6
f 3560//6 3558//6 3555//6
f 3561//3 3562//3 3563//3
f 3563//3 3562//3 3564//3
f 3565//4 3563//4 3566//4
f 3565//4 3561//4 3563//4
f 3567//1 3565//1 3568//1
f 3568//1 3565//1 3566//1
f 3562//2 3568//2 3564//2
f 3562//2 3567//2 3568//2
f 3565//5 3567//5 3561//5
f 3561//5 3567//5 3562//5
f 3568//6 3563//6 3564//6
f 3568//6 3566//6 3563//6
f 3569//1 3570//1 3571//1
f 3571//1 3570//1 3572//1
f 3573//4 3571//4 3574//4
f 3573//4 3569//4 3571//4
f 3575//3 3573//3 3576//3
f 3576//3 3573//3 3574//3
f 3570//2 3576//2 3572//2
f 3570//2 3575//2 3576//2
f 3573//6 3575//6 3569//6
f 3569//6 3575//6 3570//6
f 3576//5 3571//5 3572//5
f 3576//5 3574//5 3571//5
f 3577//1 3578//1 3579//1
f 3579//1 3578//1 3580//1
f 3581//4 3579//4 3582//4
f 3581//4 3577//4 3579//4
f 3583//3 3581//3 3584//3
f 3584//3 3581//3 3582//3
f 3578//2 3584//2 3580//2
f 3578//2 3583//2 3584//2
f 3581//6 3583//6 3577//6
f 3577//6 3583//6 3578//6
f 3584//5 3579//5 3580//5
f 3584//5 3582//5 3579//5
f 3585//1 3586//1 3587//1
f 3587//1 3586//1 3588//1
f 3589//4 3587//4 3590//4
f 3589//4 3585//4 3587//4
f 3591//3 3589//3 3592//3
f 3592//3 3589//3 3590//3
f 3586//2 3592//2 3588//2
f 3586//2 3591//2 3592//2
f 3589//6 3591//6 3585//6
f 3585//6 3591//6 3586//6
f 3592//5 3587//5 3588//5
f 3592//5 3590//5 3587//5
f 3593//1 3594//1 3595//1
f 3595//1 3594//1 3596//1
f 3597//4 3595//4 3598//4
f 3597//4 3593//4 3595//4
f 3599//3 3597//3 3600//3
f 3600//3 3597//3 3598//3
f 3594//2 3600//2 3596//2
f 3594//2 3599//2 3600//2
f 3597//6 3599//6 3593//6
f 3593//6 3599//6 3594//6
f 3600//5 3595//5 3596//5
f 3600//5 3598//5 3595//5
f 3601//1 3602//1 3603//1
f 3603//1 3602//1 3604//1
f 3605//4 3603//4 3606//4
f 3605//4 3601//4 3603//4
f 3607//3 3605//3 3608//3
f 3608//3 3605//3 3606//3
f 3602//2 3608//2 3604//2
f 3602//2 3607//2 3608//2
f 3605//6 3607//6 3601//6
f 3601//6 3607//6 3602//6
f 3608//5 3603//5 3604//5
f 3608//5 3606//5 3603//5
f 3609//1 3610//1 3611//1
f 3611//1 3610//1 3612//1
f 3613//4 3611//4 3614//4
f 3613//4 3609//4 3611//4
f 3615//3 3613//3 3616//3
f 3616//3 3613//3 3614//3
f 3610//2 3616//2 3612//2
f 3610//2 3615//2 3616//2
f 3613//6 3615//6 3609//6
f 3609//6 3615//6 3610//6
f 3616//5 3611//5 3612//5
f 3616//5 3614//5 3611//5
f 3617//1 3618//1 3619//1
f 3619//1 3618//1 3620//1
f 3621//4 3619//4 3622//4
f 3621//4 3617//4 3619//4
f 3623//3 3621//3 3624//3
f 3624//3 3621//3 3622//3
f 3618//2 3624//2 3620//2
f 3618//2 3623//2 3624//2
f 3621//6 3623//6 3617//6
f 3617//6 3623//6 3618//6
f 3624//5 3619//5 3620//5
f 3624//5 3622//5 3619//5
f 3625//1 3626//1 3627//1
f 3627//1 3626//1 3628//1
f 3629//4 3627//4 3630//4
f 3629//4 3625//4 3627//4
f 3631//3 3629//3 3632//3
f 3632//3 3629//3 3630//3
f 3626//2 3632//2 3628//2
f 3626//2 3631//2 3632//2
f 3629//6 3631//6 3625//6
f 3625//6 3631//6 3626//6
f 3632//5 3627//5 3628//5
f 3632//5 3630//5 3627//5
f 3633//1 3634//1 3635//1
f 3635//1 3634//1 3636//1
f 3637//4 3635//4 3638//4
f 3637//4 3633//4 3635//4
f 3639//3 3637//3 3640//3
f 3640//3 3637//3 3638//3
f 3634//2 3640//2 3636//2
f 3634//2 3639//2 3640//2
f 3637//6 3639//6 3633//6
f 3633//6 3639//6 3634//6
f 3640//5 3635//5 3636//5
f 3640//5 3638//5 3635//5
f 3641//1 3642//1 3643//1
f 3643//1 3642//1 3644//1
f 3645//4 3643//4 3646//4
f 3645//4 3641//4 3643//4
f 3647//3 3645//3 3648//3
f 3648//3 3645//3 3646//3
f 3642//2 3648//2 3644//2
f 3642//2 3647//2 3648//2
f 3645//6 3647//6 3641//6
f 3641//6 3647//6 3642//6
f 3648//5 3643//5 3644//5
f 3648//5 3646//5 3643//5
f 3649//1 3650//1 3651//1
f 3651//1 3650//1 3652//1
f 3653//4 3651//4 3654//4
f 3653//4 3649//4 3651//4
f 3655//3 3653//3 3656//3
f 3656//3 3653//3 3654//3
f 3650//2 3656//2 3652//2
f 3650//2 3655//2 3656//2
f 3653//6 3655//6 3649//6
f 3649//6 3655//6 3650//6
f 3656//5 3651//5 3652//5
f 3656//5 3654//5 3651//5
f 3657//1 3658//1 3659//1
f 3659//1 3658//1 3660//1
f 3661//4 3659//4 3662//4
f 3661//4 3657//4 3659//4
f 3663//3 3661//3 3664//3
f 3664//3 3661//3 3662//3
f 3658//2 3664//2 3660//2
f 3658//2 3663//2 3664//2
f 3661//6 3663//6 3657//6
f 3657//6 3663//6 3658//6
f 3664//5 3659//5 3660//5
f 3664//5 3662//5 3659//5
f 3665//1 3666//1 3667//1
f 3667//1 3666//1 3668//1
f 3669//4 3667//4 3670//4
f 3669//4 3665//4 3667//4
f 3671//3 3669//3 3672//3
f 3672//3 3669//3 3670//3
f 3666//2 3672//2 3668//2
f 3666//2 3671//2 3672//2
f 3669//6 3671//6 3665//6
f 3665//6 3671//6 3666//6
f 3672//5 3667//5 3668//5
f 3672//5 3670//5 3667//5
f 3673//1 3674//1 3675//1
f 3675//1 3674//1 3676//1
f 3677//4 3675//4 3678//4
f 3677//4 3673//4 3675//4
f 3679//3 3677//3 3680//3
f 3680//3 3677//3 3678//3
f 3674//2 3680//2 3676//2
f 3674//2 3679//2 3680//2
f 3677//6 3679//6 3673//6
f 3673//6 3679//6 3674//6
f 3680//5 3675//5 3676//5
f 3680//5 3678//5 3675//5
f 3681//1 3682//1 3683//1
f 3683//1 3682//1 3684//1
f 3685//4 3683//4 3686//4
f 3685//4 3681//4 3683//4
f 3687//3 3685//3 3688//3
f 3688//3 3685//3 3686//3
f 3682//2 3688//2 3684//2
f 3682//2 3687//2 3688//2
f 3685//6 3687//6 3681//6
f 3681//6 3687//6 3682//6
f 3688//5 3683//5 3684//5
f 3688//5 3686//5 3683//5
f 3689//1 3690//1 3691//1
f 3691//1 3690//1 3692//1
f 3693//4 3691//4 3694//4
f 3693//4 3689//4 3691//4
f 3695//3 3693//3 3696//3
f 3696//3 3693//3 3694//3
f 3690//2 3696//2 3692//2
f 3690//2 3695//2 3696//2
f 3693//6 3695//6 3689//6
f 3689//6 3695//6 3690//6
f 3696//5 3691//5 3692//5
f 3696//5 3694//5 3691//5
f 3697//1 3698//1 3699//1
f 3699//1 3698//1 3700//1
f 3701//4 3699//4 3702//4
f 3701//4 3697//4 3699//4
f 3703//3 3701//3 3704//3
f 3704//3 3701//3 3702//3
f 3698//2 3704//2 3700//2
f 3698//2 3703//2 3704//2
f 3701//6 3703//6 3697//6
f 3697//6 3703//6 3698//6
f 3704//5 3699//5 3700//5
f 3704//5 3702//5 3699//5
f 3705//1 3706//1 3707//1
f 3707//1 3706//1 3708//1
f 3709//4 3707//4 3710//4
f 3709//4 3705//4 3707//4
f 3711//3 3709//3 3712//3
f 3712//3 3709//3 3710//3
f 3706//2 3712//2 3708//2
f 3706//2 3711//2 3712//2
f 3709//6 3711//6 3705//6
f 3705//6 3711//6 3706//6
f 3712//5 3707//5 3708//5
f 3712//5 3710//5 3707//5
f 3713//1 3714//1 3715//1
f 3715//1 3714//1 3716//1
f 3717//4 3715//4 3718//4
f 3717//4 3713//4 3715//4
f 3719//3 3717//3 3720//3
f 3720//3 3717//3 3718//3
f 3714//2 3720//2 3716//2
f 3714//2 3719//2 3720//2
f 3717//6 3719//6 3713//6
f 3713//6 3719//6 3714//6
f 3720//5 3715//5 3716//5
f 3720//5 3718//5 3715//5
f 3721//1 3722//1 3723//1
f 3723//1 3722//1 3724//1
f 3725//4 3723//4 3726//4
f 3725//4 3721//4 3723//4
f 3727//3 3725//3 3728//3
f 3728//3 3725//3 3726//3
f 3722//2 3728//2 3724//2
f 3722//2 3727//2 3728//2
f 3725//6 3727//6 3721//6
f 3721//6 3727//6 3722//6
f 3728//5 3723//5 3724//5
f 3728//5 3726//5 3723//5
f 3729//1 3730//1 3731//1
f 3731//1 3730//1 3732//1
f 3733//4 3731//4 3734//4
f 3733//4 3729//4 3731//4
f 3735//3 3733//3 3736//3
f 3736//3 3733//3 3734//3
f 3730//2 3736//2 3732//2
f 3730//2 3735//2 3736//2
f 3733//6 3735//6 3729//6
f 3729//6 3735//6 3730//6
f 3736//5 3731//5 3732//5
f 3736//5 3734//5 3731//5
f 3737//1 3738//1 3739//1
f 3739//1 3738//1 3740//1
f 3741//4 3739//4 3742//4
f 3741//4 3737//4 3739//4
f 3743//3 3741//3 3744//3
f 3744//3 3741//3 3742//3
f 3738//2 3744//2 3740//2
f 3738//2 3743//2 3744//2
f 3741//6 3743//6 3737//6
f 3737//6 3743//6 3738//6
f 3744//5 3739//5 3740//5
f 3744//5 3742//5 3739//5
f 3745//1 3746//1 3747//1
f 3747//1 3746//1 3748//1
f 3749//4 3747//4 3750//4
f 3749//4 3745//4 3747//4
f 3751//3 3749//3 3752//3
f 3752//3 3749//3 3750//3
f 3746//2 3752//2 3748//2
f 3746//2 3751//2 3752//2
f 3749//6 3751//6 3745//6
f 3745//6 3751//6 3746//6
f 3752//5 3747//5 3748//5
f 3752//5 3750//5 3747//5
f 3753//1 3754//1 3755//1
f 3755//1 3754//1 3756//1
f 3757//4 3755//4 3758//4
f 3757//4 3753//4 3755//4
f 3759//3 3757//3 3760//3
f 3760//3 3757//3 3758//3
f 3754//2 3760//2 3756//2
f 3754//2 3759//2 3760//2
f 3757//6 3759//6 3753//6
f 3753//6 3759//6 3754//6
f 3760//5 3755//5 3756//5
f 3760//5 3758//5 3755//5
f 3761//1 3762//1 3763//1
f 3763//1 3762//1 3764//1
f 3765//4 3763//4 3766//4
f 3765//4 3761//4 3763//4
f 3767//3 3765//3 3768//3
f 3768//3 3765//3 3766//3
f 3762//2 3768//2 3764//2
f 3762//2 3767//2 3768//2
f 3765//6 3767//6 3761//6
f 3761//6 3767//6 3762//6
f 3768//5 3763//5 3764//5
f 3768//5 3766//5 3763//5
usemtl mat2
f 3769//1 3770//1 3771//1
f 3771//1 3770//1 3772//1
f 3773//2 3769//2 3774//2
f 3774//2 3769//2 3771//2
f 3775//3 3773//3 3776//3
f 3776//3 3773//3 3774//3
f 3770//4 3775//4 3772//4
f 3772//4 3775//4 3776//4
f 3773//5 3775//5 3769//5
f 3769//5 3775//5 3770//5
f 3776//6 3771//6 3772//6
f 3776//6 3774//6 3771//6
f 3777//1 3778//1 3779//1
f 3779//1 3778//1 3780//1
f 3781//2 3777//2 3782//2
f 3782//2 3777//2 3779//2
f 3783//3 3781//3 3784//3
f 3784//3 3781//3 3782//3
f 3778//4 3783//4 3780//4
f 3780//4 3783//4 3784//4
f 3781//5 3783//5 3777//5
f 3777//5 3783//5 3778//5
f 3784//6 3779//6 3780//6
f 3784//6 3782//6 3779//6
f 3785//1 3786//1 3787//1
f 3787//1 3786//1 3788//1
f 3789//2 3785//2 3790//2
f 3790//2 3785//2 3787//2
f 3791//3 3789//3 3792//3
f 3792//3 3789//3 3790//3
f 3786//4 3791//4 3788//4
f 3788//4 3791//4 3792//4
f 3789//5 3791//5 3785//5
f 3785//5 3791//5 3786//5
f 3792//6 3787//6 3788//6
f 3792//6 3790//6 3787//6
f 3793//1 3794//1 3795//1
f 3795//1 3794//1 3796//1
f 3797//2 3793//2 3798//2
f 3798//2 3793//2 3795//2
f 3799//3 3797//3 3800//3
f 3800//3 3797//3 3798//3
f 3794//4 3799//4 3796//4
f 3796//4 3799//4 3800//4
f 3797//5 3799//5 3793//5
f 3793//5 3799//5 3794//5
f 3800//6 3795//6 3796//6
f 3800//6 3798//6 3795//6
f 3801//1 3802//1 3803//1
f 3803//1 3802//1 3804//1
f 3805//2 3801//2 3806//2
f 3806//2 3801//2 3803//2
f 3807//3 3805//3 3808//3
f 3808//3 3805//3 3806//3
f 3802//4 3807//4 3804//4
f 3804//4 3807//4 3808//4
f 3805//5 3807//5 3801//5
f 3801//5 3807//5 3802//5
f 3808//6 3803//6 3804//6
f 3808//6 3806//6 3803//6
